Unnamed: 0,Title,Desc,Type,BodyPart,Equipment,Level,Rating,RatingDesc
0,Partner plank band row,"Partner Plank Band Row to ćwiczenie brzucha, w którym dwóch partnerów wykonuje deski jednoramienne, jednocześnie ciągnąc przeciwne końce zespołu ćwiczeń.Ta technika może być wykonana dla czasu lub powtórzeń podczas każdego treningu zorientowanego na A.",Strength Training,Abdominals,Bands,Intermediate,0.0,
1,Banded crunch isometric hold,"Zebrane chrupiące izometryczne wstrzymanie to ćwiczenie ukierunkowane na mięśnie brzucha, szczególnie mięśnie odbytnicy lub mięśnie „sześciopakowe”.Pasmo dodaje oporu i ciągłego napięcia do tego popularnego ćwiczenia.",Strength Training,Abdominals,Bands,Intermediate,,
2,FYR Banded Plank Jack,"Zebrana deska gniazda to odmiana deski, która polega na przeniesieniu nóg do powtórzeń.Posiadanie opaski wokół ud zmusza do dolnej części ciała do cięższej pracy, szczególnie bioder i pośladków.Wnioskodka deska jest powszechnie wykonywana jako część obwodu masy ciała lub jako część dynamicznego rozgrzewki.",Strength Training,Abdominals,Bands,Intermediate,,
3,Banded crunch,"Zebrany kryzys jest ćwiczeniem skierowanym do mięśni brzucha, zwłaszcza mięśni odbytnicy lub mięśni „sześciopakowych”.Pasmo dodaje oporu i ciągłego napięcia do tego popularnego ćwiczenia.",Strength Training,Abdominals,Bands,Intermediate,,
4,Crunch,"Chrupnięcie jest popularnym podstawowym ćwiczeniem ukierunkowanym na brzuch odbytnicy, czyli mięśnie „sześciopak”, a także skośne.Był to centralny punkt wielu treningów skoncentrowanych na A, ze względu na jego prostotę, jak i intensywne połączenie oparzenia i mięśnia, które wytwarza.Można go wykonywać dla czasu lub powtórzeń w ramach zorientowanej na A części każdego treningu.",Strength Training,Abdominals,Bands,Intermediate,,
5,Decline band press sit-up,"Sit-U-U-U-U-U-U-U-U-U-U-Ups Band-Core Ćwiczenie, które wykonuje mięśnie brzuszne odbytnicy lub „sześciopakowe”, a także mięśnie głębokiego rdzenia.Opodatkuje również mięśnie ramion i górnej części pleców.Syt-U-U-U-Uping z dodatkową rezystancją są zwykle wykonywane dla umiarkowanych do wysokich powtórzeń, takich jak 8-12 powtórzeń na zestaw lub więcej, w ramach skoncentrowanej na rdzeniu części treningu.",Strength Training,Abdominals,Bands,Intermediate,,
6,FYR2 Banded Frog Pump,,Strength Training,Abdominals,Bands,Intermediate,,
7,Band low-to-high twist,"Pasmo niskie do wysokiego skrętu jest podstawowym ćwiczeniem ukierunkowanym na górne brzuch i ukośne.Uważaj, aby wykonać go z kontrolą, ponieważ szybkie, niekontrolowane skręcanie może zranić kręgosłup.Zazwyczaj wykonuje się to dla umiarkowanych do wysokich powtórzeń, co najmniej 8-15 na stronę, w ramach skoncentrowanej na rdzeniu części treningu.",Strength Training,Abdominals,Bands,Intermediate,,
8,Barbell roll-out,"Wdrożenie Barbell to ćwiczenie brzucha, które wykorzystuje sztangę w miejscu rolki AB.Jest najlepiej wykonany z sztangą, która ma obracające się kołnierze i jest uważane za trudniejsze niż inne warianty rolkowe AB.Wielu podnośników może na początku nie być w stanie wykonać jednego przedstawiciela, ale kiedy będą mogli je wykonać dla przedstawicieli, zostaną nagrodzone poważnym rdzeniem.",Strength Training,Abdominals,Barbell,Intermediate,8.9,Average
9,Barbell Ab Rollout - On Knees,"Wdrożenie Barbell to ćwiczenie brzucha, które wykorzystuje sztangę w miejscu rolki AB.Jest najlepiej wykonany z sztangą, która ma obracające się kołnierze i jest uważane za trudniejsze niż inne warianty rolkowe AB.Wielu podnośników może na początku nie być w stanie wykonać jednego przedstawiciela, ale kiedy będą mogli je wykonać dla przedstawicieli, zostaną nagrodzone poważnym rdzeniem.",Strength Training,Abdominals,Barbell,Intermediate,8.9,Average
10,Decline bar press sit-up,"Sit-upa prasowa prasowa jest ważonym ćwiczeniem rdzeniowym ukierunkowanym na mięśnie brzuszne, szczególnie niższe ABS.Przesunięcie ciężaru rzuca także ramiona i górną część pleców.Ważone warianty sit-up są zwykle wykonywane dla umiarkowanych do wysokich powtórzeń, takich jak 8-12 powtórzeń na zestaw lub więcej, w ramach części treningu skoncentrowanego na rdzeniu.",Strength Training,Abdominals,Barbell,Intermediate,8.5,Average
11,Bench barbell roll-out,"Wdrożenie sztandarowe to trudne ćwiczenie ukierunkowane na brzuch.Jest podobny do używania rolki AB, ale użycie sztangi pozwala na szerszy uchwyt.Umieszczenie kolan na ławce, a nie na podłodze, utrudnia ten ruch poprzez zwiększenie wyzwania w górnej części ciała.",Strength Training,Abdominals,Barbell,Beginner,8.3,Average
12,Barbell Side Bend,,Strength Training,Abdominals,Barbell,Beginner,7.0,Average
13,Seated bar twist,"Siedzący skręt barowy jest podstawowym ćwiczeniem mającym na celu wzmocnienie ukośników.Często jest wykonywany dla wysokich powtórzeń o stosunkowo lekkiej masie, takich jak pusta sztangę, lekki pręt o stałej masie, a nawet rura PCV.Można go wykonać podczas treningu, pod koniec treningu lub poza siłownią, aby zbudować siłę i odporność rdzenia.",Strength Training,Abdominals,Barbell,Intermediate,4.7,Average
14,Single-arm landmine pull and press,"Pojedyncze wyciąganie i naciśnięcie lądowania jednoramiennego jest wybuchowym ruchem obrotowym za pomocą sztangi zakotwiczonej w urządzeniu do lądowania.Łączy ściągnięcie podłogi z obrotem i wykończa prasą.Zazwyczaj wykonuje się to dla niskich powtórzeń na zestaw z naciskiem na prędkość i formę, a nie poruszając ciężką.",Strength Training,Abdominals,Barbell,Intermediate,,
15,Barbell Ab Roll Out - Gethin Variation,"Wdrożenie Barbell to ćwiczenie brzucha, które wykorzystuje sztangę w miejscu rolki AB.Jest najlepiej wykonany z sztangą, która ma obracające się kołnierze i jest uważane za trudniejsze niż inne warianty rolkowe AB.Wielu podnośników może na początku nie być w stanie wykonać jednego przedstawiciela, ale kiedy będą mogli je wykonać dla przedstawicieli, zostaną nagrodzone poważnym rdzeniem.",Strength Training,Abdominals,Barbell,Intermediate,,
16,30 Barbell Floor Wiper,"Wierpa podłogowa Barbell jest podstawowym ćwiczeniem, w którym sztanga jest trzymana w zamkniętej pozycji prasy podłogowej, a biodra i nogi są obracane na bok.Kieruje się na skośne mięśnie brzucha bocznego, ale jest również poważnie trudne dla głębokiego rdzenia i brzucha odbytnicy lub mięśni „sześciopakowych”.",Strength Training,Abdominals,Barbell,Intermediate,,
17,30 Barbell Roll-Out,"Wdrożenie Barbell to ćwiczenie brzucha, które wykorzystuje sztangę w miejscu rolki AB.Jest najlepiej wykonany z sztangą, która ma obracające się kołnierze i jest uważane za trudniejsze niż inne warianty rolkowe AB.Wielu podnośników może na początku nie być w stanie wykonać jednego przedstawiciela, ale kiedy będą mogli je wykonać dla przedstawicieli, zostaną nagrodzone poważnym rdzeniem.",Strength Training,Abdominals,Barbell,Intermediate,,
18,Decline plate sit-up,"Syt-up spadku jest ważonym ćwiczeniem rdzeniowym, który działa mięśnie brzuszne odbytnicy lub „sześciopakowe”, a także mięśnie głębokiego rdzenia.Ważone warianty sit-up są zwykle wykonywane dla umiarkowanych do wysokich powtórzeń, takich jak 8-12 powtórzeń na zestaw lub więcej, w ramach części treningu skoncentrowanego na rdzeniu.",Strength Training,Abdominals,Barbell,Intermediate,,
19,KV Barbell Hip Thrust,,Strength Training,Abdominals,Barbell,Intermediate,,
20,Advanced Kettlebell Windmill,,Strength Training,Abdominals,Kettlebells,Beginner,8.3,Average
21,Kettlebell Windmill,Windmill Singlettlebell to dynamiczne ćwiczenie kettlebell podkreślające siłę rdzenia oraz mobilność i stabilność bioder i stabilność.Jest często stosowany jako funkcjonalny rozgrzewka lub do wielokierunkowej pracy siłowej.Nie działa tak dobrze w MetCon lub warunkowym i nie należy go wykonywać pod intensywnym zmęczeniem.,Strength Training,Abdominals,Kettlebells,Intermediate,7.7,Average
22,Kettlebell Pass Between The Legs,,Strength Training,Abdominals,Kettlebells,Beginner,7.3,Average
23,Kettlebell 3-point leg extension,"3-punktowe przedłużenie nogi Kettlebell to dynamiczne ćwiczenie rdzeniowe wykonywane wokół i nad kettlebell lub inny krótki, stacjonarny obiekt.Jest pod pewnymi względami podobny do kryzysu V-UP lub odwrotnego, ale celuje zarówno o ukośne, jak i odbytnicze mięśnie brzuszne lub „sześciopakowe”.Można to wykonywać dla powtórzeń lub czasu, zwykle podczas dedykowanego treningu AB lub w ramach treningu kettlebell i obwodu ciała.",Strength Training,Abdominals,Kettlebells,Intermediate,0.0,
24,Double Kettlebell Swing,,Strength Training,Abdominals,Kettlebells,Intermediate,,
25,Burpee over kettlebell,"Burpee nad Kettlebell to bardziej zaawansowana wersja popularnego ćwiczenia uwarunkowania.Jeśli wykonujesz obwód, który ma już zarówno burpee, jak i ruchy kettlebell, jest to prosty sposób na dostarczenie nowego bodźca dla mięśni dolnej części ciała i stworzenie bardziej atletyczny styl treningu.",Strength Training,Abdominals,Kettlebells,Intermediate,,
26,Kettlebell toe-touch,"Kettlebell Touch-Touch to trudniejsza wersja bardzo popularnego ruchu brzucha zwykle wykonywanego dla wysokich powtórzeń.Proste dodanie wagi sprawia, że ​​u nogi utrudnia się u nogi, zapewniając inny bodziec do rdzenia podczas treningu.",Strength Training,Abdominals,Kettlebells,Intermediate,,
27,Kettlebell swing,"Huśtawka Kettlebell to popularne ćwiczenie dolnego ciała podkreślające ścięgna, pośladki i mięśnie pleców.Często jest używany do szkolenia mocy wybuchowej, do kondycjonowania aerobowego lub sercowo -naczyniowego, w szkoleniu obwodowym lub jako ruch akcesoriów do martwego ciąży.",Strength Training,Abdominals,Kettlebells,Intermediate,,
28,Two-way swing,"Dwukierunkowa huśtawka Kettlebell to ćwiczenie, które naprzemiennie huśtawka kettlebell w klatce piersiowej (czasami nazywana huśtawką „rosyjską” lub „hardstyle”) z huśtawką Kettlebell (czasem nazywaną „amerykańskim” huśtawką).Obie zmiany huśtawki działają wiele takich samych mięśni, takich jak ścięgna, pośladki i rdzeń, ale ponieważ waga musi podróżować dalej w huśtawce napowietrznej, jest nieco bardziej wymagający metabolicznie i pracuje bardziej na górnej części pleców i ramionach.Ta kombinacja może być wykonywana dla czasu lub powtórzeń i działa szczególnie dobrze w treningu w stylu obwodowym lub całego ciała.Jeśli nie możesz wykonywać huśtawki napowietrznej bez bólu dolnej lub ramion, po prostu wykonaj huśtawkę o wysokości klatki piersiowej.",Strength Training,Abdominals,Kettlebells,Intermediate,,
29,Kettlebell crab reach,"Kettlebell Crab Reach to ćwiczenie naciskające kettlebell, w którym podnośnik naciska na głowę kettlebell w zmodyfikowanej pozycji mostu jednoramiennego.Proste dodanie wagi sprawia, że ​​zasięg jest znacznie trudniejszy, rzucając wyzwanie mięśni pleców, ramion, pośladków i rdzenia.",Strength Training,Abdominals,Kettlebells,Intermediate,,
30,Taylor Single-Arm Kettlebell Swing,,Strength Training,Abdominals,Kettlebells,Intermediate,,
31,Holman Kettlebell Up to Elbow Down,,Strength Training,Abdominals,Kettlebells,Intermediate,,
32,FYR2 Double-Kettlebell Ski,,Strength Training,Abdominals,Kettlebells,Intermediate,,
33,FYR2 Kettlebell Hike,,Strength Training,Abdominals,Kettlebells,Intermediate,,
34,FYR2 Kettlebell Cross-Body Catch,,Strength Training,Abdominals,Kettlebells,Intermediate,,
35,FYR2 Kettlebell Duck Walk,,Strength Training,Abdominals,Kettlebells,Intermediate,,
36,FYR2 Kettlebell Get-Up Reach,,Strength Training,Abdominals,Kettlebells,Intermediate,,
37,FYR2 Kettlebell Juggle,,Strength Training,Abdominals,Kettlebells,Intermediate,,
38,FYR2 Squat-Clean-Alternating-Press Complex,,Strength Training,Abdominals,Kettlebells,Intermediate,,
39,Dumbbell V-Sit Cross Jab,"Szczyt krzyżowy Vant V-SIT to ruch hybrydowy, który jednocześnie trenuje mięśnie brzuszne i barkowe.Może zająć się wieloma grupami mięśni w efektywnym czasie budowaniu mięśni lub treningu w stylu obwodów, jednocześnie zapewniając wyzwanie sercowo-naczyniowe.",Strength Training,Abdominals,Dumbbell,Intermediate,9.3,Average
40,Dumbbell spell caster,"Caster zaklęcia hantli to ćwiczenie, które przede wszystkim atakuje mięśnie brzuszne, takie jak skośne.Jednak działa również na ramiona, plecy, biodra i nogi i wymaga, aby wszystkie te mięśnie współpracują ze skoordynowanym ruchem.Zazwyczaj wykonuje się to ze stosunkowo lekkimi ciężarami dla umiarkowanych do wysokich powtórzeń, co najmniej 8-12 powtórzeń na stronę.Pamiętaj, aby używać tylko wagi, którą możesz kontrolować.",Strength Training,Abdominals,Dumbbell,Beginner,9.3,Average
41,Dumbbell side bend,"Zgrywa z hantli jest popularnym ćwiczeniem do atakowania ukośnych mięśni brzucha.Zwykle wykonuje się to dla stosunkowo wysokich powtórzeń, co najmniej 8-12 powtórzeń na zestaw lub więcej.Można go wykonywać jedną stronę na raz lub na przemian.",Strength Training,Abdominals,Dumbbell,Intermediate,8.6,Average
42,Dumbbell crunch,"Crunch hantli to trudniejsza wersja bardzo popularnego ruchu brzucha.Proste dodanie wagi sprawia, że ​​kryzys jest znacznie trudniejszy, zapewniając inny bodziec do rdzenia podczas treningu.",Strength Training,Abdominals,Dumbbell,Intermediate,,
43,Dumbbell Fix Dumbbell Sprawl,,Strength Training,Abdominals,Dumbbell,Intermediate,,
44,Dumbbell Fix Alternating Renegade Row,,Strength Training,Abdominals,Dumbbell,Intermediate,,
45,Dumbbell Fix Dumbbell Mountain Climber,,Strength Training,Abdominals,Dumbbell,Intermediate,,
46,Dumbbell Fix Dumbbell Russian Twist,,Strength Training,Abdominals,Dumbbell,Intermediate,,
47,Dumbbell Fix Dumbbell Pull-Over,,Strength Training,Abdominals,Dumbbell,Intermediate,,
48,Dumbbell Fix Dumbbell Sit-Up,,Strength Training,Abdominals,Dumbbell,Intermediate,,
49,Dumbbell Fix Dumbbell Front Squat,,Strength Training,Abdominals,Dumbbell,Intermediate,,
50,Dumbbell Fix Full Man Maker,,Strength Training,Abdominals,Dumbbell,Intermediate,,
51,Dumbbell T-hold,"Zagładowanie T hantle to ćwiczenie statyczne, które przede wszystkim atakuje ukośne, chociaż działa również w ramionach i górnej części pleców.Obejmuje trzymanie hantli w powietrzu, gdy jest w pozycji bocznej deski.Zazwyczaj wykonuje się to dla trzymów czasowych, chociaż można go wykonywać dynamicznie dla powtórzeń jako deski z obrotem hantli.",Strength Training,Abdominals,Dumbbell,Intermediate,,
52,Dumbbell hollow-body floor press,Prasa podłogowa Hantle Hollow-Body łączy siłę górnego ciała i pracę rdzenia w jednym ruchu.,Strength Training,Abdominals,Dumbbell,Intermediate,,
53,Dumbbell crusher,"Kruszarka hantli to kompleks hantli, który łączy przysiad z lokami hantli, a następnie prasą triceps.Kieruje się na nogi, pośladki, biceps, ramiona i triceps w jednej sekwencji, co czyni go świetnym sposobem na spalenie poważnych kalorii i uderzenie w wiele mięśni w krótkim czasie.Ruchy górnego ciała określi ilość wagi, którą można skutecznie użyć.",Strength Training,Abdominals,Dumbbell,Intermediate,,
54,Dumbbell Crunch - Gethin Variation,"Crunch hantli to trudniejsza wersja bardzo popularnego ruchu brzucha.Proste dodanie wagi sprawia, że ​​kryzys jest znacznie trudniejszy, zapewniając inny bodziec do rdzenia podczas treningu.",Strength Training,Abdominals,Dumbbell,Intermediate,,
55,Single-arm dumbbell crunch,"Kruz hantli jednoramiennej jest trudniejszą wersją bardzo popularnego ruchu brzucha.Dodanie wagi po jednej stronie sprawia, że ​​chrupanie jest znacznie trudniejsze do mięśni odbytnicy lub mięśni „sześciopakowych”, a także skośne i głębokie mięśnie rdzenia.",Strength Training,Abdominals,Dumbbell,Intermediate,,
56,HM Alternating Dumbbell Plank Row,,Strength Training,Abdominals,Dumbbell,Intermediate,,
57,Dumbbell straight-legged hip raise,Hantle z hantlami podnoszącymi biodra działa biodra i pośladki.Wymaga i uczy kontroli ciała i koordynacji.,Strength Training,Abdominals,Dumbbell,Intermediate,,
58,Seated leg tuck with dumbbell,Siedzona noga z hantle to ćwiczenie AB wymagające tylko ławki i hantli.Jest powszechnie wykonywany dla wysokich powtórzeń jako wypalenie pod koniec podstawowego treningu.,Strength Training,Abdominals,Dumbbell,Intermediate,,
59,Dumbbell V-sit cross jab-,"Szczyt krzyżowy Vant V-SIT to ruch hybrydowy, który jednocześnie trenuje mięśnie brzuszne i barkowe.Może zająć się wieloma grupami mięśni w efektywnym czasie budowaniu mięśni lub treningu w stylu obwodów, jednocześnie zapewniając wyzwanie sercowo-naczyniowe.",Strength Training,Abdominals,Dumbbell,Intermediate,,
60,30 Hanging Leg Raise With Dumbbell,,Strength Training,Abdominals,Dumbbell,Intermediate,,
61,Dumbbell Get-Up Sit-Up,,Strength Training,Abdominals,Dumbbell,Expert,,
62,Holman Right Side Plank with Left Triceps Press,,Strength Training,Abdominals,Dumbbell,Intermediate,,
63,Holman Left Side Plank with Right Triceps Press,,Strength Training,Abdominals,Dumbbell,Intermediate,,
64,Holman Boat with Feet Push-Out and Overhead Press,,Strength Training,Abdominals,Dumbbell,Intermediate,,
65,Holman Hovering Plank Row,,Strength Training,Abdominals,Dumbbell,Intermediate,,
66,Holman Weighted Seated Killer Abs to Russian Twist,,Strength Training,Abdominals,Dumbbell,Intermediate,,
67,Holman Straight Plank Dumbbell Reach-Under,,Strength Training,Abdominals,Dumbbell,Intermediate,,
68,Holman Straight-Arm Side Plank Overhead Press to Chest Press,,Strength Training,Abdominals,Dumbbell,Intermediate,,
69,Holman Weighted Burpee to Pike,,Strength Training,Abdominals,Dumbbell,Intermediate,,
70,Holman Straight-Legged Boat Chest Press,,Strength Training,Abdominals,Dumbbell,Intermediate,,
71,Holman Weighted Burpee to Side Delt Raise,,Strength Training,Abdominals,Dumbbell,Intermediate,,
72,Holman Heavy Double Pike,,Strength Training,Abdominals,Dumbbell,Intermediate,,
73,Holman Heavy Double Split Pike,,Strength Training,Abdominals,Dumbbell,Intermediate,,
74,MetaBurn Alternating Dumbbell Sit-Through,,Strength Training,Abdominals,Dumbbell,Intermediate,,
75,MetaBurn Alternating Plank Row With Dumbbell Pull-Through,,Strength Training,Abdominals,Dumbbell,Intermediate,,
76,MetaBurn Alternating Plank Row With Push-Up,,Strength Training,Abdominals,Dumbbell,Intermediate,,
77,MetaBurn Dumbbell Russian Twist,,Strength Training,Abdominals,Dumbbell,Intermediate,,
78,MetaBurn Dumbbell Toe-Touch,,Strength Training,Abdominals,Dumbbell,Intermediate,,
79,MetaBurn Plank To Alternating Row,,Strength Training,Abdominals,Dumbbell,Intermediate,,
80,Standing dumbbell knee crunch-,"Stojący chrupnięcie kolan hantli to świetny sposób na trenowanie mięśni brzucha podczas wstania.Ponadto naraziki są objęte, ponieważ podnośnik trzyma parę hantli nad głową.",Strength Training,Abdominals,Dumbbell,Intermediate,,
81,MetaBurn Plank With Dumbbell Rotation,,Strength Training,Abdominals,Dumbbell,Intermediate,,
82,FYR2 Dumbbell Crab Reach,,Strength Training,Abdominals,Dumbbell,Intermediate,,
83,FYR2 Dumbbell Man-Maker,,Strength Training,Abdominals,Dumbbell,Intermediate,,
84,FYR2 Dumbbell Sit-Up Reach,,Strength Training,Abdominals,Dumbbell,Intermediate,,
85,FYR2 Loaded Beast Sprawl,,Strength Training,Abdominals,Dumbbell,Intermediate,,
86,FYR2 Loaded to Unloaded Beast,,Strength Training,Abdominals,Dumbbell,Intermediate,,
87,Lying Leg Pullover,,Strength Training,Abdominals,Dumbbell,Intermediate,,
88,Landmine twist,"Trick landmin jest obrotowym ruchem brzucha wykonanym przy użyciu kątowej sztangi zakotwiczonej na poziomie podłogi w urządzeniu lądowym.Można go również wykonać, wkładając sztangę w rogu pokoju, najlepiej w ręczniku, aby chronić ściany.Kieruje się na głębokie mięśnie rdzenia, w tym zarówno skośne, jak i przejściowe brzuch.Można to zrobić szybko lub powoli, w przypadku czasu lub powtórzeń, w tradycyjnych zakresach powtórzeń skoncentrowanych na mięśniach, takich jak 8-12 powtórzeń na stronę lub dla wyższych zakresów powtórzeń.",Strength Training,Abdominals,Other,Intermediate,9.5,Average
89,Suspended ab fall-out,"Zawieszenie AB wypadku to dynamiczne ćwiczenie brzucha z wykorzystaniem układu zawieszenia lub pierścieni gimnastycznych.Jest podobny w formie do rolki AB, ale można go łatwiej skalować, aby być mniej lub bardziej trudnym.Kieruje się na mięśnie odbytnicy brzusznej lub mięśni „sześciopak”, a także mięśnie głębokiego rdzenia.Można go szkolić w przypadku niskich powtórzeń w celu uzyskania siły lub wyższych powtórzeń w celu definicji mięśni.",Strength Training,Abdominals,Other,Intermediate,9.3,Average
90,Decline reverse crunch,"Odwrotne przejęcie jest popularnym ćwiczeniem masy ciała ukierunkowanym na mięśnie brzuszne, szczególnie niższe ABS.Zwykle odbywa się to dla wysokich powtórzeń, takich jak 10-15 powtórzeń na zestaw lub więcej, w ramach zorientowanej na A część treningu.",Strength Training,Abdominals,Other,Intermediate,9.2,Average
91,Plate Twist,,Strength Training,Abdominals,Other,Beginner,9.0,Average
92,Weighted Crunches,"Ważona walizka to ważona wersja popularnego treningu brzucha.Proste dodanie wagi sprawia, że ​​walizka jest znacznie trudniejsza, pomagając zbudować mięśnie „sześciopak” i zapewniając inny bodziec do rdzenia podczas treningu.",Strength Training,Abdominals,Other,Intermediate,8.9,Average
93,Ab Roller,"Wdrożenie koła AB to ćwiczenie ukierunkowane na brzuch, często z niedrogim urządzeniem koła z uchwytem po obu stronach.Wielu trenerów i trenerów siły twierdzi, że jest to jeden z najlepszych ćwiczeń dla rozwoju siły w środkowej części.Początkujący mogą zacząć od ograniczonego zakresu ruchu lub po prostu deski do koła.",Strength Training,Abdominals,Other,Intermediate,8.9,Average
94,Otis-Up,"Otis-Up jest ważonym ćwiczeniem koncentrującym się na mięśniach brzucha, a także na ramionach w mniejszym stopniu.Kieruje się przede wszystkim mięśni brzucha odbytnicy lub „sześciopak”, ale obejmuje także skośne i głębokie mięśnie rdzenia.Zwykle wykonuje się go na ławce o spadku, trzymając płytkę wagową, ale można go również wykonać za pomocą hantli, kettlebell lub innej wagi.",Strength Training,Abdominals,Other,Intermediate,8.8,Average
95,Captain's chair knee raise,"Podniesienie kolana krzesła kapitana jest ćwiczeniem masy ciała, które są ukierunkowane na brzuch.Jest wykonywany na urządzeniu, który pozwala przedramionom spoczywać na podkładkach i pionowym tułowiu, aby swobodnie zawiesić.Podwyżki kolana są często wykonywane dla umiarkowanych do wysokich powtórzeń, takich jak 8-12 powtórzeń lub więcej, w ramach treningu skoncentrowanego na AB.",Strength Training,Abdominals,Other,Intermediate,8.6,Average
96,Sledgehammer swing,"Huśtawka młotka to ćwiczenie działające na brzuch i wiele innych mięśni.Mieszkier jest zatrzasany z nad głową na oponę, która pochłania uderzenie i powoduje, że młot odbija się z powrotem.Można go wykonywać dla czasu lub powtórzeń w ramach funkcjonalnej fitness lub treningu skoncentrowanego na atletyzmie.",HIIT,Abdominals,Other,Intermediate,8.6,Average
97,Decline bar press sit-up,"Sit-upa prasowa prasowa jest ważonym ćwiczeniem rdzeniowym ukierunkowanym na mięśnie brzuszne, szczególnie niższe ABS.Przesunięcie ciężaru rzuca także ramiona i górną część pleców.Ważone warianty sit-up są zwykle wykonywane dla umiarkowanych do wysokich powtórzeń, takich jak 8-12 powtórzeń na zestaw lub więcej, w ramach części treningu skoncentrowanego na rdzeniu.",Strength Training,Abdominals,Barbell,Intermediate,8.5,Average
98,Pallof press,"Palof Press to ćwiczenie izometryczne, które trenuje stabilność rdzenia.Obejmuje odporność obrotu z kabla lub pasma, opracowując tak zwaną siłę rdzenia „anty-rotacyjnego”.Najczęściej występuje w programach dla sportowców, którzy rywalizują w sporcie, które testują siłę, moc i ruchy funkcjonalne.Można go szkolić w czasach czasowych lub dla powtórzeń, naciskając kabel lub opaskę z dala od nadwozia.",Strength Training,Abdominals,Other,Intermediate,8.4,Average
99,Weighted Sit-Ups - With Bands,"Ważone siedzenie jest trudniejszą wersją bardzo popularnego ruchu brzucha.Proste dodanie ciężaru sprawia, że ​​sit-up jest znacznie trudniejsza, zapewniając inny bodziec do rdzenia podczas treningu i pomagając budować silne brzucha.",Strength Training,Abdominals,Other,Intermediate,8.0,Average
100,Suitcase crunch,"Skurcz walizki to ruch masy ciała, który atakuje mięśnie brzucha, odbytnicy brzusznej, a zwłaszcza mięśni „sześciopakowych”.Jest podobny do V-UP, ale dolna część pleców pozostaje płasko na ziemi.Można go wykonywać dla czasu lub powtórzeń w skoncentrowanej przez A części każdego treningu.",Strength Training,Abdominals,Other,Intermediate,0.0,Average
101,FYR Rope Jumping,"Skakanie to klasyczne ćwiczenia kondycjonujące, które są popularne wśród wszystkich, od dzieci, bokserów po sportowców Crossfit.Kieruje się na wiele różnych mięśni, w tym łydki, pośladków, ramion i górnej części pleców, i jest świetny dla wszystkiego, od utraty tłuszczu po poprawę ogólnej wydajności sportowej.",Strength Training,Abdominals,Other,Intermediate,,
102,Barbell press sit-up,"Sit-U-U-U-U-U-U-U-U-Upt-U-U-Upt-U-Upt-Ups koncentrujący się na mięśniach brzucha, a także na ramionach w mniejszym stopniu.Kieruje się przede wszystkim mięśni brzucha odbytnicy lub „sześciopak”, ale obejmuje także skośne i głębokie mięśnie rdzenia.Można go wykonywać na podłodze z zakotwiczonymi lub niezakotwiczonymi stopami, lub z powodu spadku lub innej ławki.Jest podobny do otis-up, który jest wykonywany z płytą wagową.",Strength Training,Abdominals,Other,Intermediate,,
103,Single-arm bent-over rear delt fly,"Jednokazałowy wygięty tylna mucha delta jest popularnym ćwiczeniem górnego ciała, które atakuje mięśnie z tyłu stawu barkowego, w szczególności tylną głowę naramiennika.Ponieważ ruchy prasowe budują przód i (w mniejszym stopniu) boczne główki naramienne, ten ruch jest często wykonywany w celu promowania zrównoważonego rozwoju barku.Zazwyczaj wykonuje się to dla wysokich powtórzeń, takich jak 10-15 powtórzeń na zestaw lub więcej, w ramach treningu barku lub górnego ciała.",Strength Training,Abdominals,Other,Intermediate,,
104,Captain's chair leg raise,"Podniesienie nóg krzesła kapitana to ćwiczenie w masie ciała, które są ukierunkowane na ABS.Jest wykonywany na urządzeniu, który pozwala przedramionom spoczywać na podkładkach i pionowym tułowiu, aby swobodnie zawiesić.Zmiany podnoszenia nóg są często wykonywane dla umiarkowanych do wysokich powtórzeń, takich jak 8-12 powtórzeń lub więcej, w ramach treningu zorientowanego na A.",Strength Training,Abdominals,Other,Intermediate,,
105,Shoulder-Elevated One-Leg Hip Thrusts,,Strength Training,Abdominals,Other,Intermediate,,
106,Ab Twist - Gethin Variation,"Syt-U-U-Upt-Up to ćwiczenie masy ciała ukierunkowane na mięśnie AB, skośne i odbytnicze brzuszne, a zwłaszcza mięśnie „sześciopakowe”.Polega na połączeniu kolana i łokcia w przeciwnej strony, zwykle na przemian z każdym powtórzeniem.Można go wykonywać dla czasu lub powtórzeń w ramach zorientowanej na A części każdego treningu.",Strength Training,Abdominals,Other,Intermediate,,
107,Weighted Crunch - Gethin Variation,"Ważone siedzenie jest trudniejszą wersją bardzo popularnego ruchu brzucha.Proste dodanie ciężaru sprawia, że ​​sit-up jest znacznie trudniejsza, zapewniając inny bodziec do rdzenia podczas treningu i pomagając budować silne brzucha.",Strength Training,Abdominals,Other,Intermediate,,
108,Ab Wheel Roll-Out - Gethin Variation,"Wdrożenie koła AB to ćwiczenie ukierunkowane na brzuch, często z niedrogim urządzeniem koła z uchwytem po obu stronach.Wielu trenerów i trenerów siły twierdzi, że jest to jeden z najlepszych ćwiczeń dla rozwoju siły w środkowej części.Początkujący mogą zacząć od ograniczonego zakresu ruchu lub po prostu deski do koła.",Strength Training,Abdominals,Other,Intermediate,,
109,Bench crunch,"Krut z ławką jest popularnym ćwiczeniem AB, który wykonywano na ławce.Jest w dużej mierze podobny do tego samego ćwiczenia wykonanego na podłodze, ale możliwość wciśnienia dolnego z powrotem do ławki może pomóc wzmocnić właściwą formę i zwiększyć oparzenie w ABS.Podobnie jak większość wariantów chrupiących, jest to zwykle wykonywane dla umiarkowanych do wysokich powtórzeń, takich jak 8-12 powtórzeń na zestaw lub więcej.",Strength Training,Abdominals,Other,Intermediate,,
110,Decline plate sit-up twist,"Skręt z opadaniem płyty spadek jest ważonym ćwiczeniem rdzenia, który działa na mięśnie brzuszne i brzuchy odbytnicy lub mięśnie „sześciopak”, a także mięśnie głębokiego rdzenia.Ważone warianty sit-up są zwykle wykonywane dla umiarkowanych do wysokich powtórzeń, takich jak 8-12 powtórzeń na zestaw lub więcej, w ramach części treningu skoncentrowanego na rdzeniu.",Strength Training,Abdominals,Other,Intermediate,,
111,Reverse ab roll-out,"Wdrożenie odwrotne AB to ćwiczenie ukierunkowane na brzuch.Jest to zwrot wdrożenia koła AB i jest podobny do ćwiczeń piły ciała, wykonywanego tylko na wałku piankowym.Zamiast poruszania się ramion, a dolna część ciała pozostała stacjonarna, dolna część ciała porusza się, a ramiona pozostają stacjonarne.Początkujący mogą potrzebować użyć ograniczonego zakresu ruchu.",Strength Training,Abdominals,Other,Intermediate,,
112,30 Seated Twist With PVC Pipe,Siedzący skręt prętowy jest podstawowym ćwiczeniem mającym na celu wzmocnienie ukośników.,Strength Training,Abdominals,Other,Intermediate,,
113,Suspended crunch-,"Zawieszony kryzys to ćwiczenie brzucha wykonywane z stopami w strzemionach układu zawieszenia.Kieruje się na mięśnie rdzenia, najbardziej widoczne mięśnie brzuszne odbytnicy lub „sześciopakowe”, ale także opodatowują ramiona i głębokie mięśnie rdzenia.",Strength Training,Abdominals,Other,Intermediate,,
114,Suspended oblique crunch,"Zawieszony skośny chrupek to ćwiczenie brzucha wykonywane z stopami w strzemionach układu zawieszenia.Kieruje się na mięśnie rdzenia, najbardziej widoczne skośne, ale także mięśnie brzuszne lub „sześciopakowe”, ramiona i głębokie mięśnie rdzenia.",Strength Training,Abdominals,Other,Intermediate,,
115,Weighted sit-up,"Ważone siedzenie jest trudniejszą wersją bardzo popularnego ruchu brzucha.Proste dodanie ciężaru sprawia, że ​​sit-up jest znacznie trudniejsza, zapewniając inny bodziec do rdzenia podczas treningu i pomagając budować silne brzucha.",Strength Training,Abdominals,Other,Intermediate,,
116,30 Decline Press Sit-Up,Sit-U-U-U-U-U-U-Up-U-U-U-Up-Up-Up-Up-Mover Ciała ukierunkowane na dolne brzuch i ramiona.,Strength Training,Abdominals,Other,Intermediate,,
117,Holman Towel Reverse Plank Alternating Heel Pull-in,,Strength Training,Abdominals,Other,Intermediate,,
118,Holman Boat with Weighted Cross Punch,,Strength Training,Abdominals,Other,Intermediate,,
119,Holman Weighted Hook Punch,,Strength Training,Abdominals,Other,Intermediate,,
120,Holman Weighted Traveling Punch,,Strength Training,Abdominals,Other,Intermediate,,
121,Holman Weighted Uppercut Punch,,Strength Training,Abdominals,Other,Intermediate,,
122,Holman Slow Weighted Double Pike,,Strength Training,Abdominals,Other,Intermediate,,
123,Holman Plate Straight Plank Reach,,Strength Training,Abdominals,Other,Intermediate,,
124,Holman Plate Elbow Plank Jack to Straight Plank Jack,,Strength Training,Abdominals,Other,Intermediate,,
125,Holman Plate Hill Climber,,Strength Training,Abdominals,Other,Intermediate,,
126,Holman Plate Reverse Plank Hill Climber,,Strength Training,Abdominals,Other,Intermediate,,
127,Holman Plate Straight Plank Pike to Jack,,Strength Training,Abdominals,Other,Intermediate,,
128,Holman Plate In-and-Out Push-Up,,Strength Training,Abdominals,Other,Intermediate,,
129,Holman Plate Burpee,,Strength Training,Abdominals,Other,Intermediate,,
130,Holman Plate Elbow Plank Reach,,Strength Training,Abdominals,Other,Intermediate,,
131,Holman Elbow Plank to Renegade Row,,Strength Training,Abdominals,Other,Intermediate,,
132,Holman Straight Plank Weighted Hand Hill Climber,,Strength Training,Abdominals,Other,Intermediate,,
133,Holman Weighted Left Side Diagonal Pike,,Strength Training,Abdominals,Other,Intermediate,,
134,Holman Weighted Right Side Diagonal Pike,,Strength Training,Abdominals,Other,Intermediate,,
135,Holman Weighted W-Boat to Overhead Press,,Strength Training,Abdominals,Other,Intermediate,,
136,Holman Weighted Kneeling Lift,,Strength Training,Abdominals,Other,Intermediate,,
137,Holman Hips-Up Weighted Pull-Over,,Strength Training,Abdominals,Other,Intermediate,,
138,Holman Weighted Cross Punch,,Strength Training,Abdominals,Other,Intermediate,,
139,Holman Straight-Leg Boat Hover Chest Press,,Strength Training,Abdominals,Other,Intermediate,,
140,Holman Weighted Pike,,Strength Training,Abdominals,Other,Intermediate,,
141,Holman Feet-Elevated Wax-On Wax-Off,,Strength Training,Abdominals,Other,Intermediate,,
142,Holman Elbow Plank to Towel Pike,,Strength Training,Abdominals,Other,Intermediate,,
143,Holman Seated Killer Abs Overhead Press,,Strength Training,Abdominals,Other,Intermediate,,
144,Holman Straight Plank Alternating Weighted Open,,Strength Training,Abdominals,Other,Intermediate,,
145,Holman Weighted Killer Abs with Overhead Press,,Strength Training,Abdominals,Other,Intermediate,,
146,Holman Weighted Split-Leg Pike,,Strength Training,Abdominals,Other,Intermediate,,
147,Holman Towel Reverse Plank Heel Pull-in,,Strength Training,Abdominals,Other,Intermediate,,
148,Stick Twist,,Strength Training,Abdominals,Other,Intermediate,,
149,Roc Everest,,Cardio,Abdominals,Other,Intermediate,,
150,Standing cable low-to-high twist,"Stojący kabel niski do wysokiego skrętu jest podstawowym ćwiczeniem ukierunkowanym na górne brzuch i skośne.Uważaj, aby wykonać go z kontrolą, w przeciwieństwie do gwałtownego skręcania, które może zranić plecy.Zazwyczaj wykonuje się to dla umiarkowanych do wysokich powtórzeń, co najmniej 8-15 na stronę, w ramach skoncentrowanej na rdzeniu części treningu.",Strength Training,Abdominals,Cable,Intermediate,9.3,Average
151,Single-arm high-cable side bend,Po drugiej stronie zakrętu bocznego z jednym ramieniem jest ćwiczeniem ukierunkowanym na skośne przy użyciu maszyny do stosu kablowego.,Strength Training,Abdominals,Cable,Intermediate,9.1,Average
152,Kneeling cable oblique crunch,"Uklędający kabel ukośny kryzys to popularne ćwiczenie izolacji rdzenia za pomocą mocowania liny i stosu kablowego podczas klęczącego na podłodze.Kieruje się przede wszystkim na skośnie i mięśnie brzuszne odbytnicy lub „sześciopakowe”, ale także wzmacnia mięśnie głębokiego rdzenia.Najczęściej wykonuje się to dla umiarkowanych do wysokich powtórzeń, takich jak 8-12 powtórzeń na zestaw lub wyższy.",Strength Training,Abdominals,Cable,Intermediate,9.0,Average
153,Kneeling cable crunch,"Klęczenie kabla klęczącego to popularne ćwiczenie izolacji rdzenia za pomocą mocowania linowego i stosu kablowego podczas klęczącego na podłodze.Kieruje się przede wszystkim mięśni brzusznych lub „sześciopak”, ale także wzmacnia mięśnie głębokiego rdzenia.Najczęściej wykonuje się go wcześnie w treningu AB, zwykle w umiarkowanych do wysokich powtórzeniach, takich jak 8-12 powtórzeń na zestaw lub wyższy.",Strength Training,Abdominals,Cable,Intermediate,8.9,Average
154,Rope Crunch,"Klęczenie kabla klęczącego to popularne ćwiczenie izolacji rdzenia za pomocą mocowania linowego i stosu kablowego podczas klęczącego na podłodze.Przede wszystkim atakuje mięśnie brzuszne odbytnicy lub „sześciopakowe”, ale także wzmacnia mięśnie głębokiego rdzenia.Najczęściej wykonuje się go wcześnie w treningu AB, zwykle u umiarkowanych do wysokich powtórzeń, takich jak 8-12 powtórzeń na zestaw lub wyższy.",Strength Training,Abdominals,Cable,Intermediate,8.6,Average
155,Standing cable crunch,"Stojący kabel jest popularnym podstawowym ćwiczeniem izolacyjnym za pomocą mocowania liny.Kieruje się przede wszystkim mięśni brzusznych lub „sześciopak”, ale także wzmacnia mięśnie głębokiego rdzenia.Najczęściej wykonuje się go wcześnie w treningu AB, zwykle w umiarkowanych do wysokich powtórzeniach, takich jak 8-12 powtórzeń na zestaw lub wyższy.",Strength Training,Abdominals,Cable,Intermediate,8.6,Average
156,Bosu Ball Cable Crunch With Side Bends,,Strength Training,Abdominals,Cable,Beginner,8.5,Average
157,Standing Cable Wood Chop,Stojący kabel wysoko do niskiego skrętu jest podstawowym ćwiczeniem ukierunkowanym na dolne brzuch i skośne.,Strength Training,Abdominals,Cable,Intermediate,8.2,Average
158,Cable reverse crunch,"Odwrotne chrupnięcie kabla jest wykonywane na ziemi skierowanej od wysokiego koła pasowego, co pomaga w kierunku dolnej części brzucha.",Strength Training,Abdominals,Cable,Beginner,8.2,Average
159,Cable Russian Twists,,Strength Training,Abdominals,Cable,Beginner,8.1,Average
160,Pallof press with rotation,"Półka na prasie z obrotem jest dynamiczną zmianą palec, która zawiera obrót ważony od tułowia za pomocą rezystancji z koła pasowego.Ma na celu budowę siły brzucha i nauczanie właściwego stężenia.Można go wykonywać dla czasu lub dla przedstawicieli w części zorientowanej na rdzeń każdego treningu.",Strength Training,Abdominals,Cable,Intermediate,7.9,Average
161,Cable Seated Crunch,,Strength Training,Abdominals,Cable,Beginner,7.7,Average
162,Cable Judo Flip,,Strength Training,Abdominals,Cable,Beginner,5.0,Average
163,Exercise Ball Cable Crunch - Gethin Variation,"Ćwiczenie kulkowe jest popularnym ćwiczeniem na siłowni ukierunkowane na brzuch.W przeciwieństwie do kryzysów na podłodze lub ławce, używając piłki, możesz zwiększyć zakres ruchu i rozciągnąć i kurczyć ABS na każdym powtórzeniu.Kruz piłki można wykonać dla niskich powtórzeń z wolniejszym tempem, koncentrując się na twardym skurczu lub dla wyższych powtórzeń.",Strength Training,Abdominals,Cable,Intermediate,,
164,Standing cable high-to-low twist,"Stojący kabel wysoko do niskiego skrętu jest podstawowym ćwiczeniem ukierunkowanym na dolne brzuch i skośne.Uważaj, aby wykonać go z kontrolą, w przeciwieństwie do gwałtownego skręcania, które może zranić plecy.Zazwyczaj wykonuje się to dla umiarkowanych do wysokich powtórzeń, co najmniej 8-15 na stronę, w ramach skoncentrowanej na rdzeniu części treningu.",Strength Training,Abdominals,Cable,Intermediate,,
165,Bent-Over Reverse Cable Fly,,Strength Training,Abdominals,Cable,Intermediate,,
166,Standing Cable Crunch - Gethin Variation,"Stojący kabel jest popularnym podstawowym ćwiczeniem izolacyjnym za pomocą mocowania liny.Przede wszystkim atakuje mięśnie brzuszne odbytnicy lub „sześciopakowe”, ale także wzmacnia mięśnie głębokiego rdzenia.Najczęściej wykonuje się go wcześnie w treningu AB, zwykle u umiarkowanych do wysokich powtórzeń, takich jak 8-12 powtórzeń na zestaw lub wyższy.",Strength Training,Abdominals,Cable,Intermediate,,
167,AM Cable Crunch,"Klęczenie kabla klęczącego to popularne ćwiczenie izolacji rdzenia za pomocą mocowania linowego i stosu kablowego podczas klęczącego na podłodze.Przede wszystkim atakuje mięśnie brzuszne odbytnicy lub „sześciopakowe”, ale także wzmacnia mięśnie głębokiego rdzenia.Najczęściej wykonuje się go wcześnie w treningu AB, zwykle u umiarkowanych do wysokich powtórzeń, takich jak 8-12 powtórzeń na zestaw lub wyższy.",Strength Training,Abdominals,Cable,Intermediate,,
168,Tyler Holt Weighted Knee-To-Chest Crunch,,Strength Training,Abdominals,Cable,Intermediate,,
169,Standing cable twist,"Stojący zwrot kabla jest podstawowym ćwiczeniem, które atakuje brzuch, szczególnie na skośne.Uważaj, aby wykonać go z kontrolą, w przeciwieństwie do gwałtownego skręcania, które może zranić plecy.Zazwyczaj wykonuje się to dla umiarkowanych do wysokich powtórzeń, co najmniej 8-15 na stronę, w ramach skoncentrowanej na rdzeniu części treningu.",Strength Training,Abdominals,Cable,Intermediate,,
170,30 Cable Rope Crunch,"Klęczenie kabla klęczącego to popularne ćwiczenie izolacji rdzenia za pomocą mocowania linowego i stosu kablowego podczas klęczącego na podłodze.Przede wszystkim atakuje mięśnie brzuszne odbytnicy lub „sześciopakowe”, ale także wzmacnia mięśnie głębokiego rdzenia.Najczęściej wykonuje się go wcześnie w treningu AB, zwykle u umiarkowanych do wysokich powtórzeń, takich jak 8-12 powtórzeń na zestaw lub wyższy.",Strength Training,Abdominals,Cable,Intermediate,,
171,30 Cable Rope Oblique Crunch,"Uklędający kabel ukośny kryzys to popularne ćwiczenie izolacji rdzenia za pomocą mocowania liny i stosu kablowego podczas klęczącego na podłodze.Kieruje się przede wszystkim na skośnie i mięśnie brzuszne odbytnicy lub „sześciopak”, ale także wzmacnia mięśnie głębokiego rdzenia.Najczęściej wykonuje się to dla umiarkowanych do wysokich powtórzeń, takich jak 8-12 powtórzeń na zestaw lub wyższy.",Strength Training,Abdominals,Cable,Intermediate,,
172,Cable lying twist on ball,"Kabel leżący na piłce jest ćwiczeniem ukierunkowanym na rdzeń i ukośne z dodatkowym wyzwaniem stabilności, aby powstrzymać utratę pozycji na niestabilnej powierzchni.",Strength Training,Abdominals,Cable,Intermediate,,
173,30 Cable Pallof Press,"PRASA PALLOF to ćwiczenie izometryczne, które trenuje stabilność rdzenia.Najczęściej występuje w programach dla sportowców, którzy rywalizują w sporcie, które testują siłę, moc i ruchy funkcjonalne.",Strength Training,Abdominals,Cable,Intermediate,,
174,30 Cable Reverse Crunch On Ball,"Odwrotne chrupnięcie kabla na Bosu jest wykonywane na kuli Bosu między dwoma kołowami kablowymi, co pomaga w kierunku dolnej części brzucha i jest bardziej propriocepcyjnie trudne niż chrupnięcie odwrotnego kabla na podłodze.",Strength Training,Abdominals,Cable,Intermediate,,
175,30 Cable Reverse Crunch,"Odwrotne chrupnięcie kabla jest wykonywane na ziemi skierowanej od wysokiego koła pasowego, co pomaga w kierunku dolnej części brzucha.",Strength Training,Abdominals,Cable,Intermediate,,
176,Tyler Holt Cable Torso Twist,,Strength Training,Abdominals,Cable,Intermediate,,
177,Single-Arm Cable Outward-Facing Biceps Curl,"Kabel z jednoramiennym skierowanym na zewnątrz biceps to ćwiczenie kablowe, które są ukierunkowane na biceps.Jest wykonywany przed kablem skierowanym od stosu kablowego, aby zwiększyć zakres ruchu poprzez pełne rozszerzenie łokci.Ten ruch jest zwykle wykonywany dla umiarkowanych do wysokich powtórzeń w celu oparzenia i pompy w ramach treningu skoncentrowanego na ramieniu.",Strength Training,Abdominals,Cable,Intermediate,,
178,Biceps Rope Curl,,Strength Training,Abdominals,Cable,Intermediate,,
179,Kneeling Cable Crunches,,Strength Training,Abdominals,Cable,Intermediate,,
180,Ab Crunch Machine,"Maszyn Crunch to ćwiczenie maszynowe ukierunkowane na mięśnie brzuszne.Polega na siedzeniu pionowo w maszynie i zwijaniu tułowia w kierunku klatki piersiowej w stosunku do pewnego poziomu oporu.Na niektórych maszynach kolana również zwinął się z tułowia.Maszyny do kryzysu zwykle stosują dodatkowy opór w postaci seektoryzowanych stosów ciężarowych lub obciążenia płytami i są często wykonywane dla umiarkowanych do wysokich powtórzeń, takich jak 8-12 powtórzeń na zestaw lub wyższy, w ramach części treningu ukierunkowanego na A.",Strength Training,Abdominals,Machine,Intermediate,8.0,Average
181,Smith machine straight-legged hip raise,"Proste hodowle bioder Smith Machine to ćwiczenie skierowane do mięśni brzucha.Ze względu na potencjalną niezręczność wejścia na pozycję, jest to zwykle wykonywane dla umiarkowanych do wysokich powtórzeń, takich jak 8-12 powtórzeń na zestaw lub więcej.Jeśli Twoja maszyna Smith ma paski bezpieczeństwa, ustaw je na wysokości, która umożliwia pełny zakres ruchu, jednocześnie zapewniając odpowiednią ochronę przed wagą potencjalnie spadającą.",Strength Training,Abdominals,Machine,Intermediate,8.0,Average
182,Machine crunch,"Maszyn Crunch to ćwiczenie maszynowe ukierunkowane na mięśnie brzuszne.Polega na siedzeniu pionowo w maszynie i zwijaniu tułowia w stosunku do wstępnie ustawionego poziomu oporu.Na niektórych maszynach kolana zwiną się również w kierunku tułowia.Maszyny do kryzysu zwykle stosują dodatkowy opór w postaci wybieranych stosów ciężarowych lub obciążenia płytami i są często wykonywane dla umiarkowanych do wysokich powtórzeń, takich jak 8-12 powtórzeń na zestaw lub więcej, w ramach części treningu skoncentrowanego na A.",Strength Training,Abdominals,Machine,Intermediate,,
183,AM Ab Machine,,Strength Training,Abdominals,Machine,Intermediate,,
184,Smith machine V-up,"Smith Machine V-Up to ważone ćwiczenie brzucha, które obejmuje naciskanie ważonego paska w górę podczas wykonywania V-UP.Wykonanie go w maszynie Smitha eliminuje wyzwanie równowagi swobodnej wagi.Zazwyczaj wykonuje się to w przypadku umiarkowanych do wysokich powtórzeń w skoncentrowanej przez A części treningu.",Strength Training,Abdominals,Machine,Intermediate,,
185,Elbow plank,"Planka łokciowa jest popularnym izometrycznym ćwiczeniem brzucha.Jest to powszechne we wszystkich rodzajach programów ćwiczeń, a także w grupach fitness i jogi.Kieruje się w mięśnie rdzenia, w szczególności głębokiego rdzenia lub brzucha przejściowego.Często jest to również przepisywane na czas, aby pomóc w bólu obrońcy lub uczyć odpowiedniego stężenia.",Strength Training,Abdominals,Body Only,Intermediate,9.3,Average
186,Bottoms Up,"Leżąca podnośnik nogi jest popularnym ćwiczeniem masy ciała skierowanymi do mięśni brzucha, odbytnicy brzusznej, a zwłaszcza mięśni „sześciopakowych”.Można go wykonywać dla czasu lub powtórzeń w rdzeniowej części każdego treningu.",Strength Training,Abdominals,Body Only,Intermediate,9.3,Average
187,Spider crawl,"Fajnik pająka to ćwiczenie masy ciała, które obejmuje czołganie się na podłodze z kolanami poza łokciami.Różni się od pełzania lamparta, ponieważ biodra są wyższe i różni się od pełzającego niedźwiedzie, ponieważ kolana są szersze.Można to zrobić jako rozgrzewkę całego ciała, w krótkich seriach treningu mocy lub obwodu lub dłuższego czasu trwania jako kondycjonowanie sercowo-naczyniowe.",Strength Training,Abdominals,Body Only,Intermediate,9.2,Average
188,Cocoons,"Cocoon Crunch to ćwiczenie masy ciała ukierunkowane na mięśnie AB, odbytnicy brzuszne, a zwłaszcza mięśnie „sześciopakowe”.Polega na przyniesieniu kolan do klatki piersiowej i ramion od gór do środka.Można go wykonywać dla czasu lub powtórzeń w ramach zorientowanej na A części każdego treningu.",Strength Training,Abdominals,Body Only,Intermediate,9.1,Average
189,Cross-Body Crunch,"Kruz łokcia do kolana jest ćwiczeniem masy ciała ukierunkowanej na mięśnie AB, skośne i odbytnicze brzuszne, a zwłaszcza mięśnie „sześciopakowe”.Można go wykonywać dla czasu lub powtórzeń w ramach zorientowanej na A części każdego treningu.",Strength Training,Abdominals,Body Only,Intermediate,9.1,Average
190,Elbow-to-knee crunch,"Kruz łokcia do kolana jest ćwiczeniem masy ciała ukierunkowanej na mięśnie AB, skośne i odbytnicze brzuszne, a zwłaszcza mięśnie „sześciopakowe”.Można go wykonywać dla czasu lub powtórzeń w ramach zorientowanej na A części każdego treningu.",Strength Training,Abdominals,Body Only,Intermediate,9.1,Average
191,Decline Crunch,Upadek jest skutecznym podstawowym ćwiczeniem ukierunkowanym na brzuch odbytnicy.,Strength Training,Abdominals,Body Only,Intermediate,9.0,Average
192,Hanging toes-to-bar,"Wiszące palce u stóp do baru to zaawansowane ćwiczenie brzucha, w którym podnośnik dotyka ich stóp do podciągnięcia.Istnieje wiele sposobów wykonywania tego ruchu (ścisłego lub wahania, ramiona całkowicie proste lub lekko wygięte, nogi proste lub wygięte), z których każdy zapewnia wyjątkowe korzyści i wyzwania.Początkowo może to być trudny ruch dla jednego przedstawiciela, ale po zbudowaniu wymaganego rdzenia, lat i siły barku można go wykonać dla wyższych powtórzeń.",Strength Training,Abdominals,Body Only,Intermediate,9.0,Average
193,Hanging Oblique Knee Raise,"Wiszący ukośny chrupnięcie, ćwiczenie brzucha, które są skierowane zarówno do mięśni odbytnicy, jak i mięśni „sześciopakowych”, jak i skośnych mięśni.Można go wykonywać zwisające z paska lub jeśli siła chwytu jest ograniczeniem, umieszczając łokcie w paskach AB.Jeśli zwisanie z prostego baru jest niewygodne na nadgarstki lub ramię, możesz je również wykonać z neutralnym uchwytem (dłonie skierowane do siebie)",Strength Training,Abdominals,Body Only,Intermediate,9.0,Average
194,Gorilla Chin/Crunch,,Strength Training,Abdominals,Body Only,Beginner,9.0,Average
195,Hanging leg raise,"Wisząca noga jest ćwiczeniem ukierunkowanym na ABS, ale które również działa na zginacze Lats i bioder.Zamiast spoczywać przedramiona na podkładkach krzesła kapitana, wykonujesz te zwisające z baru.Doświadczeni podnośniki sprawiają, że wyglądają łatwe, ale początkujący mogą potrzebować czasu na zbudowanie zestawów 8-12 powtórzeń.",Strength Training,Abdominals,Body Only,Intermediate,8.9,Average
196,Mountain climber,"Wspinacz górski jest popularnym ćwiczeniem masy ciała skierowanymi do mięśni rdzenia, a także ramion, bioder i układu sercowo -naczyniowego.Polega na podniesieniu jednego kolana do klatki piersiowej na raz z pozycji deski prostej.Można go wykonywać dla czasu lub powtórzeń w ramach dynamicznego rozgrzewki, dla cardio lub kondycjonowania ciała, lub jako dynamiczny trening rdzenia braku wyposażenia.",HIIT,Abdominals,Body Only,Intermediate,8.8,Average
197,Ab bicycle,"Rower AB to ruch masy ciała, który atakuje mięśnie ABS, skośne i odbytnicze brzuszne, a zwłaszcza mięśnie „sześciopakowe”.Można go wykonywać dla czasu lub powtórzeń w skoncentrowanej przez A części każdego treningu.",Strength Training,Abdominals,Body Only,Intermediate,8.8,Average
198,3/4 sit-up,"Sit-up 3/4 jest ćwiczeniem masy ciała skoncentrowanym na mięśniach rdzenia.Jest podobny do ujścia, ale zatrzymuje się od najwyższej pozycji.To utrzymuje ciągłe napięcie na ABS, co sprawia, że ​​jest to trudniejsze niż tradycyjne opcje.Można go wykonywać przez czas lub dla powtórzeń, z stopami zakotwiczonymi lub bezpłatnymi, w ramach skoncentrowanej na A AB jakiejkolwiek treningu.",Strength Training,Abdominals,Body Only,Intermediate,8.8,Average
199,Reverse crunch,"Odwrotne chrupnięcie to popularne ćwiczenie ukierunkowane na brzuch, szczególnie dolną połowę.Łatwo jest wykonać na podłodze lub płaskiej ławce.Wielu podnośników uważa to za towarzysza kryzysu, który bardziej ukierunkuje się na górne brzuch niż dolne.",Strength Training,Abdominals,Body Only,Intermediate,8.8,Average
200,Crunches,"Chrupnięcie jest popularnym podstawowym ćwiczeniem ukierunkowanym na brzuch odbytnicy, czyli mięśnie „sześciopak”, a także skośne.Był to centralny punkt wielu treningów skoncentrowanych na A, ze względu na jego prostotę, jak i intensywne połączenie oparzenia i mięśnia, które wytwarza.Można go wykonywać dla czasu lub powtórzeń w ramach zorientowanej na A części każdego treningu.",Strength Training,Abdominals,Body Only,Intermediate,8.7,Average
201,Dead bug reach,"Zasięg martwego błędu jest ćwiczeniem do wzmocnienia rdzenia, w którym jednocześnie opuszczasz przeciwne ramię i nogę, kontrolując ruch mięśniami brzucha.Może być częścią dynamicznego rozgrzewki, aby aktywować rdzeń dla innych lekkoatletyków lub podnoszenia lub być wykonywanym w obwodzie lub samodzielnie w części zorientowanej na A każdego treningu.",Strength Training,Abdominals,Body Only,Intermediate,8.6,Average
202,Crunch - Hands Overhead,,Strength Training,Abdominals,Body Only,Beginner,8.6,Average
203,V-up,"V-UP jest ruchem masy ciała, który atakuje mięśnie brzucha, odbytnicy brzusznej, a zwłaszcza mięśni „sześciopakowych”.Jest podobny do kryzysu walizki, ale dolna część tylna unosi się z ziemi u góry każdego powtórzenia.Można go wykonywać dla czasu lub powtórzeń w skoncentrowanej przez A części każdego treningu.",Strength Training,Abdominals,Body Only,Intermediate,8.5,Average
204,Stomach Vacuum,,Mobility and Stretching,Abdominals,Body Only,Beginner,8.5,Average
205,Russian twist,"Rosyjski akcent jest ćwiczeniem skierowanym do brzucha i ukośnych.Począwszy od pozycji, która przypomina zatrzymanie w połowie siatki, obejmuje skręcanie na bok.Można go wykonywać samą masą ciała lub trzymając płytkę ciężarową lub inny obiekt.Jest to wykonywane przez naprzemienne strony z każdym przedstawicielem i może być wykonywane na czas lub dla określonej liczby powtórzeń w ramach części zorientowanej na A każdego treningu.",Strength Training,Abdominals,Body Only,Intermediate,8.4,Average
206,Flat Bench Lying Leg Raise,"Leżąca podnośnik nogi jest popularnym ćwiczeniem masy ciała skierowanymi do mięśni brzucha, odbytnicy brzusznej, a zwłaszcza mięśni „sześciopakowych”.Można go wykonywać dla czasu lub powtórzeń w rdzeniowej części każdego treningu.",Strength Training,Abdominals,Body Only,Intermediate,8.4,Average
207,Knees tucked crunch,"Kolana schowane są podstawowym ćwiczeniem, które polega na wykonywaniu kryzysu, jednocześnie utrzymując kolana w pozycji 90 stopni.Kieruje się przede wszystkim mięśni brzucha odbytnicy lub „sześciopak”.Można go wykonywać dla czasu lub powtórzeń w ramach dowolnego obwodu skoncentrowanego na ABS lub treningu.",Strength Training,Abdominals,Body Only,Intermediate,8.4,Average
208,Butt-Ups,,Strength Training,Abdominals,Body Only,Beginner,8.3,Average
209,Feet-elevated oblique crunch,"Ułożony stóp skośny chrupek to odmiana ćwiczeń chrupiących, które są ukośne, a także mięśnie brzuszne lub „sześciopakowe”.Opoczwanie stóp na ławce pobiera część zginacza bioder z ruchu, skupiając naprężenie bardziej na ABS.",Strength Training,Abdominals,Body Only,Intermediate,8.3,Average
210,Bent-knee reverse crunch,Odwrotny chrupek jest popularnym ćwiczeniem podstawy ciała.Kieruje się do dolnej części mięśni brzucha odbytnicy lub „sześciopak”.Można go wykonywać dla czasu lub powtórzeń w ramach każdego treningu zorientowanego na A.,Strength Training,Abdominals,Body Only,Intermediate,8.1,Average
211,Alternating heel-touch,"Przemierzający obcas jest popularnym ćwiczeniem masy ciała, które są ukierunkowane na skośne, a także mięśnie brzuszne odbytnicy, lub „sześciopakowe”.Można go wykonywać dla czasu lub powtórzeń w ramach dowolnego obwodu skoncentrowanego na ABS lub treningu.",Strength Training,Abdominals,Body Only,Intermediate,8.0,Average
212,Suspended Reverse Crunch,,Strength Training,Abdominals,Body Only,Intermediate,7.8,Average
213,Lying bench reverse crunch,"Leżąca ławka odwrócona jest popularnym ćwiczeniem AB, wykonując kolana w kierunku klatki piersiowej, leżąc na ławce.Jest w dużej mierze podobny do tego samego ćwiczenia wykonanego na podłodze, ale możliwość wciśnienia dolnego z powrotem do ławki może pomóc wzmocnić właściwą formę i zwiększyć oparzenie w ABS.Podobnie jak większość wariantów chrupiących, jest to zwykle wykonywane dla umiarkowanych do wysokich powtórzeń, takich jak 8-12 powtórzeń na zestaw lub więcej.",Strength Training,Abdominals,Body Only,Intermediate,7.7,Average
214,Sit-up,"Sit-up jest popularnym ćwiczeniem masy ciała skoncentrowanego na mięśniach brzucha.Od wielu lat jest również stosowany w ramach wojskowych, taktycznych i scholastycznych testów fitness.Można go wykonywać dla czasu lub powtórzeń, z stopami zakotwiczonymi lub bezpłatnymi, na płaskim podłożu lub ławce.",Strength Training,Abdominals,Body Only,Intermediate,7.5,Average
215,Side Bridge,"Boczna deska jest popularnym izometrycznym ćwiczeniem brzucha, koncentrującym się na ukośnych mięśniach, a także na mięśniach brzucha transpersusowych lub głębokich mięśniach rdzenia.Czasami jest łączony z lokami i psa ptakiem jako „McGill Big Three” dla siły i stabilności rdzenia.Jest wykonywany przez czas i może działać w rozgrzewce lub w rdzeniowej części każdego treningu.",Strength Training,Abdominals,Body Only,Intermediate,7.5,Average
216,Lying oblique crunch,Leżący ukośny kryzys to ćwiczenie masy ciała ukierunkowane na skośne mięśnie.Można go wykonać dla określonej liczby powtórzeń lub zmęczenia lub awarii w ramach części każdego treningu.,Strength Training,Abdominals,Body Only,Intermediate,7.4,Average
217,Janda Sit-Up,,Strength Training,Abdominals,Body Only,Beginner,7.4,Average
218,Leg Pull-In,"Odwrotne chrupnięcie to popularne ćwiczenie ukierunkowane na brzuch, szczególnie dolną połowę.Łatwo jest wykonać na podłodze lub płaskiej ławce.Wielu podnośników uważa to za towarzysza kryzysu, który bardziej ukierunkuje się na górne brzuch niż dolne.",Strength Training,Abdominals,Body Only,Beginner,7.4,Average
219,Side Jackknife,,Strength Training,Abdominals,Body Only,Intermediate,7.3,Average
220,Scissor Kick,,Mobility and Stretching,Abdominals,Body Only,Intermediate,7.0,Average
221,Toe Touchers,"Utwór palca to ruch masy ciała, który atakuje mięśnie brzucha, odbytnicy brzusznej, a zwłaszcza mięśni „sześciopakowych”.Można go wykonywać dla czasu lub powtórzeń w skoncentrowanej przez A części każdego treningu.",Mobility and Stretching,Abdominals,Body Only,Intermediate,6.9,Average
222,Lower Back Curl,,Mobility and Stretching,Abdominals,Body Only,Intermediate,6.5,Average
223,Exercise ball torso rotation,"Rotacja tułowia kulkowego jest obrotowym ćwiczeniem brzucha wykonanym podczas trzymania jogi lub piłki do ćwiczeń między dłoniami.Koncentruje się na mięśniach rotacyjnych rdzenia, w tym na skośnie, pośladkach i mięśniach bioder.Można go wykonywać jedną stronę na raz lub na przemian, w przypadku czasu lub powtórzeń.Aby utrudnić, otnij lekki opaskę ćwiczeń wokół piłki i zakotwicz go w solidnym obiekcie.",Mobility and Stretching,Abdominals,Body Only,Intermediate,5.0,Average
224,Seated Overhead Stretch,,Mobility and Stretching,Abdominals,Body Only,Intermediate,4.7,Average
225,Overhead Stretch,,Mobility and Stretching,Abdominals,Body Only,Intermediate,3.9,Average
226,Seated Scissor Kick,,Strength Training,Abdominals,Body Only,Intermediate,0.0,Average
227,Partner resistance standing twist,"Stojak na opór partnera jest ćwiczeniem masy ciała, w którym jeden partner wykonuje zwroty na masę ciała, podczas gdy drugi zapewnia ręczny opór.Kieruje się na mięśnie rdzenia, a zwłaszcza skośne.Można go wykonać w części zorientowanej na rdzeń każdego treningu.",Strength Training,Abdominals,Body Only,Intermediate,0.0,
228,Cross Crunch,,Strength Training,Abdominals,Body Only,Beginner,0.0,Average
229,Full Moon,,Strength Training,Abdominals,Body Only,Beginner,0.0,
230,Hanging knee raise with manual resistance,"Wiszące podwyższenie kolana z ręcznym oporem jest bardziej zaawansowaną wersją wiszącego kolana, która wykorzystuje partnera.Partner stosuje wystarczającą odporność, aby utrudnić ruch, jednocześnie umożliwiając podnośnikowi wykonywanie wielu powtórzeń.",Strength Training,Abdominals,Body Only,Beginner,0.0,
231,Straight-Legged Hip Raise,,Strength Training,Abdominals,Body Only,Intermediate,0.0,Average
232,Wall mountain climber,"Wall Mountain to trudne ćwiczenie ukierunkowane na ramiona i brzuch.Najczęściej występuje w treningu obwodów masy ciała, ponieważ jest skierowany do wielu mięśni, a także układu sercowo -naczyniowego naraz.Można to wykonywać dla czasu lub powtórzeń.",HIIT,Abdominals,Body Only,Intermediate,0.0,
233,Skin The Cat To Push-Up,,Strength Training,Abdominals,Body Only,Intermediate,0.0,
234,Partner lying leg raise with lateral throw down,"Partner leżący podnosząc nogę z bocznym rzucaniem jest podstawowym ćwiczeniem, w którym jeden partner wykonuje podwyżkę nogi, podczas gdy drugi partner popycha nogi z powrotem pod kątem bocznym.Partner wykonujący ćwiczenie musi wykorzystywać siłę rdzenia i stabilność, aby zapobiec upadkowi na ziemię.",Strength Training,Abdominals,Body Only,Beginner,0.0,
235,Hanging leg raise with throw down,"Wisząca noga z wyrzuceniem to bardziej zaawansowana wersja wiszącego kolana, która wykorzystuje partnera do utrudniania ruchu.Partner popycha na szczyt każdego przedstawiciela, zmuszając podnośnik do „walki” z ich brzuchem.",Strength Training,Abdominals,Body Only,Beginner,0.0,
236,Partner sit-up with high-five,Partner Set-up z piątką piątką jest ćwiczeniem całego ciała skierowanego do rdzenia.Każdy z partnerów wykonuje siedzibę i pięć pięciu osób w połowie powtórzeń.,Strength Training,Abdominals,Body Only,Beginner,0.0,
237,Exercise ball knee roll-in,"Rzuć kolanowa kulki jest ćwiczeniem brzucha, które polega na wspieraniu się rękami w pozycji lub pozycji push-up i przyciągnięciu kolan w kierunku klatki piersiowej.Jest to dość zaawansowany ruch brzucha wymagający znacznej siły rdzenia.",Strength Training,Abdominals,Body Only,Intermediate,0.0,Average
238,Partner lying leg raise with throw down,"Partner leżący podwyżkę nóg z rzucaniem jest podstawowym ćwiczeniem, w którym jeden partner wykonuje podwyżkę nogi, podczas gdy drugi partner popycha nogi z powrotem.Partner wykonujący ćwiczenie musi wykorzystywać siłę rdzenia i stabilność, aby zapobiec upadkowi na ziemię.",Strength Training,Abdominals,Body Only,Beginner,0.0,
239,Crab toe-touch,"Kraby touch touch to Ćwiczenie całego ciała skierowane do pośladków, ścięgien, quadów i rdzenia.Jest to trudny ruch, który trenuje równowagę, siłę rdzenia i wiele grup mięśni, dzięki czemu działa dobrze w wydajnym czasie treningu obwodu ciała.",Strength Training,Abdominals,Body Only,Intermediate,0.0,
240,Side kick-through,"Przejście boczne jest ruchem całego ciała, który obejmuje izometryczne trzymanie i przesuwanie ciała przez różne zakresy ruchu, zaczynając od pozycji pełzania niedźwiedzia.Różnica między uderzeniem bocznym a przełomem polega na tym, że tyłek pozostaje z ziemi w całym powtórzeniu.Jest powszechnie wykonywany w obwodach masy ciała i przepływach w stylu zwierząt, ale może również samodzielnie działać dla powtórzeń lub w ramach dynamicznej sekwencji rozgrzewki lub mobilności.",Strength Training,Abdominals,Body Only,Intermediate,0.0,
241,Partner target sit-up,"Partner Target Sit-Up to podstawowe ćwiczenie, w którym jeden partner wykonuje opcje, podczas gdy drugi używa swoich rąk, aby stworzyć cel, na który mogliby się osiągnąć.Zwiększa to wyzwanie każdego przedstawiciela.Można go wykonywać dla czasu lub powtórzeń w skoncentrowanej przez A części każdego treningu.",Strength Training,Abdominals,Body Only,Beginner,0.0,
242,Suspended Crunch,,Strength Training,Abdominals,Body Only,Beginner,0.0,Average
243,Jump Lunge,"Alternating Lunge Jump to wybuchowe ćwiczenie masy ciała, które są ukierunkowane na mięśnie dolnej części ciała, w tym quady, pośladki i ścięgna podkolanowe.Można go wykonywać dla czasu lub powtórzeń w treningu energetycznym, a także skutecznie w każdym treningu skoncentrowanym na tłuszczu lub atletyzmie.",Strength Training,Abdominals,Body Only,Intermediate,,
244,Side plank hip dip,"Dip z deski bocznej jest dynamiczną wersją Ćwiczenia bocznego deski, koncentrującego się na ukośnych mięśniach, a także na mięśniach przejściowych lub głębokich rdzeniowych.Może być wykonywany dla czasu lub powtórzeń i może pracować w rozgrzewce lub w rdzeniowej części każdego treningu.",Strength Training,Abdominals,Body Only,Intermediate,,
245,Elbow plank jack,"Podnośnik deski łokciowej jest izometrycznym ćwiczeniem brzucha z dynamicznym składnikiem dolnego ciała.Kieruje się w mięśnie rdzenia, w szczególności głębokiego rdzenia lub brzucha przejściowego.Można go wykonywać dla czasu lub powtórzeń w skoncentrowanej przez A części każdego treningu.",Strength Training,Abdominals,Body Only,Intermediate,,
246,Exercise ball V-up,"Ball V-Up jest popularnym ruchem ukierunkowanym na mięśnie brzucha, szczególnie mięśnie odbytnicy lub mięśnie „sześciopakowe”.Obejmuje mijanie piłki do ćwiczeń lub kulkę jogi między dłoniami i stopami podczas wykonywania V-upów.Można go wykonywać dla powtórzeń lub czasu w ramach każdego treningu skoncentrowanego na A lub w masie ciała.",Strength Training,Abdominals,Body Only,Intermediate,,
247,Standing torso twist stretch,"Odcinek skrętu tułowia stojącego jest rozciągającym ćwiczeniem ukierunkowanym na Lats i rdzeń, szczególnie skośne.Jest świetny przed treningiem lub jakimkolwiek wydarzeniem sportowym, które obejmuje dużo skręcania górnej części ciała.",Strength Training,Abdominals,Body Only,Intermediate,,
248,Slalom jumps,"Skok slalomowy jest wybuchowym ćwiczeniem masy ciała, które są ukierunkowane na dolne ciało, w tym quady, pośladki i ścięgna podkolanowe.Wykonany dla przedstawicieli, stanowi również poważne wyzwanie sercowo -naczyniowe.Może być wykonywany dla czasu lub powtórzeń i jest szczególnie skuteczny w obwodzie lub treningu skoncentrowanym na tłuszczu lub atletyzmie.",HIIT,Abdominals,Body Only,Intermediate,,
249,Bear crawl,"Fajnik niedźwiedzi jest popularnym ćwiczeniem pełzającym w masie ciała.Chociaż wygląda prosto, pełzanie niedźwiedzi jest intensywnym ruchem całego ciała, który jest ukierunkowany na układ sercowo-naczyniowy, a także szeroki zakres grup mięśni, w szczególności ramion, rdzenia i nóg.Można to zrobić jako rozgrzewkę całego ciała, w krótkich seriach treningu mocy lub obwodu lub dłuższego czasu trwania jako kondycjonowanie sercowo-naczyniowe.",Strength Training,Abdominals,Body Only,Intermediate,,
250,Crab single-arm reach,"Zasięg jednoramienny kraba jest ćwiczeniem całego ciała, które wymaga utrzymania pozycji tabletopa podczas naprzemiennych podwyższeń ramienia.Jest to doskonały ruch, który obejmuje dynamiczne rozgrzewkę, obwód masy ciała lub aktywację mięśni lub mobilność w dowolnym momencie.",Mobility and Stretching,Abdominals,Body Only,Intermediate,,
251,Side lunge cross-body heel-touch,"Bok Lunge Cross-Body Touch to Ćwiczenie dolnej części ciała ukierunkowane na quady, pośladki i ścięgna podkolanowe.Obcina dodaje niewielkie wyzwanie rotacyjne.",Strength Training,Abdominals,Body Only,Intermediate,,
252,Alligator Crawl,"Fajnik pająka to ćwiczenie masy ciała, które obejmuje czołganie się na podłodze z kolanami poza łokciami.Różni się od pełzania lamparta, ponieważ biodra są wyższe i różni się od pełzającego niedźwiedzie, ponieważ kolana są szersze.Można to zrobić jako rozgrzewkę całego ciała, w krótkich seriach treningu mocy lub obwodu lub dłuższego czasu trwania jako kondycjonowanie sercowo-naczyniowe.",Strength Training,Abdominals,Body Only,Intermediate,,
253,Lying cross-over lower back stretch,"Leżący krzyżowy odcinek dolnej części pleców to prosty odcinek masy ciała ukierunkowany na dolną część pleców, bioder i tułów.Polega na obracaniu nóg podczas leżenia płasko na plecach.Jest powszechnie zawarty w dynamicznych rozgrzewkach, ale można go również wykonywać jako mobilność całego ciała w dowolnym momencie.",Strength Training,Abdominals,Body Only,Intermediate,,
254,Half bird dog,"Połowa ptaków jest podstawowym ćwiczeniem zaprojektowanym w celu wzmocnienia tylnego łańcucha.U psa Half Bird wyniesiesz jedną rękę lub jedną nogę na raz, a nie oba naraz, tak jak dla zwykłego psa dla ptaków.",Mobility and Stretching,Abdominals,Body Only,Intermediate,,
255,Shoulder tap,"Tap ramion jest ćwiczeniem skierowanym do brzucha i rdzenia.Podstawowa postawa pasuje do góry pozycji push-up.Stamtąd jedna ręka jest podniesiona, aby stuknąć przeciwne ramię.Stuknięcie z każdą ręką do każdego przeciwnego ramienia równa się jednemu powtórzeniu.",Strength Training,Abdominals,Body Only,Intermediate,,
256,Double crunch,"Podwójne chrupnięcie jest ćwiczeniem masy ciała koncentrowanym na mięśniach rdzenia, odbytnicy brzusznej, a zwłaszcza mięśni „sześciopakowych”.Jest to bardzo proste ćwiczenie, które obejmuje „chrupanie” kolan i łokci do siebie za pomocą mięśni brzucha, jednocześnie trzymając plecy na ziemi.",Strength Training,Abdominals,Body Only,Intermediate,,
257,Flutter kick,"Kopnięcie trzepotania jest podstawowym ćwiczeniem, w którym nogi są przytrzymywane z ziemi, gdy trzepasz stopy nad i pod sobą w małych ruchach.Kieruje się na wiele mięśni rdzenia, ale zwłaszcza mięśnie brzuszne odbytnicy lub „sześciopakowe”.Można go wykonywać dla czasu lub powtórzeń w skoncentrowanej przez A części każdego treningu.",Strength Training,Abdominals,Body Only,Intermediate,,
258,Sprawl,"Rozciąganie jest wybuchowym ćwiczeniem masy ciała, które są ukierunkowane na rdzeń, górną część ciała i dolną część ciała.Jest podobny do burpee, ale bez skoku na górze i z deską zamiast pompki na dole.Można go wykonywać dla czasu lub powtórzeń w dowolnym obwodzie lub treningu skoncentrowanym na tłuszczu lub atletyzmie.",Strength Training,Abdominals,Body Only,Intermediate,,
259,Spider plank jack,"Jack Pająka Pająka to ćwiczenie rdzeniowe, które rozpoczyna się na desce prostej ramię, a następnie łączy pająk i podnośnik deski w jedną sekwencję.Można go wykonywać jako trening podstawowy w masie ciała lub kondycjonowanie w obwodzie skoncentrowanym na tłuszczu lub atletyzmie.",Strength Training,Abdominals,Body Only,Intermediate,,
260,Pillar-To-Plank,,Strength Training,Abdominals,Body Only,Intermediate,,
261,Alternating High Knee Raise,,Strength Training,Abdominals,Body Only,Intermediate,,
262,Sumo Squat Pulse,,Strength Training,Abdominals,Body Only,Intermediate,,
263,Line-Drill Foot Work,,Strength Training,Abdominals,Body Only,Intermediate,,
264,Plank Fire Hydrants,,Strength Training,Abdominals,Body Only,Intermediate,,
265,Banded jumping jack,"Zebrany Jack Jack bierze klasyczne ćwiczenie plyometryczne i dodaje dodatkowego stopnia trudności w postaci zespołu otaczającego uda, tuż nad kolanami.Można go wykonywać dla czasu lub powtórzeń i jest świetnym sposobem na rozgrzanie się do lekkoatletyki lub podnoszenia dolnego ciała.",Strength Training,Abdominals,Body Only,Intermediate,,
266,Shin hug,"Uścisk Shin to ćwiczenie masy ciała skoncentrowane na mięśniach rdzenia.Dzieli charakterystyki z V-UPS i kryzysami, ale kończy się z żeberkami dotykającymi ud.Można go wykonywać dla czasu lub dla przedstawicieli w ramach części każdego treningu.",Strength Training,Abdominals,Body Only,Intermediate,,
267,FYR Bear Crawl Fire Feet,"Niedźwiedź Crawl Fire stopy to odmiana pełzania niedźwiedzia, która obejmuje bieganie na miejscu podczas gdy w statycznym pełzanie niedźwiedzia.Dodaje dodatkową koordynację i wyzwanie całego ciała do i tak intensywnego ruchu całego ciała, który jest ukierunkowany na układ sercowo-naczyniowy, a także szeroki zakres grup mięśni.Można to zrobić jako rozgrzewkę całego ciała lub jako część obwodu lub przepływu ciała.",Strength Training,Abdominals,Body Only,Intermediate,,
268,Bear crawl up-down,"Niedźwiedź czołgający się w górę jest odmianą pełzania niedźwiedzia, która obejmuje obniżenie przedramion do ziemi w naprzemiennym rytmie, podczas gdy w statycznym pełzanie niedźwiedzia.Dodaje dodatkową koordynację i wyzwanie górnego ciała do już intensywnego ruchu całego ciała, który jest ukierunkowany na układ sercowo-naczyniowy, a także szeroki zakres grup mięśni.Można to zrobić jako rozgrzewkę całego ciała lub jako część obwodu lub przepływu ciała.",Strength Training,Abdominals,Body Only,Intermediate,,
269,FYR Crab Kick,"Kraby touch touch to Ćwiczenie całego ciała skierowane do pośladków, ścięgien, quadów i rdzenia.",Strength Training,Abdominals,Body Only,Intermediate,,
270,Bear crawl hold,"Hold indeksowania niedźwiedzia jest statyczną odmianą ćwiczeń pełzania niedźwiedzia wykonywanego na czas.Wygląda prosto, ale wymaga napięcia całego ciała i opodatkuje ramiona, rdzeń i nogi.Można to zrobić jako rozgrzewkę całego ciała, jako część obwodu lub przepływu ciała lub jako gromadzenie się do tradycyjnego pełzania niedźwiedzia.",Strength Training,Abdominals,Body Only,Intermediate,,
271,Traveling bear crawl,"Podróżujący niedźwiedź to bardziej zaawansowana wersja ćwiczeń pełzających Bear, która porusza się na bok, a nie z przodu do tyłu.Podczas gdy wygląda to prosto, podróżujący niedźwiedzie jest intensywnym ruchem całego ciała, który jest ukierunkowany na układ sercowo-naczyniowy, a także szeroki zakres grup mięśni, w szczególności ramiona, rdzeń i nogi.Można to zrobić jako rozgrzewkę całego ciała, w krótkich seriach treningu mocy lub obwodu lub dłuższego czasu trwania jako kondycjonowanie sercowo-naczyniowe.",Strength Training,Abdominals,Body Only,Intermediate,,
272,Single-leg V-up,"Po jednorazowe V-UP jest ćwiczeniem masy ciała, które są ukierunkowane na brzuch i zginacze bioder, pracujące po jednej stronie ciała na raz.Można go wykonywać dla czasu lub powtórzeń w skoncentrowanej przez A części każdego treningu.",Strength Training,Abdominals,Body Only,Intermediate,,
273,FYR Bear Crawl Shoulder Tap,"Niedźwiedź czołgający się ramię to odmiana czołgania się niedźwiedziem, która polega na dotykaniu przeciwnego ramienia, gdy w statycznym pełzanie niedźwiedzia.Dodaje dodatkową koordynację i podstawowe wyzwanie do już intensywnego ruchu całego ciała, który jest ukierunkowany na układ sercowo-naczyniowy, a także szeroki zakres grup mięśni.Można to zrobić jako rozgrzewkę całego ciała lub jako część obwodu lub przepływu ciała.",Strength Training,Abdominals,Body Only,Intermediate,,
274,Alternating single-leg sprawl,"Przemienne rozrost jednokierunkowy jest wybuchowym ćwiczeniem masy ciała, które są ukierunkowane na rdzeń, górną część ciała i dolną część ciała.Różni się od standardowego rozrostu, włączając deskę jednorazową zamiast zwykłej deski na dole.Można go wykonywać dla czasu lub powtórzeń w dowolnym obwodzie lub treningu skoncentrowanym na tłuszczu lub atletyzmie.",Strength Training,Abdominals,Body Only,Intermediate,,
275,Wide mountain climber,"Szeroki wspinacz górski jest popularnym ćwiczeniem masy ciała skierowanymi do mięśni rdzenia, a także ramion, bioder i układu sercowo -naczyniowego.Różni się od tradycyjnego wspinacza górskiego, ponieważ przyprowadzasz kolano na zewnątrz łokcia, a nie do wewnątrz.Można go wykonywać dla czasu lub powtórzeń w ramach dynamicznego rozgrzewki, dla cardio lub kondycjonowania ciała, lub jako dynamiczny trening rdzenia braku wyposażenia.",Strength Training,Abdominals,Body Only,Intermediate,,
276,Plank leg raise,"Podniesienie nogi deski jest izometrycznym ćwiczeniem brzucha, które ukierunkowuje mięśnie rdzenia, w szczególności głębokiego rdzenia lub transversus.Kieruje się również na mięśnie pośladków i bioder.Można go wykonywać dla czasu lub powtórzeń w skoncentrowanej przez A części każdego treningu.",Strength Training,Abdominals,Body Only,Intermediate,,
277,Glute bridge step-out,"Stopnienie mostu pośladkowego jest ćwiczeniem o dolnej masie ciała, które są ukierunkowane na pośladki i ścięgna podkolanowe.Różni się od mostu pośladkowego przez dodanie stopnia, co zwiększa naprężenie na ścięgnach podkolanowych.Można go wykonywać dla czasu lub powtórzeń i działa idealnie w dynamicznym rozgrzewce do treningu dolnego ciała, ale można go również wykonać w celu aktywacji pośladków w dowolnym momencie.",Strength Training,Abdominals,Body Only,Intermediate,,
278,Knee up-down,"Kolano w górę jest ćwiczeniem masy ciała, które naśladuje wchodzenie w górę i w dół z pozycji klęczącej na podłodze.Łączy niską pozycję przysiadu z rzucaniem, przynosząc niektóre korzyści obu.Można to zrobić dla czasu lub powtórzeń w ramach dynamicznego rozgrzewki lub w ramach obwodu lub treningu masy ciała.",Strength Training,Abdominals,Body Only,Intermediate,,
279,FYR Sprawl,"Rozciąganie jest wybuchowym ćwiczeniem masy ciała, które są ukierunkowane na rdzeń, górną część ciała i dolną część ciała.Jest podobny do burpee, ale bez skoku na górze i z deską zamiast pompki na dole.Można go wykonywać dla czasu lub powtórzeń w dowolnym obwodzie lub treningu skoncentrowanym na tłuszczu lub atletyzmie.",Strength Training,Abdominals,Body Only,Intermediate,,
280,Reach crunch,"Zasięg jest ćwiczeniem podstawowym, które polega na utrzymaniu ramion podnoszonych w kierunku sufitu podczas wykonywania chrupania.Można go wykonywać dla czasu lub powtórzeń w ramach dowolnego obwodu skoncentrowanego na ABS lub treningu.",Strength Training,Abdominals,Body Only,Intermediate,,
281,FYR Push-Up Plank Hold,"Planka prosta jest ćwiczeniem ukierunkowanym na mięśnie rdzeniowe.Jest to w zasadzie górna część pozycji push-up, z łokciami w pełni rozszerzonymi i dłoniami na podłodze.Pozycja jest utrzymywana przez czas na ukierunkowanie mięśni rdzenia, a także ramion.",Strength Training,Abdominals,Body Only,Intermediate,,
282,FYR Hollow-Body Rock,"Skała z pustego ciała to ćwiczenie brzucha masy ciała wykonywane na podłodze.Zaczyna się od pustego ciała i dodaje skałę w przód i powrót, która kwestionuje stabilność rdzenia i zwiększa trudność ruchu.Może być wykonywany przez czas lub dla przedstawicieli, w części treningu skoncentrowanego na A lub w ramach treningu obwodu.",Strength Training,Abdominals,Body Only,Intermediate,,
283,V-up plus knee-to-chest combo,"Komora VO-UP Plus-a-Chest to podstawowe ćwiczenie, które atakuje brzuch i zginacze bioder poprzez połączenie dwóch ruchów w jedną sekwencję.Można go wykonywać dla czasu lub powtórzeń w skoncentrowanej przez A części każdego treningu.",Strength Training,Abdominals,Body Only,Intermediate,,
284,Side plank lateral raise,"Podwyższenie bocznej deski bocznej to ćwiczenie, które łączy izometryczną obręcz deski bocznej z podwyższeniem hantli, aby ukierunkować zarówno rdzeń, jak i ramiona.Prawdopodobnie nie będziesz w stanie zużyć dużej wagi bez zakłócenia równowagi, ale nawet przy lekce masie jest to ruch, który może pomóc w rozwiązaniu wielu grup mięśni podczas treningu.",Strength Training,Abdominals,Body Only,Intermediate,,
285,Superhero burpee,"Burpee superbohatera jest zaawansowaną odmianą ćwiczenia Burpee.Główną różnicą między tym a standardowym burpee polega na tym, że podczas gdy na podłodze dłonie są wyciągane przed ciałem jak Superman.Zwiększa to wyzwanie do górnej części pleców i ramion.Można je wykonywać dla czasu lub powtórzeń w ramach każdego treningu lub obwodu skoncentrowanego na tłuszczu lub atletyzmie.",Strength Training,Abdominals,Body Only,Intermediate,,
286,Hollow-body abduction,"Uprowadzenie pustego ciała jest izometrycznym ćwiczeniem rdzeniowym, które obejmuje uprowadzenie nóg w celu dodatkowego wyzwania dla rdzenia i porywaczy.Kieruje się na wiele mięśni rdzenia, ale zwłaszcza mięśnie brzuszne odbytnicy lub „sześciopakowe”.Można go wykonywać dla czasu lub powtórzeń w skoncentrowanej przez A części każdego treningu.",Strength Training,Abdominals,Body Only,Intermediate,,
287,FYR Hollow Hold,,Strength Training,Abdominals,Body Only,Intermediate,,
288,Tip-toe crunch,"Chrupnięcie z końcówkami jest odmianą ćwiczeń chrupiących, które polega na umieszczeniu palców u nóg na ziemi lub w jego pobliżu.Może to pomóc w izolacji ABS od zginaczy bioder.Chrupnięcie z tokami może być wykonywane przez czas lub dla przedstawicieli jako część komponentu skoncentrowanego na rdzeniu każdego treningu.",Strength Training,Abdominals,Body Only,Intermediate,,
289,Knee-to-nose pulse,"Puls kolana do nosy jest ćwiczeniem masy ciała, które atakuje rdzeń, pulsując kolano w kierunku nosa.Zaczyna się w pozycji deski prostej i jest podobna do wspinacza górskiego, ale z trzymaniem lub zatrzymaniem w pozycji wygiętej.",Strength Training,Abdominals,Body Only,Intermediate,,
290,Plank walk-out,"Planowanie jest zaawansowaną odmianą deski ukierunkowaną na rdzeń i ramiona.Od pozycji stojącej podnośnik schodzi w pozycję typu deski, ale „chodzi” po rękach do przodu, aż wychodzą przed głową.Jest to o wiele trudniejsze dla rdzenia niż posiadanie ramion bezpośrednio pod ramionami.Początkujący będą musieli przejść do tego ćwiczenia.",Strength Training,Abdominals,Body Only,Intermediate,,
291,FYR V-Up,"V-UP jest ruchem masy ciała, który atakuje mięśnie brzucha, odbytnicy brzusznej, a zwłaszcza mięśni „sześciopakowych”.Jest podobny do kryzysu walizki, ale dolna część tylna unosi się z ziemi u góry każdego powtórzenia.Można go wykonywać dla czasu lub powtórzeń w skoncentrowanej przez A części każdego treningu.",Strength Training,Abdominals,Body Only,Intermediate,,
292,Long sit-up,"Długie opadanie to zaawansowana wersja ćwiczenia sit-up, które jest wykonywane z rękami sięgającymi nad głową.Wydłuża to tułów, co utrudnia ABS kurcz i podniesienie górnej części ciała.Długie etapy mogą być wykonywane przez czas lub dla powtórzeń, z stopami zakotwiczonymi lub bezpłatnymi.",Strength Training,Abdominals,Body Only,Intermediate,,
293,FYR Breakdancer,"Przejście boczne jest ruchem całego ciała, który obejmuje izometryczne trzymanie i przesuwanie ciała przez różne zakresy ruchu, zaczynając od pozycji pełzania niedźwiedzia.Różnica między uderzeniem bocznym a przełomem polega na tym, że tyłek pozostaje z ziemi w całym powtórzeniu.Jest powszechnie wykonywany w obwodach masy ciała i przepływach w stylu zwierząt, ale może również samodzielnie działać dla powtórzeń lub w ramach dynamicznej sekwencji rozgrzewki lub mobilności.",Strength Training,Abdominals,Body Only,Intermediate,,
294,Seated leg lift,Siedzący podnośnik nóg to ćwiczenie masy ciała ukierunkowane na mięśnie zginaczy rdzenia i bioder.Można go wykonywać dla czasu lub powtórzeń w rdzeniowej części każdego treningu.,Strength Training,Abdominals,Body Only,Intermediate,,
295,Gorilla burpee,"Burpee goryla to odmiana ćwiczeń burpee, która składa się z odwrotnego rzutu na każdej nodze, pełnej przysiadu, a następnie standardowego burpee.Jest to wyjątkowo trudne dla dolnej części ciała, w tym quadów, pośladków i ścięgien.Można go wykonywać dla czasu lub powtórzeń w dowolnym obwodzie lub treningu skoncentrowanym na tłuszczu lub atletyzmie.",Strength Training,Abdominals,Body Only,Intermediate,,
296,Knee-in to V-out,"Kolano do V-Out to ćwiczenie brzucha masy ciała wykonywane na podłodze.Jest podobny zarówno do ćwiczenia odwrotnego, jak i ćwiczenia V-UP, ale łączy elementy obu.Przede wszystkim atakuje mięśnie brzuchy odbytnicy lub mięśnie „sześciopak”.Można go wykonywać dla powtórzeń lub czasu, albo jako część treningu skoncentrowanego na A lub jako element treningu obwodu.",Strength Training,Abdominals,Body Only,Intermediate,,
297,Bear crawl push-up,"Push-up niedźwiedzie to odmiana pełzania niedźwiedzia z dodanym pompką.Dodaje dodatkową koordynację i wyzwanie ramion do i tak już intensywnego ruchu całego ciała, który jest ukierunkowany na układ sercowo-naczyniowy, a także szeroki zakres grup mięśni, w szczególności ramion, rdzenia i nóg.Można to zrobić jako rozgrzewkę całego ciała lub jako część obwodu lub przepływu ciała.",Strength Training,Abdominals,Body Only,Intermediate,,
298,FYR Front Step,,Strength Training,Abdominals,Body Only,Intermediate,,
299,Plank reach,"Zasięg deski jest ćwiczeniem skierowanym do całego rdzenia, szczególnie skośnych mięśni.Przypomina ćwiczenie deski, ale główną różnicą jest to, że podnośnik rozciąga ręce do przodu, po raz pierwszy.Rdzeń, zwłaszcza skośne, musi ciężko pracować, aby utrzymać stabilność.Można go wykonywać przez czas, z uchwytami w pozycji zasięgu lub dla powtórzeń.",Strength Training,Abdominals,Body Only,Intermediate,,
300,Eiffel Tower leg raise,"Podniesienie nóg Eiffla jest ćwiczeniem w masie ciała ukierunkowanej na mięśnie brzucha, odbytnicy brzusznej, a zwłaszcza mięśni „sześciopakowych”.Jest podobny do V-UP, ale z dodatkowym wyzwaniem „rysowania” piramidy w powietrzu z nogami podczas każdego powtórzenia.Można go wykonywać dla czasu lub powtórzeń w rdzeniowej części każdego treningu.",Strength Training,Abdominals,Body Only,Intermediate,,
301,Straight-arm plank,"Planka prosta jest ćwiczeniem ukierunkowanym na mięśnie rdzeniowe.Jest to w zasadzie górna część pozycji push-up, z łokciami w pełni rozszerzonymi i dłoniami na podłodze.Pozycja jest utrzymywana przez czas na ukierunkowanie mięśni rdzenia, a także ramion.",Strength Training,Abdominals,Body Only,Intermediate,,
302,Plank up-down,"Planka w górę jest odmianą pompki w desce, która kończy się na desce łokciowej, a nie z klatką piersiową na ziemi.Obejmuje przejście między dwiema pozycjami o jedno ramię na raz, a nie dwie.Wprowadza większy nacisk na triceps i rdzeń niż tradycyjne deski.Można go wykonywać dla czasu lub powtórzeń w każdym treningu lub w trakcie rdzeniowej części każdego treningu.",Strength Training,Abdominals,Body Only,Intermediate,,
303,Frog kick,"Kopnięcie żaby to wybuchowy ruch masy ciała, który polega na wskoczeniu tylnych nóg w górę i do przodu z pozycji deski prostej.Kieruje się na nogi, rdzeń i ramiona, ale jest także ruchem kondycjonowania o wysokiej intensywności, który podnosi temperaturę ciała rdzenia i spali poważne kalorie.Można go wykonywać dla czasu lub powtórzeń w ramach dowolnego obwodu lub treningu skoncentrowanego na atletyzmie lub pudełku tłuszczu.",Strength Training,Abdominals,Body Only,Intermediate,,
304,FYR Knees to Chest,"Naprzemienne kolano z pustym ciałem jest podstawowym ćwiczeniem, które obejmuje zgięcie nóg podczas trzymania bioder i łopatek nad ziemią.Kieruje się na mięśnie brzuszne odbytnicy lub „sześciopakowe”.Można go wykonywać dla czasu lub powtórzeń w skoncentrowanej przez A części każdego treningu.",Strength Training,Abdominals,Body Only,Intermediate,,
305,Front kick-through,"Przedsiębiorstwo jest ruchem całego ciała, który obejmuje przeniesienie nóg z pozycji pełzającej niedźwiedzie do zrównoważonej postawy jednonożnej.Jest to powszechnie wykonywane dla powtórzeń lub czasu w obwodach masy ciała i przepływach w stylu zwierząt, ale może również działać samodzielnie lub jako część dynamicznej sekwencji rozgrzewki lub mobilności.",Strength Training,Abdominals,Body Only,Intermediate,,
306,FYR Sit-Up,"Sit-up jest popularnym ćwiczeniem masy ciała skoncentrowanego na mięśniach brzucha.Od wielu lat jest również stosowany w ramach wojskowych, taktycznych i scholastycznych testów fitness.Można go wykonywać dla czasu lub powtórzeń, z stopami zakotwiczonymi lub bezpłatnymi, na płaskim podłożu lub ławce.",Strength Training,Abdominals,Body Only,Intermediate,,
307,FYR Leg Lift,Siedzący podnośnik nóg to ćwiczenie masy ciała ukierunkowane na mięśnie zginaczy rdzenia i bioder.Można go wykonywać dla czasu lub powtórzeń w rdzeniowej części każdego treningu.,Strength Training,Abdominals,Body Only,Intermediate,,
308,TBS Toes-to-bar,"Wiszące palce u stóp do baru to zaawansowane ćwiczenie brzucha, w którym podnośnik dotyka ich stóp do podciągnięcia.Istnieje wiele sposobów wykonania tego ruchu: ścisłe lub huśtające się, ramiona całkowicie proste lub lekko wygięte, nogi proste lub wygięte, każdy zapewnia unikalne korzyści i wyzwania.Początkowo może to być trudny ruch dla jednego przedstawiciela, ale po zbudowaniu wymaganego rdzenia, lat i siły barku można go wykonać dla wyższych powtórzeń.",Strength Training,Abdominals,Body Only,Intermediate,,
309,FYR Mountain Climber,"Wspinacz górski jest popularnym ćwiczeniem masy ciała skierowanymi do mięśni rdzenia, a także ramion, bioder i układu sercowo -naczyniowego.Polega na podniesieniu jednego kolana do klatki piersiowej na raz z pozycji deski prostej.Można go wykonywać dla czasu lub powtórzeń w ramach dynamicznego rozgrzewki, dla cardio lub kondycjonowania ciała, lub jako dynamiczny trening rdzenia braku wyposażenia.",Strength Training,Abdominals,Body Only,Intermediate,,
310,Roman Chair Side Ups,,Strength Training,Abdominals,Body Only,Intermediate,,
311,Push-Up Roll Out - Gethin Variation,,Strength Training,Abdominals,Body Only,Intermediate,,
312,Cross-Body Crunch - Gethin Variation,"Syt-U-U-Upt-Up to ćwiczenie masy ciała ukierunkowane na mięśnie AB, skośne i odbytnicze brzuszne, a zwłaszcza mięśnie „sześciopakowe”.Polega na połączeniu kolana i łokcia w przeciwnej strony, zwykle na przemian z każdym powtórzeniem.Można go wykonywać dla czasu lub powtórzeń w ramach zorientowanej na A części każdego treningu.",Strength Training,Abdominals,Body Only,Intermediate,,
313,Decline leg lift with twist,"Podniesienie nogi z skrętem jest ćwiczeniem rdzeniowym w masie ciała ukierunkowanej na ukośne i brzuszne mięśnie brzuszne lub „sześciopakowe”, szczególnie niższe mięśnie brzucha.Można go wykonywać dla czasu lub dla przedstawicieli w ramach części skoncentrowanej na rdzeniu dowolnego treningu lub obwodu.",Strength Training,Abdominals,Body Only,Intermediate,,
314,Hanging Leg Raise - Variation Gethin,"Wisząca noga jest ćwiczeniem ukierunkowanym na zginacze mięśni brzucha i bioder.Zamiast spoczywać przedramiona na podkładkach aparatu, zwisaj na barze.Można go wykonywać dla czasu lub powtórzeń w skoncentrowanej przez A części każdego treningu.",Strength Training,Abdominals,Body Only,Intermediate,,
315,Butterfly crunch,"Chrupek motyla jest popularnym ćwiczeniem masy ciała, które są ukierunkowane na brzuch odbytnicy lub mięśnie „sześciopakowe”.Pobiera swoją nazwę od pozycji łokci i kolan, z których oba są wygięte jak skrzydła.Można go wykonywać dla czasu lub powtórzeń w ramach dowolnego obwodu skoncentrowanego na ABS lub treningu.",Strength Training,Abdominals,Body Only,Intermediate,,
316,Cross-body mountain climber,"Wspinacz górski jest popularnym ćwiczeniem masy ciała skierowanymi do mięśni rdzenia, a także ramion, bioder i układu sercowo-naczyniowego.Różni się od tradycyjnego wspinacza górskiego, ponieważ sprowadzasz kolano na przeciwną stronę ciała, a nie tylko do klatki piersiowej.Można go wykonywać dla czasu lub powtórzeń w ramach dynamicznego rozgrzewki, dla cardio lub kondycjonowania ciała, lub jako dynamiczny trening rdzenia braku wyposażenia.",Strength Training,Abdominals,Body Only,Intermediate,,
317,Flat Bench Lying Leg Raise - Gethin Variation,"Leżąca podnośnik nogi jest popularnym ćwiczeniem masy ciała skierowanymi do mięśni brzucha, odbytnicy brzusznej, a zwłaszcza mięśni „sześciopakowych”.Można go wykonywać dla czasu lub powtórzeń w rdzeniowej części każdego treningu.",Strength Training,Abdominals,Body Only,Intermediate,,
318,Lying leg lift,"Leżąca podnośnik nogi jest popularnym ćwiczeniem masy ciała skierowanymi do mięśni brzucha, odbytnicy brzusznej, a zwłaszcza mięśni „sześciopakowych”.Można go wykonywać dla czasu lub powtórzeń w rdzeniowej części każdego treningu.",Strength Training,Abdominals,Body Only,Intermediate,,
319,Hanging alternating single-leg raise,"Wiszące naprzemienne podwyżki jednorazowe jest ćwiczeniem ukierunkowanym na ABS, ale które również działa na zginacze lats i bioder.Zamiast wykonywać obie nogi jednocześnie, podnosisz jeden i na przemian z każdym powtórzeniem.Podwyżki nóg są często wykonywane dla umiarkowanych do wysokich powtórzeń, takich jak 8-12 powtórzeń lub więcej, w ramach treningu skoncentrowanego na AB.Jednak ta trudna odmiana może wymagać trochę czasu na zbudowanie tych zakresów powtórzeń.",Strength Training,Abdominals,Body Only,Intermediate,,
320,Plank Walk,,Strength Training,Abdominals,Body Only,Intermediate,,
321,Sit-Up - Gethin Variation,"Sit-up jest popularnym ćwiczeniem masy ciała skoncentrowanego na mięśniach brzucha.Od wielu lat jest również stosowany w ramach wojskowych, taktycznych i scholastycznych testów fitness.Można go wykonywać dla czasu lub powtórzeń, z stopami zakotwiczonymi lub bezpłatnymi, na płaskim podłożu lub ławce.",Strength Training,Abdominals,Body Only,Intermediate,,
322,Plank Push-Up,"Planka w górę jest odmianą pompki w desce, która kończy się na desce łokciowej, a nie z klatką piersiową na ziemi.Obejmuje przejście między dwiema pozycjami o jedno ramię na raz, a nie dwie.Wprowadza większy nacisk na triceps i rdzeń niż tradycyjne deski.Można go wykonywać dla czasu lub powtórzeń w każdym treningu lub w trakcie rdzeniowej części każdego treningu.",Strength Training,Abdominals,Body Only,Intermediate,,
323,Decline crunch-,"Poruszanie się jest popularnym ćwiczeniem masy ciała ukierunkowanym na brzuch odbytnicy lub mięśnie „sześciopakowe”, zwłaszcza górnego brzucha.Zwykle odbywa się to dla wysokich powtórzeń, takich jak 10-15 powtórzeń na zestaw lub więcej, w ramach zorientowanej na A część treningu.",Strength Training,Abdominals,Body Only,Intermediate,,
324,Alternating lying leg raise,"Przemienne leżące podnoszenie nóg jest popularnym ćwiczeniem masy ciała ukierunkowanej na mięśnie brzucha, odbytnicy brzusznej, a zwłaszcza mięśni „sześciopakowych”.Można go wykonywać dla czasu lub powtórzeń w rdzeniowej części każdego treningu.",Strength Training,Abdominals,Body Only,Intermediate,,
325,Decline leg lift,"Podnoszenie nóg upadku jest popularnym ćwiczeniem rdzeniowym masy ciała ukierunkowanym na mięśnie brzuszne odbytnicy lub „sześciopakowe”, szczególnie niższe mięśnie brzucha.Można go wykonywać dla czasu lub dla przedstawicieli w ramach części skoncentrowanej na rdzeniu dowolnego treningu lub obwodu.",Strength Training,Abdominals,Body Only,Intermediate,,
326,Crunch - Gethin Variation,"Chrupnięcie jest popularnym podstawowym ćwiczeniem ukierunkowanym na brzuch odbytnicy, czyli mięśnie „sześciopak”, a także skośne.Był to centralny punkt wielu treningów skoncentrowanych na A, ze względu na jego prostotę, jak i intensywne połączenie oparzenia i mięśnia, które wytwarza.Można go wykonywać dla czasu lub powtórzeń w ramach zorientowanej na A części każdego treningu.",Strength Training,Abdominals,Body Only,Intermediate,,
327,Plank - Gethin Variation,"Planka łokciowa jest popularnym izometrycznym ćwiczeniem brzucha.Jest to powszechne we wszystkich rodzajach programów ćwiczeń, a także w grupach fitness i jogi.Kieruje się w mięśnie rdzenia, w szczególności głębokiego rdzenia lub brzucha przejściowego.Często jest to również przepisywane na czas, aby pomóc w bólu obrońcy lub uczyć odpowiedniego stężenia.",Strength Training,Abdominals,Body Only,Intermediate,,
328,Barbell floor wiper,"Wierpa podłogowa Barbell jest podstawowym ćwiczeniem, w którym sztanga jest trzymana w zamkniętej pozycji prasy podłogowej, a biodra i nogi są obracane na bok.Kieruje się na skośne mięśnie brzucha bocznego, ale jest również poważnie trudne dla głębokiego rdzenia i brzucha odbytnicy lub mięśni „sześciopakowych”.",Strength Training,Abdominals,Body Only,Intermediate,,
329,Prison Push-Up,,Strength Training,Abdominals,Body Only,Intermediate,,
330,McGill Modified Curl-Up,,Strength Training,Abdominals,Body Only,Intermediate,,
331,Cross-body toe-touch,"Tuch na czołówce jest wersją odcinka u nogi, w której zamiast obu rąk docierają do obu stóp, jedna ręka na raz sięga po przeciwnej stopie.Jest to wspólny element dynamicznych rozgrzewek dla treningu lub sportu, ale można go również wykonać w celu uzyskania prostej elastyczności w dowolnym momencie.",Strength Training,Abdominals,Body Only,Intermediate,,
332,Toy soldier,"Zabawny żołnierz to ćwiczenie kalistheniczne ukierunkowane na zginacze bioder i nogi, które są wyrzucane pojedynczo.Kiedy każda noga znajduje się na szczycie kopnięcia, przeciwna ręka dotyka tej stopy.Jest to powszechne ćwiczenie rozgrzewki przed lekkoatletyką, ale może również pomóc podnieść temperaturę rdzenia i zmobilizować szeroki zakres mięśni i stawów przed treningiem.",Strength Training,Abdominals,Body Only,Intermediate,,
333,Natural Glute Ham Raise with Stability Ball,,Strength Training,Abdominals,Body Only,Intermediate,,
334,Lateral ape,"Much boczny to ćwiczenie koncentrujące się na dolnej części ciała, które obejmuje utrzymanie się w niskiej pozycji przysiadowej, gdy wskoczysz bocznie.Można go wykonać w ramach dynamicznego rozgrzewki, w celu poprawy mobilności bioder lub w ramach treningu obwodu skoncentrowanego na tłuszczu lub atletyzmie.",Strength Training,Abdominals,Body Only,Intermediate,,
335,Hollow-body knee tuck,"Kolannik z pustego ciała to ćwiczenie brzucha masy ciała wykonywane na podłodze.Jest podobny zarówno do uchwytu nagłośnie, jak i kruchy kolan lub odwrotnego kryzysu, łącząc elementy obu.Przede wszystkim atakuje mięśnie brzuchy odbytnicy lub mięśnie „sześciopak”.Można go wykonywać dla powtórzeń lub czasu, albo jako część treningu skoncentrowanego na A lub jako element treningu obwodu.",Strength Training,Abdominals,Body Only,Intermediate,,
336,HM Air Jumping Rope,,Strength Training,Abdominals,Body Only,Intermediate,,
337,HM Alternating Lunge Reach,,Strength Training,Abdominals,Body Only,Intermediate,,
338,HM Alternating Side Plank Reach,,Strength Training,Abdominals,Body Only,Intermediate,,
339,HM Superman Plank,,Strength Training,Abdominals,Body Only,Intermediate,,
340,HM Table Pose,,Strength Training,Abdominals,Body Only,Intermediate,,
341,HM Toe Touch,,Strength Training,Abdominals,Body Only,Intermediate,,
342,HM Right Side Bird-Dog,,Mobility and Stretching,Abdominals,Body Only,Intermediate,,
343,HM Right Side Crunch,,Strength Training,Abdominals,Body Only,Intermediate,,
344,HM Bicycle,,Strength Training,Abdominals,Body Only,Intermediate,,
345,HM Bird-Dog Plank,,Strength Training,Abdominals,Body Only,Intermediate,,
346,HM Boat Pose,,Strength Training,Abdominals,Body Only,Intermediate,,
347,HM Bottoms Up,,Strength Training,Abdominals,Body Only,Intermediate,,
348,HM Bridge,,Strength Training,Abdominals,Body Only,Intermediate,,
349,HM Running Man Crunch,,Cardio,Abdominals,Body Only,Intermediate,,
350,HM Seated Twist,,Strength Training,Abdominals,Body Only,Intermediate,,
351,HM Side-Bend Pose,,Strength Training,Abdominals,Body Only,Intermediate,,
352,HM Side-Plank Arm Wrap,,Strength Training,Abdominals,Body Only,Intermediate,,
353,HM Side-Plank with Hip Touch,,Strength Training,Abdominals,Body Only,Intermediate,,
354,HM Side-Plank with Kick,,Strength Training,Abdominals,Body Only,Intermediate,,
355,HM Side V-Up,,Strength Training,Abdominals,Body Only,Intermediate,,
356,HM Crab Crunch,,Strength Training,Abdominals,Body Only,Intermediate,,
357,HM Cross-Over Crunch,,Strength Training,Abdominals,Body Only,Intermediate,,
358,HM Crunch Pulse,,Strength Training,Abdominals,Body Only,Intermediate,,
359,HM Dead Bug,,Strength Training,Abdominals,Body Only,Intermediate,,
360,HM Single-Leg Inchworm,,Strength Training,Abdominals,Body Only,Intermediate,,
361,HM Floor Jack,,Strength Training,Abdominals,Body Only,Intermediate,,
362,HM Floor Wiper,,Strength Training,Abdominals,Body Only,Intermediate,,
363,HM Floor Kick,,Strength Training,Abdominals,Body Only,Intermediate,,
364,HM Sit-Up,,Strength Training,Abdominals,Body Only,Intermediate,,
365,HM Slow Mountain Climber,,Strength Training,Abdominals,Body Only,Intermediate,,
366,HM Slow Sit-Up,,Strength Training,Abdominals,Body Only,Intermediate,,
367,HM Half-Up,,Strength Training,Abdominals,Body Only,Intermediate,,
368,HM Hollow-Body Pulse,,Strength Training,Abdominals,Body Only,Intermediate,,
369,HM Hollow Hold,,Strength Training,Abdominals,Body Only,Intermediate,,
370,HM Inchworm,,Strength Training,Abdominals,Body Only,Intermediate,,
371,HM Right Side Hollow Hold with Pulse,,Strength Training,Abdominals,Body Only,Intermediate,,
372,HM Reverse Crunch with Frisbee,,Strength Training,Abdominals,Body Only,Intermediate,,
373,HM Left Side Bird-Dog,,Strength Training,Abdominals,Body Only,Intermediate,,
374,HM Left Side Crunch,,Strength Training,Abdominals,Body Only,Intermediate,,
375,HM Left Side Hollow Hold With Pulse,,Strength Training,Abdominals,Body Only,Intermediate,,
376,HM Reverse Crunch,,Strength Training,Abdominals,Body Only,Intermediate,,
377,HM Low Lunge With External Twist And Arm Reach,,Strength Training,Abdominals,Body Only,Intermediate,,
378,HM Mountain Climber,,Strength Training,Abdominals,Body Only,Intermediate,,
379,HM Prison Sit-Up,,Strength Training,Abdominals,Body Only,Intermediate,,
380,HM Plank Alternating Hip-Dip,,Strength Training,Abdominals,Body Only,Intermediate,,
381,HM Tuck-Up Get-Up,,Strength Training,Abdominals,Body Only,Intermediate,,
382,HM Flutter Kick,,Strength Training,Abdominals,Body Only,Intermediate,,
383,HM Plank,,Strength Training,Abdominals,Body Only,Intermediate,,
384,McGill Pull-Up,,Strength Training,Abdominals,Body Only,Intermediate,,
385,AM Leg Lift,"Podwyższenie nóg krzesła kapitana to ćwiczenie ukierunkowane na zginacze mięśni brzucha i bioder.Obejmuje aparat, który pozwala przedramionom spoczywać na podkładkach i pionowym tułowiu, aby swobodnie zawiesić.W przeciwieństwie do podwyżki kolan kapitana, nogi są tutaj proste.",Strength Training,Abdominals,Body Only,Intermediate,,
386,AM Decline Abs,"Set-up jest podstawowym ćwiczeniem, które działa Iliopsoas, quady, zginacze bioder i adduktory.Rectus Abdominis i skośne są stabilizatorem w tym ruchu.",Strength Training,Abdominals,Body Only,Intermediate,,
387,Hanging crunch,"Wiszący chrupnięcie ćwiczenia brzucha, które są skierowane do brzucha odbytnicy lub mięśni „sześciopakowych”.Można go wykonywać zwisające z pręta, na stacji dipu lub równoległych prętach, lub jeśli siła chwytu jest ograniczeniem, umieszczając łokcie w paskach AB.Jeśli zwisanie z prostego baru jest niewygodne na nadgarstki lub ramiona, możesz je również wykonać z neutralnym uchwytem (dłonie skierowane do siebie).Jest podobny do wiszącego kolana, ale z bardziej kręgosłupem i bardziej wyraźnym „chrupnięciem” u góry.",Strength Training,Abdominals,Body Only,Intermediate,,
388,Tyler Holt Hanging Toes-To-Bar,,Strength Training,Abdominals,Body Only,Intermediate,,
389,Side plank,"Boczna deska jest popularnym izometrycznym ćwiczeniem brzucha, koncentrującym się na ukośnych mięśniach, a także na mięśniach brzucha transpersusowych lub głębokich mięśniach rdzenia.Czasami jest łączony z lokami i psa ptakiem jako „McGill Big Three” dla siły i stabilności rdzenia.Jest wykonywany przez czas i może działać w rozgrzewce lub w rdzeniowej części każdego treningu.",Strength Training,Abdominals,Body Only,Intermediate,,
390,Bird dog-,Ptak pies jest podstawowym ćwiczeniem zaprojektowanym w celu wzmocnienia i stabilizacji łańcucha tylnego.Polega na podniesieniu ramię i nogi w przeciwnej stronie w pozycji tabletopa z zgiętą nogą.Jest najczęściej wykonywany jako część dynamicznego rozgrzewki lub mobilności i aktywacji mięśni w dowolnym momencie.,Strength Training,Abdominals,Body Only,Intermediate,,
391,Single-leg curl up,"Ziemianie jednorazowe to ruch brzucha masy ciała, który uczy i wzmacnia „stężenie” brzucha do treningu siłowego.Zazwyczaj jest to wykonywane wraz z wariantami psa ptaka i deski bocznej jako „McGill Big Three”.Przewijanie można wykonywać czas lub dla powtórzeń, z przerwami lub bez w górnej pozycji, w ramach rozgrzewki lub komponentu zorientowanego na rdzeń każdego treningu.",Strength Training,Abdominals,Body Only,Intermediate,,
392,Single-kettlebell windmill,Windmill Singlettlebell to dynamiczne ćwiczenie kettlebell podkreślające siłę rdzenia oraz mobilność i stabilność bioder i stabilność.Jest często stosowany jako funkcjonalny rozgrzewka lub do wielokierunkowej pracy siłowej.Nie działa tak dobrze w MetCon lub warunkowym i nie należy go wykonywać pod intensywnym zmęczeniem.,Strength Training,Abdominals,Body Only,Intermediate,,
393,UNS Foam Roll Thigh,,Strength Training,Abdominals,Body Only,Intermediate,,
394,UNS Inverted row,,Strength Training,Abdominals,Body Only,Intermediate,,
395,UNS T-spine rotation with reach,,Strength Training,Abdominals,Body Only,Intermediate,,
396,UNS Quadruped thoracic rotation,,Strength Training,Abdominals,Body Only,Intermediate,,
397,UNS Pec stretch,,Strength Training,Abdominals,Body Only,Intermediate,,
398,UNS Lat stretch,,Strength Training,Abdominals,Body Only,Intermediate,,
399,UNS Foam Roll,,Strength Training,Abdominals,Body Only,Intermediate,,
400,UNS Foam Roll Lats,,Strength Training,Abdominals,Body Only,Intermediate,,
401,UNS Rocking Adductor Stretch,,Strength Training,Abdominals,Body Only,Intermediate,,
402,UNS Bird Dog,,Strength Training,Abdominals,Body Only,Intermediate,,
403,UNS Jumping Jack,,Strength Training,Abdominals,Body Only,Intermediate,,
404,Ab wheel roll-out,"Wdrożenie koła AB to ćwiczenie ukierunkowane na brzuch za pomocą niedrogiego urządzenia kół z uchwytem po obu stronach.Wielu trenerów i trenerów siły twierdzi, że jest to jedno z najlepszych ćwiczeń dla rozwoju siły w środkowej części.Początkujący mogą zacząć od ograniczonego zakresu ruchu lub po prostu deski do koła.",Strength Training,Abdominals,Body Only,Intermediate,,
405,Bench mountain climber,"Bench Mountain to wspinacz jest ćwiczeniem masy ciała, które działają rdzeń, ramiona i dolne ciało, jednocześnie spalanie wielu kalorii.Umieszczenie dłoni na podwyższonej powierzchni, takiej jak ławka, zmniejsza wyzwanie dla ramion, pozwalając podnośnikom skupić się na innych częściach ciała.Wariacje wspinacza górskiego są zwykle wykonywane w szybkim tempie dla umiarkowanych do wysokich powtórzeń, takich jak 8-12 powtórzeń na nogę lub więcej.",Strength Training,Abdominals,Body Only,Intermediate,,
406,Feet-elevated bench side plank,"Zakładana na stóp deska boczna to zaawansowana wersja bocznej deski wykonanej z stopami podwyższonymi na ławce.Kieruje się na te same mięśnie, co deska boczna, w tym skośne, ramiona i biodra boczne, ale kąt ciała sprawia, że ​​jest to trudniejsze niż boczne deski na podłodze.Większość podnośników będzie musiała przejść do tej wersji po opanowaniu podstawowej deski bocznej.",Strength Training,Abdominals,Body Only,Intermediate,,
407,Cross-body sit-up,"Syt-U-U-Upt-Up to ćwiczenie masy ciała ukierunkowane na mięśnie AB, skośne i odbytnicze brzuszne, a zwłaszcza mięśnie „sześciopakowe”.Polega na połączeniu kolana i łokcia w przeciwnej strony, zwykle na przemian z każdym powtórzeniem.Można go wykonywać dla czasu lub powtórzeń w ramach zorientowanej na A części każdego treningu.",Strength Training,Abdominals,Body Only,Intermediate,,
408,Decline kayak,"Spadek kajak jest podstawowym ćwiczeniem ukierunkowanym na skośne.Polega na wykonaniu ruchu wiosłowania na ławce z zakotwiczonymi stopami, używając pręta lub rury do ciężaru.Zazwyczaj wykonuje się to dla umiarkowanych do wysokich powtórzeń, co najmniej 8-12 powtórzeń na stronę, w ramach skoncentrowanej na A AB treningu lub obwodu.",Strength Training,Abdominals,Body Only,Intermediate,,
409,30 Decline Reverse Crunch,Odwrotne kryzys jest podstawowym ćwiczeniem ukierunkowanym na niższe brzuch.,Strength Training,Abdominals,Body Only,Intermediate,,
410,Decline sit-up twist,"Zakręcenie upadku jest ćwiczeniem rdzeniowym masy ciała, które są ukierunkowane na skośne, a także mięśnie brzuszne odbytnicy lub „sześciopakowe”.Wariacji sit-up są zwykle wykonywane dla umiarkowanych do wysokich powtórzeń, takich jak 10-15 powtórzeń na zestaw lub więcej, w ramach części treningu skoncentrowanego na rdzeniu.",Strength Training,Abdominals,Body Only,Intermediate,,
411,30 Flat Bench Leg Raise,"Leżąca podnośnik nogi jest popularnym ćwiczeniem masy ciała skierowanymi do mięśni brzucha, odbytnicy brzusznej, a zwłaszcza mięśni „sześciopakowych”.Można go wykonywać dla czasu lub powtórzeń w rdzeniowej części każdego treningu.",Strength Training,Abdominals,Body Only,Intermediate,,
412,30 Flutter Kick,"Kopnięcie trzepotania jest podstawowym ćwiczeniem, w którym nogi są przytrzymywane z ziemi, gdy trzepasz stopy nad i pod sobą w małych ruchach.Kieruje się na wiele mięśni rdzenia, ale zwłaszcza mięśnie brzuszne odbytnicy lub „sześciopakowe”.Można go wykonywać dla czasu lub powtórzeń w skoncentrowanej przez A części każdego treningu.",Strength Training,Abdominals,Body Only,Intermediate,,
413,Chin-up crunch,"Chrupnięcie podbródka jest ćwiczeniem ukierunkowanym na rdzeń i ogólną siłę górnego ciała.Łączy podbródek z podnoszeniem kolan lub chrupnięciem, aby nadać dodatkowy nacisk na rdzeń.",Strength Training,Abdominals,Body Only,Intermediate,,
414,30 Gorilla Chin Oblique Crunch,,Strength Training,Abdominals,Body Only,Intermediate,,
415,Half Turkish get-up,"Pół tureckiego wstania to ruch kettlebell, który koncentruje się na pierwszej części tureckich ćwiczeń.Często uczy się go jako prekursora pełnego tureckiego wstawania, ale jest również cennym ćwiczeniem brzucha i ramion.Można go wykonać dla powtórzeń lub czasu, albo w niższych zakresach powtórzeń w zakresie wytrzymałości lub wyższych zakresów powtórzeń w zakresie praktyki techniki lub kondycjonowania.",Strength Training,Abdominals,Body Only,Intermediate,,
416,30 Hanging Oblique Crunch,"Wiszący ukośny chrupnięcie, ćwiczenie brzucha, które są skierowane zarówno do mięśni odbytnicy, jak i mięśni „sześciopakowych”, jak i skośnych mięśni.Można go wykonywać zwisające z paska lub jeśli siła chwytu jest ograniczeniem, umieszczając łokcie w paskach AB.Jeśli zwisanie z prostego baru jest niewygodne na nadgarstki lub ramię, możesz je również wykonać z neutralnym uchwytem (dłonie skierowane do siebie)",Strength Training,Abdominals,Body Only,Intermediate,,
417,30 Hollow-Body Hold,"Holl-Body Hold to ćwiczenie izometryczne, które zwiększa siłę i stabilność w mięśniach rdzenia.Jest to powszechne w treningu gimnastycznym, treningu CrossFit oraz jako podstawowe napięcie i usztywnienie ćwiczeń dla podnośników i sportowców wszystkich typów.Jest wykonywany przez czas i może być wykonywany jako wiertło aktywacyjne przed podnoszeniem, jako część obwodu lub jako szkolenie podstawowe bez sprzętu w dowolnym momencie.",Strength Training,Abdominals,Body Only,Intermediate,,
418,Parallel bars knee raise,"Równoległe podnoszenie kolan jest ćwiczeniem masy ciała, które są ukierunkowane na ABS.Jest wykonywany na równoległych słupkach, zaczynając od górnej pozycji zanurzenia.Podwyżki kolana są często wykonywane dla umiarkowanych do wysokich powtórzeń, takich jak 8-12 powtórzeń lub więcej, w ramach treningu skoncentrowanego na AB.",Strength Training,Abdominals,Body Only,Intermediate,,
419,30 Landmine Twist,"Twist Minmine to rotacyjny ruch brzucha wykonany przy użyciu kątowej sztangi zakotwiczonej na poziomie podłogi w urządzeniu lądowym.Można go również wykonać, wkładając sztangę w rogu pokoju, najlepiej w ręczniku, aby chronić ściany.Kieruje się na głębokie mięśnie rdzenia, w tym zarówno skośne, jak i przejściowe brzuch.Można to zrobić szybko lub powoli, dla czasu lub powtórzeń, w tradycyjnych zakresach powtórzeń skoncentrowanych na mięśniach, takich jak 8-12 powtórzeń na stronę.",Strength Training,Abdominals,Body Only,Intermediate,,
420,Parallel bars leg raise,"Równoległe podnoszenie prętów to ćwiczenie masy ciała, które są ukierunkowane na ABS.Jest wykonywany na równoległych słupkach, zaczynając od górnej pozycji zanurzenia.Podwyżki nóg są często wykonywane dla umiarkowanych do wysokich powtórzeń, takich jak 8-12 powtórzeń lub więcej, w ramach treningu skoncentrowanego na AB.Jednak ta trudna odmiana może wymagać trochę czasu na zbudowanie tych zakresów powtórzeń.",Strength Training,Abdominals,Body Only,Intermediate,,
421,Otis-up-,"Otis-Up jest ważonym ćwiczeniem koncentrującym się na mięśniach brzucha i ramionach w mniejszym stopniu.Kieruje się przede wszystkim mięśni brzucha odbytnicy lub „sześciopak”, ale obejmuje także skośne i głębokie mięśnie rdzenia.Zwykle wykonuje się go na ławce o spadku, trzymając płytkę wagową, ale można go również wykonać za pomocą hantli, kettlebell lub innej wagi.",Strength Training,Abdominals,Body Only,Intermediate,,
422,30 Shoulder Tap,"Tap ramion jest ćwiczeniem skierowanym do brzucha i rdzenia.Podstawowa postawa pasuje do góry pozycji push-up.Stamtąd jedna ręka jest podniesiona, aby stuknąć przeciwne ramię.Stuknięcie z każdą ręką do każdego przeciwnego ramienia równa się jednemu powtórzeniu.",Strength Training,Abdominals,Body Only,Intermediate,,
423,30 Spider Crawl,"Fajnik pająka to ćwiczenie masy ciała, które obejmuje czołganie się na podłodze z kolanami poza łokciami.Różni się od pełzania lamparta, ponieważ biodra są wyższe i różni się od pełzającego niedźwiedzie, ponieważ kolana są szersze.Można to zrobić jako rozgrzewkę całego ciała, w krótkich seriach treningu mocy lub obwodu lub dłuższego czasu trwania jako kondycjonowanie sercowo-naczyniowe.",Strength Training,Abdominals,Body Only,Intermediate,,
424,Spider crunch,"Spider Crunch to podstawowe ćwiczenie, które rozpoczyna się w pozycji deski prostej i obejmuje podniesienie jednego kolana w kierunku łokcia tego samego po stronie, aby ukierunkować się na ukośne.Jest podobny do wspinacza górskiego, ale z szerszymi kolanami.Można go wykonywać dla czasu lub powtórzeń jako trening lub kondycjonowanie AB.",Strength Training,Abdominals,Body Only,Intermediate,,
425,Toe-touch,"Utwór palca to ruch masy ciała, który atakuje mięśnie brzucha, odbytnicy brzusznej, a zwłaszcza mięśni „sześciopakowych”.Można go wykonywać dla czasu lub powtórzeń w skoncentrowanej przez A części każdego treningu.",Strength Training,Abdominals,Body Only,Intermediate,,
426,30 Hanging Toes-To-Bar,"Wiszące palce u stóp do baru to zaawansowane ćwiczenie brzucha, w którym podnośnik dotyka ich stóp do podciągnięcia.Istnieje wiele sposobów wykonania tego ruchu: ścisłe lub huśtające się, ramiona całkowicie proste lub lekko wygięte, nogi proste lub wygięte, każdy zapewnia unikalne korzyści i wyzwania.Początkowo może to być trudny ruch dla jednego przedstawiciela, ale po zbudowaniu wymaganego rdzenia, lat i siły barku można go wykonać dla wyższych powtórzeń.",Strength Training,Abdominals,Body Only,Intermediate,,
427,30 V-Up,"V-UP jest ruchem masy ciała, który atakuje mięśnie brzucha, odbytnicy brzusznej, a zwłaszcza mięśni „sześciopakowych”.Jest podobny do kryzysu walizki, ale dolna część tylna unosi się z ziemi u góry każdego powtórzenia.Można go wykonywać dla czasu lub powtórzeń w skoncentrowanej przez A części każdego treningu.",Strength Training,Abdominals,Body Only,Intermediate,,
428,Cocoon crunch,"Krzyżowca jest ćwiczeniem masy ciała skierowaną do mięśni AB, odbytnicy brzusznej, a zwłaszcza mięśni „sześciopakowych”.Polega na przyniesieniu kolan do klatki piersiowej i ramion od gór do środka.Można go wykonywać dla czasu lub powtórzeń w ramach zorientowanej na A części każdego treningu.",Strength Training,Abdominals,Body Only,Intermediate,,
429,Bench oblique crunch,"Bench Dyque Crunch to ćwiczenie, które są ukośne, mięśnie biegną wzdłuż brzucha odbytnicy.Zakres ruchu jest dość mały, ale nadal świetnie wykonuje te trudne do izolowania mięśnie.Podobnie jak większość wariantów chrupiących, jest to zwykle wykonywane dla umiarkowanych do wysokich powtórzeń, takich jak 8-12 powtórzeń na zestaw lub więcej.",Strength Training,Abdominals,Body Only,Intermediate,,
430,Full moon-,"Księżyc w pełni jest ćwiczeniem masy ciała ukierunkowane na mięśnie brzucha.Jest podobny do V-UP, ale z dodatkowym wyzwaniem „rysowania” kształtu koła w powietrzu podczas każdego powtórzenia.Można go wykonywać dla czasu lub powtórzeń w rdzeniowej części każdego treningu.",Strength Training,Abdominals,Body Only,Intermediate,,
431,Push-up to side plank,"Push-up do deski bocznej jest ćwiczenie zorientowane na górną i rdzeń łączące dwa popularne ruchy masy ciała.Kieruje się na klatkę piersiową, triceps i ramiona z pompką oraz ukośne i zewnętrzne mięśnie rotatora biodrowego z boczną deską.Można go wykonywać jako część dynamicznego rozgrzewki lub dowolnego treningu siły w wadze ciała.",Strength Training,Abdominals,Body Only,Intermediate,,
432,Tyler Holt V-Up,,Strength Training,Abdominals,Body Only,Intermediate,,
433,Tyler Holt Plank,,Strength Training,Abdominals,Body Only,Intermediate,,
434,Tyler Holt Hip-Dip,,Strength Training,Abdominals,Body Only,Intermediate,,
435,Suicides,,Strength Training,Abdominals,Body Only,Intermediate,,
436,Holman Towel Straight Plank Jack,,Strength Training,Abdominals,Body Only,Intermediate,,
437,Holman Towel Hill Climber,,Strength Training,Abdominals,Body Only,Intermediate,,
438,Holman Towel Elbow Plank Jack,,Strength Training,Abdominals,Body Only,Intermediate,,
439,Holman Towel Elbow Plank Pike,,Strength Training,Abdominals,Body Only,Intermediate,,
440,Holman Towel Straight Plank Hand Reach,,Strength Training,Abdominals,Body Only,Intermediate,,
441,Holman Towel Wax-On Wax-Off,,Strength Training,Abdominals,Body Only,Intermediate,,
442,Holman Towel Wide Hill Climber,,Strength Training,Abdominals,Body Only,Intermediate,,
443,Holman Towel Dirty Dog,,Strength Training,Abdominals,Body Only,Intermediate,,
444,Holman Straight Plank Shoulder Tap,,Strength Training,Abdominals,Body Only,Intermediate,,
445,Holman Killer Abs,,Strength Training,Abdominals,Body Only,Intermediate,,
446,Holman Straight Plank Split Jack,,Strength Training,Abdominals,Body Only,Intermediate,,
447,Holman Elbow Plank Swim,,Strength Training,Abdominals,Body Only,Intermediate,,
448,Holman Elbow Plank Saw,,Strength Training,Abdominals,Body Only,Intermediate,,
449,Holman Feet-Elevated Straight Plank Toe-Tap Series,,Strength Training,Abdominals,Body Only,Intermediate,,
450,Holman Elbow Plank Pike Pull,,Strength Training,Abdominals,Body Only,Intermediate,,
451,Holman Hand-Elevated Walk-Over Push-Up,,Strength Training,Abdominals,Body Only,Intermediate,,
452,Holman Hands-Elevated Hill Climber,,Strength Training,Abdominals,Body Only,Intermediate,,
453,Holman Seated Pike,,Strength Training,Abdominals,Body Only,Intermediate,,
454,Holman Feet-Elevated Up-Down Plank,,Strength Training,Abdominals,Body Only,Intermediate,,
455,Holman Feet-Elevated Hand Tap,,Strength Training,Abdominals,Body Only,Intermediate,,
456,Holman Reverse Straight Plank with Alternating Heel Pull-In,,Strength Training,Abdominals,Body Only,Intermediate,,
457,Holman Elbow Plank,,Strength Training,Abdominals,Body Only,Intermediate,,
458,Holman Straight Plank Squat Thrust,,Strength Training,Abdominals,Body Only,Intermediate,,
459,Holman Alternating Single-Leg Pike,,Strength Training,Abdominals,Body Only,Intermediate,,
460,Holman Knee Pull-In Crunch,,Strength Training,Abdominals,Body Only,Intermediate,,
461,Holman Straight Plank with Hand Tap,,Strength Training,Abdominals,Body Only,Intermediate,,
462,Holman Straight Plank with Dirty Dog,,Strength Training,Abdominals,Body Only,Intermediate,,
463,Holman Elbow Plank Roll,,Strength Training,Abdominals,Body Only,Intermediate,,
464,Holman Froggy Push-Up,,Strength Training,Abdominals,Body Only,Intermediate,,
465,Holman Straight Plank Hand Tap to Shoulder Tap,,Strength Training,Abdominals,Body Only,Intermediate,,
466,Holman In-Out Straight Plank,,Strength Training,Abdominals,Body Only,Intermediate,,
467,Holman Bicycle,,Strength Training,Abdominals,Body Only,Intermediate,,
468,Holman Alternating Diagonal Knee Pull-in,,Strength Training,Abdominals,Body Only,Intermediate,,
469,Holman Elbow Plank with Step-Out,,Strength Training,Abdominals,Body Only,Intermediate,,
470,Holman Alternating Slow L-Raise,,Strength Training,Abdominals,Body Only,Intermediate,,
471,Holman Feet-Elevated Plank with Shoulder Tap,,Strength Training,Abdominals,Body Only,Intermediate,,
472,Holman Feet-Elevated Inchworm Pike to Straight Plank Push-Up,,Strength Training,Abdominals,Body Only,Intermediate,,
473,Holman Feet-Elevated Up-Down Elbow Plank,,Strength Training,Abdominals,Body Only,Intermediate,,
474,Holman Feet-Elevated Plank Pike Pull,,Strength Training,Abdominals,Body Only,Intermediate,,
475,Holman Feet-Elevated Alternating Single-Leg Hip Raise,,Strength Training,Abdominals,Body Only,Intermediate,,
476,Holman Feet-Elevated Plank Pike Pull to Push-Up,,Strength Training,Abdominals,Body Only,Intermediate,,
477,Holman Standing Heel Click,,Strength Training,Abdominals,Body Only,Intermediate,,
478,Holman Straight Plank Right-Left Jack to Split Jack,,Strength Training,Abdominals,Body Only,Intermediate,,
479,Holman Elbow Plank Jack to Ninja Knees,,Strength Training,Abdominals,Body Only,Intermediate,,
480,Holman Right Side Elbow Plank with Left Leg Swing,,Strength Training,Abdominals,Body Only,Intermediate,,
481,Holman Left Side Elbow Plank with Right Leg Swing,,Strength Training,Abdominals,Body Only,Intermediate,,
482,Holman Straight Plank with Alternating Diagonal Sit-Back,,Strength Training,Abdominals,Body Only,Intermediate,,
483,Holman Boat Press with Leg Extension,,Strength Training,Abdominals,Body Only,Intermediate,,
484,Holman Shoulder Tap to Dirty Dog,,Strength Training,Abdominals,Body Only,Intermediate,,
485,Holman Standing Russian Twist,,Strength Training,Abdominals,Body Only,Intermediate,,
486,Holman Hovering Plank with Shoulder Tap,,Strength Training,Abdominals,Body Only,Intermediate,,
487,Holman Elbow Plank to Stacked Plank Hip Drop,,Strength Training,Abdominals,Body Only,Intermediate,,
488,Holman Elbow Plank to Walk-Up Pike,,Strength Training,Abdominals,Body Only,Intermediate,,
489,Holman Hill Climber,,Strength Training,Abdominals,Body Only,Intermediate,,
490,Holman Straight Plank Pike to Renegade Row,,Strength Training,Abdominals,Body Only,Intermediate,,
491,Holman Alternating Hip Drop to Push-Up,,Strength Training,Abdominals,Body Only,Intermediate,,
492,Holman Crab Kick,,Strength Training,Abdominals,Body Only,Intermediate,,
493,Holman Wounded Bear Crawl,,Strength Training,Abdominals,Body Only,Intermediate,,
494,Holman Alternating Crab Reach,,Strength Training,Abdominals,Body Only,Intermediate,,
495,Holman Hovering Panther Core Stabilizer,,Strength Training,Abdominals,Body Only,Intermediate,,
496,Holman Burpee to Forward Lunge,,Strength Training,Abdominals,Body Only,Intermediate,,
497,Holman Seated Knee Pull-In Series,,Strength Training,Abdominals,Body Only,Intermediate,,
498,Holman Elbow Plank Pike,,Strength Training,Abdominals,Body Only,Intermediate,,
499,Holman Elbow Plank Jack to Straight Plank Split Jack,,Strength Training,Abdominals,Body Only,Intermediate,,
500,Holman Boat Pull-Over,,Strength Training,Abdominals,Body Only,Intermediate,,
501,Holman Squat Pulse to Plyometric Jump,,Strength Training,Abdominals,Body Only,Intermediate,,
502,Holman Hands Down Heel Click,,Strength Training,Abdominals,Body Only,Intermediate,,
503,Holman Straight Plank to Kick-Up,,Strength Training,Abdominals,Body Only,Intermediate,,
504,Holman Hands-Elevated Split Jack,,Strength Training,Abdominals,Body Only,Intermediate,,
505,Holman Feet-Elevated Plank Reach,,Strength Training,Abdominals,Body Only,Intermediate,,
506,Holman Hand-Elevated Side Plank Semicircle,,Strength Training,Abdominals,Body Only,Intermediate,,
507,Holman Hands-Elevated Straight Plank Pike,,Strength Training,Abdominals,Body Only,Intermediate,,
508,Holman Alternating Rolling Elbow Plank,,Strength Training,Abdominals,Body Only,Intermediate,,
509,Holman Elbow Plank Jack,,Strength Training,Abdominals,Body Only,Intermediate,,
510,Holman Squat Thrust to Alternating Knee-In,,Strength Training,Abdominals,Body Only,Intermediate,,
511,Holman Supine Double Pike,,Strength Training,Abdominals,Body Only,Intermediate,,
512,Holman Elbow Plank Alternating Pike,,Strength Training,Abdominals,Body Only,Intermediate,,
513,Holman Seated Killer Abs,,Strength Training,Abdominals,Body Only,Intermediate,,
514,Holman Side Plank Hip Drop,,Strength Training,Abdominals,Body Only,Intermediate,,
515,Holman Wide Hill Climber,,Strength Training,Abdominals,Body Only,Intermediate,,
516,Holman Straight-Legged Bicycle,,Strength Training,Abdominals,Body Only,Intermediate,,
517,Holman Stair Toe Tap,,Strength Training,Abdominals,Body Only,Intermediate,,
518,Holman Elbow Plank Ninja,,Strength Training,Abdominals,Body Only,Intermediate,,
519,Holman Traveling Stair Climb Push-Up,,Strength Training,Abdominals,Body Only,Intermediate,,
520,Holman Hands-Elevated Burpee,,Strength Training,Abdominals,Body Only,Intermediate,,
521,Holman Straight Plank Donkey Kick,,Strength Training,Abdominals,Body Only,Intermediate,,
522,Holman Feet-Elevated Straight Plank Pike Pull,,Strength Training,Abdominals,Body Only,Intermediate,,
523,Holman Towel Burpee,,Strength Training,Abdominals,Body Only,Intermediate,,
524,Holman Elbow Plank to Alternating Side Plank Crunch,,Strength Training,Abdominals,Body Only,Intermediate,,
525,Holman Straight-Legged Hip Raise,,Strength Training,Abdominals,Body Only,Intermediate,,
526,Holman Feet-Elevated Hill Climber,,Strength Training,Abdominals,Body Only,Intermediate,,
527,Holman Ninja Knee Hill Climber,,Strength Training,Abdominals,Body Only,Intermediate,,
528,Holman Feet-Elevated Shoulder Tap,,Strength Training,Abdominals,Body Only,Intermediate,,
529,Holman Feet-Elevated Hip Raise,,Strength Training,Abdominals,Body Only,Intermediate,,
530,Holman Left Hand Right Foot Crab Reach,,Strength Training,Abdominals,Body Only,Intermediate,,
531,Holman Alternating Crab Flip to Froggy Push-Up to Kicks,,Strength Training,Abdominals,Body Only,Intermediate,,
532,Holman Right Hand Left Foot Sleeping Crab,,Strength Training,Abdominals,Body Only,Intermediate,,
533,Holman Left Hand Right Foot Sleeping Crab,,Strength Training,Abdominals,Body Only,Intermediate,,
534,Holman Straight Plank with Alternating Leg Kick-Under,,Strength Training,Abdominals,Body Only,Intermediate,,
535,Holman Right Hip Drop Push-Up,,Strength Training,Abdominals,Body Only,Intermediate,,
536,Holman Right Side Diagonal Burpee,,Strength Training,Abdominals,Body Only,Intermediate,,
537,Holman Left Hip Drop Push-Up,,Strength Training,Abdominals,Body Only,Intermediate,,
538,Holman Right Leg 7-Up Crunch,,Strength Training,Abdominals,Body Only,Intermediate,,
539,Holman Left Leg 7-Up Crunch,,Strength Training,Abdominals,Body Only,Intermediate,,
540,Holman Straight Plank Jack,,Strength Training,Abdominals,Body Only,Intermediate,,
541,Holman Feet-Elevated Couch Hill Climber,,Strength Training,Abdominals,Body Only,Intermediate,,
542,Holman Feet-Elevated Right Side Plank,,Strength Training,Abdominals,Body Only,Intermediate,,
543,Holman Alternating Up-Down Plank to Push-Up,,Strength Training,Abdominals,Body Only,Intermediate,,
544,Holman Straight Plank Pike,,Strength Training,Abdominals,Body Only,Intermediate,,
545,Holman Ninja Knee Straight Plank,,Strength Training,Abdominals,Body Only,Intermediate,,
546,Holman Reverse Crunch to Hip Raise,,Strength Training,Abdominals,Body Only,Intermediate,,
547,Holman Straight Plank Quick Reach,,Strength Training,Abdominals,Body Only,Intermediate,,
548,Holman Alternating Diagonal Straight Plank,,Strength Training,Abdominals,Body Only,Intermediate,,
549,Holman Feet-Elevated Left Side Plank,,Strength Training,Abdominals,Body Only,Intermediate,,
550,Holman Right Hand Left Foot Crab Reach,,Strength Training,Abdominals,Body Only,Intermediate,,
551,Holman Low-Impact Crab Kick,,Strength Training,Abdominals,Body Only,Intermediate,,
552,Holman Alternating Crab Flip to Froggy Push-Up,,Strength Training,Abdominals,Body Only,Intermediate,,
553,Holman High-Impact Crab Kick,,Strength Training,Abdominals,Body Only,Intermediate,,
554,Holman Single-Leg Right Pike,,Strength Training,Abdominals,Body Only,Intermediate,,
555,Holman Single-Leg Left Pike,,Strength Training,Abdominals,Body Only,Intermediate,,
556,Holman Shoulder Tap to Hand Tap,,Strength Training,Abdominals,Body Only,Intermediate,,
557,Holman Towel Reverse Plank Jack,,Strength Training,Abdominals,Body Only,Intermediate,,
558,Holman Side-to-Side Twist,,Strength Training,Abdominals,Body Only,Intermediate,,
559,Holman Crab Kick with Hop,,Strength Training,Abdominals,Body Only,Intermediate,,
560,Holman Crab Reach to Crab Kick,,Strength Training,Abdominals,Body Only,Intermediate,,
561,Holman Wide Squat Side-to-Side Obliques,,Strength Training,Abdominals,Body Only,Intermediate,,
562,Holman Side Plank Crunch,,Strength Training,Abdominals,Body Only,Intermediate,,
563,Total Fitness Ab Tuck,"Kolannik z pustego ciała to ćwiczenie brzucha masy ciała wykonywane na podłodze.Jest podobny zarówno do uchwytu nagłośnie, jak i kruchy kolan lub odwrotnego kryzysu, łącząc elementy obu.Przede wszystkim atakuje mięśnie brzuchy odbytnicy lub mięśnie „sześciopak”.Można go wykonywać dla powtórzeń lub czasu, albo jako część treningu skoncentrowanego na A lub jako element treningu obwodu.",Strength Training,Abdominals,Body Only,Intermediate,,
564,Active hang from bar,"Aktywne zawieszenie z baru jest ćwiczeniem statycznym, które obejmuje izometrycznie wciskając ramiona do gniazd i aktywowanie mięśni górnego tyłu i rdzenia.Można go użyć do poprawy form podciągania lub do wykonania większej liczby podciągnięć, ale ma także korzyści zdrowotne postawy i barku.",Strength Training,Abdominals,Body Only,Intermediate,,
565,Cat-cow,"Cat-Cow to tradycyjna pozycja jogi, która jest również popularna w treningu fitness i siłowym.Skieruje się do ruchliwości kręgosłupa i kontroli kolumny kręgowej.Można go wykonywać dla czasu lub powtórzeń w ramach dynamicznego rozgrzewki lub jako mobilność lub ćwiczenie naprawcze w dowolnym momencie.Może również działać w ramach sekwencji jogi lub masy ciała z innymi pozami.",Strength Training,Abdominals,Body Only,Intermediate,,
566,Crab walk,"Krab Walk to ćwiczenie całego ciała, które od dziesięcioleci jest popularne w szkołach i na siłowni.Jest to wyzwanie dla koordynacji całego ciała, które również spala poważne kalorie, co czyni go doskonałym włączeniem do rozgrzewki na całe ciało lub w obwodzie masy ciała.",Strength Training,Abdominals,Body Only,Intermediate,,
567,Lunge with overhead reach,"Lunge z zasięgiem napowietrznym jest ruch na całe ciało w masie ciała ukierunkowane na quady i ramiona.Ma zarówno korzyści siły, jak i mobilności i można go wykonać jedną nogę na raz lub na przemian na czas lub dla powtórzeń.",Strength Training,Abdominals,Body Only,Intermediate,,
568,Hang from bar,"Władziej z baru to ćwiczenie statyczne, które obejmuje zwisanie z baru dwoma rękami.Może to być albo „aktywne zawieszenie”, w którym pakujesz ramiona i aktywujesz mięśnie górnej części pleców, albo „pasywne zawieszenie”, w którym pozwalasz ramionom rozpakować się i pozwalasz rozciągnąć mięśnie górnego ciała.Wiszka pasywna może nie być odpowiednia dla wszystkich ludzi w zależności od zdrowia barku, ale wielu trenerów uważa, że ​​wiszące może być zdrowe dla ramion, gdy zostanie wykonane prawidłowo.",Strength Training,Abdominals,Body Only,Intermediate,,
569,Total Fitness Hollow Hold,"Holl-Body Hold to ćwiczenie izometryczne, które zwiększa siłę i stabilność w mięśniach rdzenia.Jest to powszechne w treningu gimnastycznym, treningu CrossFit oraz jako podstawowe napięcie i usztywnienie ćwiczeń dla podnośników i sportowców wszystkich typów.Jest wykonywany przez czas i może być wykonywany jako wiertło aktywacyjne przed podnoszeniem, jako część obwodu lub jako szkolenie podstawowe bez sprzętu w dowolnym momencie.",Strength Training,Abdominals,Body Only,Intermediate,,
570,Total Fitness Side Plank,"Boczna deska jest popularnym izometrycznym ćwiczeniem brzucha, koncentrującym się na ukośnych mięśniach, a także na mięśniach brzucha transpersusowych lub głębokich mięśniach rdzenia.Czasami jest łączony z lokami i psa ptakiem jako „McGill Big Three” dla siły i stabilności rdzenia.Jest wykonywany przez czas i może działać w rozgrzewce lub w rdzeniowej części każdego treningu.",Strength Training,Abdominals,Body Only,Intermediate,,
571,Side plank pulse,"Puls deski bocznej jest dynamiczną wersją Ćwiczenia bocznego deski koncentrującego się na skośnych mięśniach, a także na mięśniach transmorsusowych lub mięśniach głębokich rdzenia.Może być wykonywany dla czasu lub powtórzeń i może pracować w rozgrzewce lub w rdzeniowej części każdego treningu.",Strength Training,Abdominals,Body Only,Intermediate,,
572,Total Fitness Spider Crawl (Unweighted),"Fajnik pająka to ćwiczenie masy ciała, które obejmuje czołganie się na podłodze z kolanami poza łokciami.Różni się od pełzania lamparta, ponieważ biodra są wyższe i różni się od pełzającego niedźwiedzie, ponieważ kolana są szersze.Można to zrobić jako rozgrzewkę całego ciała, w krótkich seriach treningu mocy lub obwodu lub dłuższego czasu trwania jako kondycjonowanie sercowo-naczyniowe.",Strength Training,Abdominals,Body Only,Intermediate,,
573,Total Fitness V-Up,"V-UP jest ruchem masy ciała, który atakuje mięśnie brzucha, odbytnicy brzusznej, a zwłaszcza mięśni „sześciopakowych”.Jest podobny do kryzysu walizki, ale dolna część tylna unosi się z ziemi u góry każdego powtórzenia.Można go wykonywać dla czasu lub powtórzeń w skoncentrowanej przez A części każdego treningu.",Strength Training,Abdominals,Body Only,Intermediate,,
574,MetaBurn Alternating Knee-to-Elbow Mountain Climber,,Strength Training,Abdominals,Body Only,Intermediate,,
575,Alternating sit-through with crunch-,"Naprzemiennie usikanie z chrupnięciem to ruch całego ciała, który zaczyna się w pozycji pełzającej niedźwiedzie, a kończy się nogą wyrzuconą na bok.Pomiędzy przedstawicielami wykonujesz chrupnięcie.Jest to powszechnie wykonywane dla powtórzeń lub czasu w obwodach masy ciała i przepływach w stylu zwierząt, ale może również działać samodzielnie lub jako część dynamicznej sekwencji rozgrzewki lub mobilności.",Strength Training,Abdominals,Body Only,Intermediate,,
576,MetaBurn Alternating Toe-Touch,,Strength Training,Abdominals,Body Only,Intermediate,,
577,MetaBurn Janda Sit-Up,,Strength Training,Abdominals,Body Only,Intermediate,,
578,MetaBurn Oblique Roll Crunch,,Strength Training,Abdominals,Body Only,Intermediate,,
579,MetaBurn Plank Jack,,Strength Training,Abdominals,Body Only,Intermediate,,
580,MetaBurn Plank To Alternating Side Plank,,Strength Training,Abdominals,Body Only,Intermediate,,
581,MetaBurn Plank Up-Down,,Strength Training,Abdominals,Body Only,Intermediate,,
582,MetaBurn Plank Wiper,,Strength Training,Abdominals,Body Only,Intermediate,,
583,MetaBurn Plank With Alternating Toe-Touch,,Strength Training,Abdominals,Body Only,Intermediate,,
584,MetaBurn Plyo Push-Up,,Strength Training,Abdominals,Body Only,Intermediate,,
585,MetaBurn Psycho Crunch,,Strength Training,Abdominals,Body Only,Intermediate,,
586,MetaBurn Scapular Retraction Plank,,Strength Training,Abdominals,Body Only,Intermediate,,
587,MetaBurn Scapular Retraction Plank Hold,,Strength Training,Abdominals,Body Only,Intermediate,,
588,MetaBurn Scorpion,,Strength Training,Abdominals,Body Only,Intermediate,,
589,MetaBurn Side Crawler,,Strength Training,Abdominals,Body Only,Intermediate,,
590,MetaBurn Side Plank Oblique Crunch,,Strength Training,Abdominals,Body Only,Intermediate,,
591,MetaBurn Sit-Through,,Strength Training,Abdominals,Body Only,Intermediate,,
592,MetaBurn Sit-Up To V-Up,,Strength Training,Abdominals,Body Only,Intermediate,,
593,MetaBurn Sit-Up With Rotation,,Strength Training,Abdominals,Body Only,Intermediate,,
594,MetaBurn Split-Leg Crunch,,Strength Training,Abdominals,Body Only,Intermediate,,
595,MetaBurn Tabletop Hip Thrust,,Strength Training,Abdominals,Body Only,Intermediate,,
596,MetaBurn Tabletop With Russian Kick,,Strength Training,Abdominals,Body Only,Intermediate,,
597,MetaBurn Toe Driver Abs,,Strength Training,Abdominals,Body Only,Intermediate,,
598,MetaBurn-V-Up,,Strength Training,Abdominals,Body Only,Intermediate,,
599,X-body V-up,"W-U-U-UP jest ćwiczeniem brzucha w wadze ciała wykonywanym na podłodze.Jest podobny do popularnego ćwiczenia V-UP, ale jest wykonywany z ramionami i nogami szeroko w kształcie X.Przede wszystkim atakuje mięśnie brzuchy odbytnicy lub mięśnie „sześciopak”.Można go wykonywać dla powtórzeń lub czasu, albo jako część treningu skoncentrowanego na A lub jako element treningu obwodu.",Strength Training,Abdominals,Body Only,Intermediate,,
600,MetaBurn Swivel Crunch,,Strength Training,Abdominals,Body Only,Intermediate,,
601,Robertson Core-Engaged Dead Bug,,Strength Training,Abdominals,Body Only,Intermediate,,
602,FYR2 Double-Under,,Strength Training,Abdominals,Body Only,Intermediate,,
603,FYR2 Fire Feet with Burpee Tuck Jump Drill,,Strength Training,Abdominals,Body Only,Intermediate,,
604,FYR2 Flutter Kick,,Strength Training,Abdominals,Body Only,Intermediate,,
605,FYR2 Half-Moon,,Strength Training,Abdominals,Body Only,Intermediate,,
606,FYR2 Leopard Crawl,,Strength Training,Abdominals,Body Only,Intermediate,,
607,FYR2 Plank Alternating Front Step,,Strength Training,Abdominals,Body Only,Intermediate,,
608,FYR2 Shoulder Tap,,Strength Training,Abdominals,Body Only,Intermediate,,
609,Hand shift plank,"Ręczna deska przesunięcia jest postępem ćwiczeń z deski prostej, w której utrzymujesz pozycję deski, gdy przesuwasz ręce na bok.Dodatkowy ruch zmusza mięśnie rdzeniowe do cięższej pracy w stabilizacji.",Strength Training,Abdominals,Body Only,Intermediate,,
610,Cross-body plank march,"Marsz deski krzyżowej jest ćwiczeniem ukierunkowanym na cały rdzeń, a zwłaszcza skośne.Jest to trudniejsze niż standardowa deska, z dodatkowym wyzwaniem stabilizacji polegającym na przyniesieniu jednego kolana na ziemi w kierunku przeciwnego łokcia.Zwiększy to wyzwanie do mięśni rdzenia i ramion, ale także stanowi wyzwanie koordynacyjne i równowagi.",Strength Training,Abdominals,Body Only,Intermediate,,
611,Bent-knee Copenhagen hip adduction,"Dodanie bioder w Kopenhagi Bent-Klee to zaawansowane ćwiczenie, które łączy izometryczną stabilizację deski Kopenhagi z dynamicznymi dodatkami w celu zakwestionowania stabilizatorów rdzeniowych i adduktorów.Ćwiczenie to jest ukierunkowane na te same mięśnie, co deska boczna, w tym ukośne, ramiona i biodra boczne, ale kładzie dodatkowy nacisk na adduktory i jest trudniejsze niż deski boczne na podłodze.Większość podnośników będzie musiała najpierw przejść do tej wersji po opanowaniu podstawowej deski bocznej lub deski Kopenhagi.",Strength Training,Abdominals,Body Only,Intermediate,,
612,Copenhagen plank,"Planka Kopenhagi to zaawansowana wersja bocznej deski wykonanej z jedną stopą na ławce, a drugą stopą unoszącą się pod nią.Ćwiczenie to jest ukierunkowane na te same mięśnie, co deska boczna, w tym ukośne, ramiona i biodra boczne, ale kładzie dodatkowy nacisk na adduktory i jest trudniejsze niż deski boczne na podłodze.Większość podnośników będzie musiała najpierw przejść do tej wersji po opanowaniu podstawowej deski bocznej lub uniesionej stóp deski bocznej.",Strength Training,Abdominals,Body Only,Intermediate,,
613,ACFT Hanging leg tuck,"Wisząca noga jest ćwiczeniem skierowanym do całego ciała, w tym ramion, górnej części pleców, brzucha i zginaczy bioder.To konkretne ćwiczenie jest częścią nowego testu fitness armii lub ACFT.Jest wykonany podczas wiszący z paska i łączy elementy podciągnięcia z podwyżką nogi.Doświadczeni podnośniki sprawiają, że wyglądają łatwe, ale początkujący mogą potrzebować czasu na zbudowanie zestawów 8-12 powtórzeń.",Strength Training,Abdominals,Body Only,Intermediate,,
614,Alternating hanging knee raise,"Naprzemiennie wiszące podwyższenie kolana to ćwiczenie ukierunkowane na ABS, ale które również działa na zginacze lats i bioder.Zamiast wykonywać obie nogi jednocześnie, podnosisz jedno kolano i naprzemiennie z każdym przedstawicielem, jakby maszerować na swoim miejscu.Podwyżki kolana są często wykonywane dla umiarkowanych do wysokich powtórzeń, takich jak 8-12 powtórzeń lub więcej, w ramach treningu skoncentrowanego na AB.",Strength Training,Abdominals,Body Only,Intermediate,,
615,Plank To Sphinx,,Strength Training,Abdominals,Body Only,Intermediate,,
616,Twisting Mountain Climbers,,Strength Training,Abdominals,Body Only,Intermediate,,
617,Jack Knives,,Strength Training,Abdominals,Body Only,Intermediate,,
618,Hanging Leg Raises,,Strength Training,Abdominals,Body Only,Intermediate,,
619,Dumbbell suitcase crunch,"Crunch walizki hantli to ważona wersja popularnego treningu brzucha.Proste dodanie wagi sprawia, że ​​walizka jest znacznie trudniejsza, pomagając zbudować mięśnie „sześciopak” i zapewniając inny bodziec do rdzenia podczas treningu.",Strength Training,Abdominals,Medicine Ball,Intermediate,9.0,Average
620,Medicine ball rotational throw,"Rzut obrotowy piłki medycyny jest wybuchowym ćwiczeniem ukierunkowanym na brzuch, w tym skośne, a także biodra i górną część pleców.Polega na stojącym bokiem do ściany i skręcaniu tułowia, aby rzucić piłkę lekarską w ścianę, a następnie złapanie piłki na rykoszach.Można go wykonywać dla niższych powtórzeń, koncentrując się na mocy lub dla wyższych powtórzeń z naciskiem na utratę tłuszczu i kondycjonowanie.",Strength Training,Abdominals,Medicine Ball,Intermediate,0.0,Average
621,Hollow-hold ball toss,"Wrzucanie piłki z pustymi pracownikami jest trudniejszą wersją ćwiczeń Hollow-Body Hold.Obejmuje to wrzucenie piłki do partnera przy jednoczesnym utrzymaniu izometrycznego wstrzymania w pozycji pustego ciała.Można to zrobić dla powtórzeń lub czasu w dowolnym treningu skoncentrowanym na A lub w formacie „I Chodzę, idziesz”.",Strength Training,Abdominals,Medicine Ball,Intermediate,0.0,
622,Partner front Russian twist and pass,"Partner Front Russian Twist and Pass to ważona wersja popularnego treningu brzucha, która wykorzystuje również partnera szkoleniowego do dodania kolejnego dynamicznego komponentu.Kieruje się na skośne mięśnie, a także głębokie mięśnie rdzenia i mięśnie brzuszne odbytnicy lub „sześciopakowe”.Można to zrobić dla powtórzeń lub czasu w skoncentrowanej przez A części każdego treningu.",Strength Training,Abdominals,Medicine Ball,Beginner,0.0,Average
623,Sit-up with single-arm overhand throw,"Syet-up z rzutem jednoramiennym jest ćwiczeniem ukierunkowanym na mięśnie rdzeniowe, ale włączenie rzutu przynosi również inne mięśnie górnego ciała.Kiedy przychodzisz na szczyt pozycji Sit-Up, rzucasz piłkę lekarską za pomocą jednego ramienia partnerowi, który następnie rzuca ją z powrotem do ciebie, aby złapać go obiema rękami.Można go wykonywać dla czasu lub powtórzeń w ramach zorientowanej na A części każdego treningu.",HIIT,Abdominals,Medicine Ball,Intermediate,0.0,
624,Medicine ball partner twist,"Twist partnera z bratem medycyny jest ćwiczeniem plyometrii ukierunkowanym na mięśnie rdzeniowe, zwłaszcza skośne.Ty i partner wstajecie z powrotem i obracasz się, aby przekazać piłkę lekarską tam iz powrotem po naprzemiennych stronach.",HIIT,Abdominals,Medicine Ball,Intermediate,0.0,
625,Partner side Russian twist and pass,"Partner po stronie rosyjskiego Twist and Pass to ważona wersja popularnego treningu brzucha, która wykorzystuje również partnera szkoleniowego do dodania kolejnego dynamicznego komponentu.Kieruje się przede wszystkim na skośne mięśnie, a także głębokie mięśnie rdzenia i mięśnie brzuszne odbytnicy lub „sześciopakowe”.Można to zrobić dla powtórzeń lub czasu w skoncentrowanej przez A części każdego treningu.",Strength Training,Abdominals,Medicine Ball,Beginner,0.0,
626,Medicine ball half moon,"Half Ball Ball to dynamiczne ćwiczenie rdzeniowe wykonywane wokół piłki lekarskiej lub innego krótkiego, stacjonarnego obiektu.Jest pod pewnymi względami podobny do kryzysu V-UP lub odwrotnego i celuje zarówno w mięśnie brzuszne, jak i odbytnicy, lub „sześciopakowe”.Można go wykonywać dla powtórzeń lub czasu, zwykle podczas dedykowanego treningu AB lub w ramach treningu piłki medycznej i obwodu ciała.",Strength Training,Abdominals,Medicine Ball,Intermediate,,
627,Exercise ball roll-out,"Wdrożenie piłki do ćwiczeń to ćwiczenie, które wzmacnia rdzeń, ramiona i mięśnie górnego tyłu.Zaczyna się w pozycji w stylu deski, a ramiona spoczywają na piłce.Następnie rozwinąć piłkę przed tobą tak daleko, jak to możliwe, zachowując silną, neutralną pozycję kręgosłupa.Brak stabilności piłki zwiększa stopień trudności.Jest to trudny ruch, a początkujący mogą wymagać ograniczonego zakresu ruchu.",Strength Training,Abdominals,Medicine Ball,Intermediate,,
628,Medicine ball pass,"Przełęcz Ball Medicine to proste ćwiczenie partnerskie, które obejmuje rzucanie ważonej piłki tam iz powrotem.Może być częścią dynamicznego rozgrzewki do podnoszenia lub lekkoatletyki, ale może również działać jako aktywny odpoczynek lub jako element treningu obwodowego.",Strength Training,Abdominals,Medicine Ball,Intermediate,,
629,Partner medicine ball sit-up,"Partner Medicine Ball Sit-Up to trudniejsza wersja tradycyjnego ćwiczeń brzucha.Dwóch partnerów mija piłkę lekarską w przód iw tył u góry każdego przedstawiciela, więc każdy z nich musi naprzemiennie ważony powtórzenie z nieważonym przedstawicielem.Tę technikę można wykonać dla powtórzeń lub czasu w każdym treningu zorientowanym na A, w formacie „I Go, You Go”.",Strength Training,Abdominals,Medicine Ball,Intermediate,,
630,Medicine ball Russian twist,"Medicine Ball Russian Twist to ważona wersja popularnego treningu brzucha.Kieruje się na skośne mięśnie, a także głębokie mięśnie rdzenia i mięśnie brzuszne odbytnicy lub „sześciopakowe”.Można to zrobić dla powtórzeń lub czasu w części zorientowanej na A każdego treningu.",Strength Training,Abdominals,Medicine Ball,Intermediate,,
631,30 Medicine Ball Slam,"Slam Ball Slam jest wybuchowym ćwiczeniem dla rozwijania mocy, siły i prędkości.Przepracowane mięśnie obejmują brzuch, nogi, triceps, ramiona i lats.Slamy są zwykle wykonywane szybko, aby ukończyć jeden zestaw.Może to być również element treningu obwodu skoncentrowanego na mocy lub atletyzmie.",Strength Training,Abdominals,Medicine Ball,Intermediate,,
632,Medicine ball twist,"Skręt z piłką lekarską jest ćwiczeniem ukierunkowanym na mięśnie brzucha, szczególnie skośne.Jest pod wieloma względami podobny do rosyjskiego ćwiczenia zwrotnego.Piłka jest mocno trzymana w klatce piersiowej podczas ruchu, a następnie tułów jest obracany z boku na bok dla pożądanej liczby powtórzeń lub ustalonej ilości czasu.",Strength Training,Abdominals,Medicine Ball,Intermediate,,
633,FYR2 Medicine Ball Complex,,Strength Training,Abdominals,Medicine Ball,Intermediate,,
634,FYR2 Medicine Ball Fire-Feet Drill,,Strength Training,Abdominals,Medicine Ball,Intermediate,,
635,FYR2 Medicine Ball Knees-to-Chest,,Strength Training,Abdominals,Medicine Ball,Intermediate,,
636,FYR2 Medicine Ball Mountain Climber,,Strength Training,Abdominals,Medicine Ball,Intermediate,,
637,Decline oblique crunch,"Upadek ukośny chrupnięcie jest popularnym ćwiczeniem w masie ciała ukierunkowanym na skośne i brzuszne mięśnie brzuszne lub „sześciopakowe”.Zwykle odbywa się to dla wysokich powtórzeń, takich jak 10-15 powtórzeń na zestaw lub więcej, w ramach zorientowanej na A część treningu.",Strength Training,Abdominals,,Intermediate,8.5,Average
638,Decline sit-up,"Set-up jest podstawowym ćwiczeniem, które wykonuje mięśnie brzuszne odbytnicy lub „sześciopakowe”.Wariacji sit-up są zwykle wykonywane dla umiarkowanych do wysokich powtórzeń, takich jak 10-15 powtórzeń na zestaw lub więcej, w ramach części treningu skoncentrowanego na rdzeniu.",Strength Training,Abdominals,,Intermediate,,
639,Hanging Windshield Wiper,"Wisząca wycieraczka przedniej szyby to zaawansowane ćwiczenia treningowe brzucha, które jest również niezwykle trudne dla innych mięśni górnego ciała, w tym Lats (Latissimus dorsi), biceps i chwyt.Wymaga-i buduje-świetną siłę w mięśniach brzucha odbytnicy lub „sześciopak”, a także skośnych i głębokich mięśni rdzenia.Jeśli nie możesz go wykonać zwisający z baru, leżąca wycieraczka przedniej szyby na podłodze zapewnia niektóre z tych samych korzyści.",Strength Training,Abdominals,,Intermediate,,
640,Exercise Ball Pull-In,"Rzuć kolanowa kulki jest ćwiczeniem brzucha, które polega na wspieraniu się rękami w pozycji lub pozycji push-up i przyciągnięciu kolan w kierunku klatki piersiowej.Jest to dość zaawansowany ruch brzucha wymagający siły rdzenia.",Strength Training,Abdominals,Exercise Ball,Intermediate,8.9,Average
641,Exercise ball crunch,"Ćwiczenie kulkowe jest popularnym ćwiczeniem na siłowni ukierunkowane na brzuch.W przeciwieństwie do kryzysów na podłodze lub ławce, używając piłki, możesz zwiększyć zakres ruchu i rozciągnąć i kurczyć ABS na każdym powtórzeniu.Kruz piłki można wykonać dla niskich powtórzeń z wolniejszym tempem skupiającym się na twardym skurczu lub dla wyższych powtórzeń.",Strength Training,Abdominals,Exercise Ball,Intermediate,8.4,Average
642,Feet-elevated crunch,"Usuwany stóp kryzys to odmiana podstawowego chrupania, bardzo popularnego ruchu AB.Opoczwanie stóp na ławce pobiera część zginacza bioder z ruchu, skupiając naprężenie bardziej na ABS.Może mieć niewielki zakres ruchu, ale ruch ten powoduje poważne oparzenie.",Strength Training,Abdominals,Exercise Ball,Intermediate,7.3,Average
643,Weighted Ball Side Bend,,Strength Training,Abdominals,Exercise Ball,Beginner,6.4,Average
644,Swiss Ball Ab Roll-Out,"Wdrożenie piłki do ćwiczeń to ćwiczenie, które wzmacnia rdzeń, ramiona i mięśnie górnego tyłu.Zaczyna się w pozycji w stylu deski, a ramiona spoczywają na piłce.Następnie wyrzucasz piłkę przed sobą tak daleko, jak to możliwe, zachowując silną, neutralną pozycję kręgosłupa.Brak stabilności piłki zwiększa stopień trudności.Jest to trudny ruch, a początkujący mogą wymagać ograniczonego zakresu ruchu.",Strength Training,Abdominals,Exercise Ball,Intermediate,,
645,Exercise Ball Cable Crunch - Gethin Variation,"Ćwiczenie kulkowe jest popularnym ćwiczeniem na siłowni ukierunkowane na brzuch.W przeciwieństwie do kryzysów na podłodze lub ławce, używając piłki, możesz zwiększyć zakres ruchu i rozciągnąć i kurczyć ABS na każdym powtórzeniu.Kruz piłki można wykonać dla niskich powtórzeń z wolniejszym tempem, koncentrując się na twardym skurczu lub dla wyższych powtórzeń.",Strength Training,Abdominals,Cable,Intermediate,,
646,Exercise ball squat and twist,"Puksyjne i skrętu kulkowe jest ćwiczeniem połączonym ukierunkowanym na quady, ale także skośne z powodu ruchu skręcającego z każdym powtórzeniem.Piłka ćwiczeń jest trzymana blisko klatki piersiowej przez cały czas.Ponieważ jest to lekki ruch, jest zwykle wykonywany dla wysokich powtórzeń lub czasu i może być dużą częścią obwodu w masie ciała i Ćwiczenia.",Strength Training,Abdominals,Exercise Ball,Intermediate,,
647,Swiss Ball V-Up With Foot Pass,"Ball V-Up jest popularnym ruchem ukierunkowanym na mięśnie brzucha, szczególnie mięśnie odbytnicy lub mięśnie „sześciopakowe”.Obejmuje mijanie piłki do ćwiczeń lub kulkę jogi między dłoniami i stopami podczas wykonywania V-upów.Można go wykonywać dla powtórzeń lub czasu w ramach każdego treningu skoncentrowanego na A lub w masie ciała.",Strength Training,Abdominals,Exercise Ball,Intermediate,,
648,Exercise ball pike,"Pike z piłką ćwiczeń jest trudnym ruchem, który jest skierowany do rdzenia.Polega na wrzuceniu bioder do pełnego zgięcia na piłkę, a następnie rozciągającym się na deskę ułożoną stopą z stopami na piłce.Jest to trudny ruch z perspektywy siły, ale także dla równowagi.Może to być centralny element treningu AB lub wraz z innymi ruchami ciała lub ruchami piłki w obwodzie AB.",Strength Training,Abdominals,Exercise Ball,Intermediate,,
649,Exercise ball bird dog,"Ptakowy pies piłki Ćwiczyń to dynamiczny ruch koncentrujący się na pośladkach i mięśniach postawy górnej części pleców.Wykonując go, użyj piłki do ćwiczeń, która jest wystarczająco wysoka, aby utrzymać klatkę piersiową i rdzeń, ale wystarczająco krótką, aby umożliwić dłonie i kolanom dotarcie do ziemi.Jest to nieco łatwiejsze niż pies ptak w masie ciała i może działać jako regres dla tego ruchu.Można to zrobić dla czasu lub powtórzeń w ramach rozgrzewki, w połączeniu z ruchami podczas treningu lub jako ćwiczenie mobilności lub regeneracji.",Strength Training,Abdominals,Exercise Ball,Intermediate,,
650,Exercise ball superman,"Ball Superman jest nieco bardziej zaawansowaną odmianą ćwiczeń Supermana w wadze ciała.Kieruje się na wiele mięśni wzdłuż tylnej lub tylnej części ciała, w tym tylne naramienniki, trapez, erekcje kręgosłupa, pośladki i ścięgna podkolanowe.Można to zrobić dla czasu lub powtórzeń w ramach rozgrzewki, w połączeniu z ruchami podczas treningu lub jako ćwiczenie mobilności lub regeneracji.",Strength Training,Abdominals,Exercise Ball,Intermediate,,
651,BOSU cross-body crunch,"Bosu Cross-Body Crunch to dynamiczne ćwiczenie brzucha wykonywane na piłce Bosu lub innym urządzeniu treningowym stabilności.Kieruje się na kilku mięśniach w rdzeniu, w tym ukośne i odbytnicze brzuszne lub „sześciopakowe” mięśnie.Zazwyczaj wykonuje się to w naprzemiennych powtórzeniach, albo na czas lub w liczbie powtórzeń, w ramach treningu skoncentrowanego na AB lub obwodzie obejmującym masę ciała lub kulkę Bosu.",Strength Training,Abdominals,Exercise Ball,Intermediate,,
652,Exercise Ball Knee Tuck - Gethin Varation,"Rzuć kolanowa kulki jest ćwiczeniem brzucha, które polega na wspieraniu się rękami w pozycji lub pozycji push-up i przyciągnięciu kolan w kierunku klatki piersiowej.Jest to dość zaawansowany ruch brzucha wymagający siły rdzenia.",Strength Training,Abdominals,Exercise Ball,Intermediate,,
653,Alternating Exercise Ball Knee Tucks - Gethin Variation,"Rzuć kolanowa kulki jest ćwiczeniem brzucha, które polega na wspieraniu się rękami w pozycji lub pozycji push-up i przyciągnięciu kolan w kierunku klatki piersiowej.Jest to dość zaawansowany ruch brzucha wymagający siły rdzenia.",Strength Training,Abdominals,Exercise Ball,Intermediate,,
654,AM Ball Crunch,"Ćwiczenie kulkowe jest popularnym ćwiczeniem na siłowni ukierunkowane na brzuch.W przeciwieństwie do kryzysów na podłodze lub ławce, używając piłki, możesz zwiększyć zakres ruchu i rozciągnąć i kurczyć ABS na każdym powtórzeniu.Kruz piłki można wykonać dla niskich powtórzeń z wolniejszym tempem, koncentrując się na twardym skurczu lub dla wyższych powtórzeń.",Strength Training,Abdominals,Exercise Ball,Intermediate,,
655,30 Bosu Cable Reverse Crunch,,Strength Training,Abdominals,Exercise Ball,Intermediate,,
656,BOSU knee tuck,Kolannik Bosu to dynamiczny ruch brzucha wykonywany na piłce Bosu lub innym urządzeniu treningowym stabilności.Kieruje się przede wszystkim mięśni odbytnicy lub „sześciopak” rdzenia.Można go wykonywać dla czasu lub powtórzeń w ramach treningu skoncentrowanego na A lub obwodzie obejmującym masę ciała lub piłkę Bosu.,Strength Training,Abdominals,Exercise Ball,Intermediate,,
657,30 Side Plank On Ball,"Ułożona stóp deska boczna na piłce jest bardziej zaawansowaną wersją tradycyjnej deski bocznej masy ciała.Stopy są zrównoważone na piłce do ćwiczeń, zapewniając wyzwanie równowagi, ale także zwiększając obciążenie umieszczone na skośnie i mięśniach barkowych.Zazwyczaj wykonuje się to dla trzymań czasowych, jednej strony na raz lub na przemian.Jeśli piłka jest niedostępna, niektóre korzyści z ruchu można uzyskać poprzez wykonanie desek bocznych ze stopami podwyższonymi na kanapie, krześle, ławce lub innym stabilnym obiektowi.",Strength Training,Abdominals,Exercise Ball,Intermediate,,
658,Hanging exercise ball leg raise,"Wisząca podwyższenie nogi piłki do ćwiczeń to ćwiczenie ukierunkowane na zginacze mięśni brzucha i bioder.Zamiast spoczywać przedramiona na podkładkach aparatu, występuje wiszący z baru z piłką do ćwiczeń trzymaną między nogami.",Strength Training,Abdominals,Exercise Ball,Intermediate,,
659,Taylor Exercise Ball Stir-The-Pot,,Strength Training,Abdominals,Exercise Ball,Intermediate,,
660,FYR2 Air Ball,,Strength Training,Abdominals,Exercise Ball,Intermediate,,
661,Feet-elevated plank on ball,"Zakłada stopa deska jest odmianą na desce prostej, standardu masy ciała.Stopy są podniesione na kulce, aby wyrównać ciało równolegle do podłogi i stanowią większe wyzwanie stabilizacyjne.To sprawia, że ​​jest to trudniejsze niż deski z ramion na podłodze, ale także kładzie większy nacisk na mięśnie barkowe.Jest często używany jako rozgrzewka na ramię i rdzeń lub ruch wypalenia do treningu klatki piersiowej lub ramion.",Strength Training,Abdominals,Exercise Ball,Intermediate,,
662,Band Hip Adductions,,Strength Training,Adductors,Bands,Beginner,8.6,Average
663,Lateral Band Walk,,Strength Training,Abductors,Bands,Intermediate,0.0,
664,FYR2 Standing Banded Leg Abduction,,Strength Training,Abductors,Bands,Intermediate,,
665,Iliotibial band SMR,"Uwalnianie samozaprzyku opaski biodrowej (SMR) jest samozwańczym leczeniem tkanki miękkiej dla dolnej części ciała, zwykle przy użyciu wałka piankowego lub innego narzędzia do masażu „punktu wyzwalającego”.Strategicznie wywierając presję na pasmo informatyczne wzdłuż górnej nogi, niektórzy uważają, że mogą powodować, że tak często bolesny i ciasny obszar się zrelaksował lub „uwolnić”.To opaski SMR często towarzyszą SMR na mięśniach pośladkowych lub quad lub przez odcinki skierowane do pośladków lub quadów.",Mobility and Stretching,Abductors,Foam Roll,Intermediate,8.2,Average
666,Adductor SMR,"Uwolnienie samozaprzyku adduktora (SMR) to samozadowolenie tkanki miękkiej dla dolnej części ciała, zwykle przy użyciu wałka piankowego, kulki lacrosse lub innego narzędzia do masażu „punktu wyzwalającego”.Strategicznie wywierając presję na mięśnie adduktora w wewnętrznym obszarze ud, niektórzy uważają, że mogą powodować, że tak często bolesne i ciasne mięśnie się rozluźnia lub „uwolnienie”.Adduktora SMR często towarzyszy SMR na pasmie lub pośladkach ILIOTiBial (IT) (mięśnie TFL) lub przez rozciąganie skierowane do adduktorów.",Mobility and Stretching,Adductors,Foam Roll,Beginner,4.0,Average
667,Lying Bent Leg Groin,,Mobility and Stretching,Adductors,Other,Beginner,2.8,Average
668,Lateral box jump,"Skok boczny to ćwiczenie plyometryczne ukierunkowane na zwinność boczną i siłę dolnej części ciała.To świetny ruch dla sportowców w wielu dyscyplinach sportowych, w tym w koszykówce, narciarstwie i tenisa.",HIIT,Adductors,Other,Intermediate,0.0,
669,Thigh adductor,"Maszyna adduktora uda jest ćwiczeniem dolnej części ciała, które są ukierunkowane na mięśnie wewnętrznych ud.Zazwyczaj wykonuje się to dla umiarkowanych do wysokich powtórzeń, takich jak 8-12 powtórzeń na zestaw lub więcej, w ramach treningu dolnego ciała.",Strength Training,Adductors,Machine,Intermediate,9.0,Average
670,Thigh abductor,"Porady uda jest ćwiczeniem dolnej części ciała, które są ukierunkowane na mięśnie zewnętrznych bioder i pośladków.Zazwyczaj wykonuje się to dla umiarkowanych do wysokich powtórzeń, takich jak 8-12 powtórzeń na zestaw lub więcej, w ramach treningu dolnego ciała.",Strength Training,Abductors,Machine,Intermediate,8.2,Average
671,Standing Hip Circles,,Mobility and Stretching,Abductors,Body Only,Beginner,8.8,Average
672,Groiners,,Mobility and Stretching,Adductors,Body Only,Beginner,8.8,Average
673,Fire Hydrant,,Strength Training,Abductors,Body Only,Beginner,8.0,Average
674,Windmills,,Mobility and Stretching,Abductors,Body Only,Intermediate,8.0,Average
675,Side Leg Raises,,Mobility and Stretching,Adductors,Body Only,Beginner,7.7,Average
676,Lateral hop,"Boczny przeskok jest wybuchowym ćwiczeniem w wadze ciała, które składa się z dwunożnego przeskoku na bok.Kieruje się do dolnej części ciała, w tym quadów, pośladków i ścięgien.Wykonany dla przedstawicieli, stanowi również poważne wyzwanie sercowo -naczyniowe.Może być wykonywany dla czasu lub powtórzeń i jest szczególnie skuteczny w obwodzie lub treningu skoncentrowanym na tłuszczu lub atletyzmie.",HIIT,Adductors,Body Only,Intermediate,7.3,Average
677,Monster Walk,,Strength Training,Abductors,Body Only,Intermediate,6.7,Average
678,Side Lying Groin Stretch,,Mobility and Stretching,Adductors,Body Only,Intermediate,3.8,Average
679,IT Band and Glute Stretch,,Mobility and Stretching,Abductors,Body Only,Intermediate,2.4,Average
680,Single-leg lying cross-over stretch,"Po leżącej nogie odcinka krzyżowego jest prostym odcinkiem masy ciała ukierunkowanej na dolną część pleców, bioder i pośladków.Polega na obróceniu pojedynczej nogi na ciele, leżąc płasko na plecach.Jest powszechnie zawarty w dynamicznych rozgrzewkach, ale można go również wykonywać jako mobilność całego ciała w dowolnym momencie.",Mobility and Stretching,Abductors,Body Only,Beginner,1.6,Average
681,Carioca quick step,"Szybki krok Carioca jest bocznym ćwiczeniem masy ciała ukierunkowanej na adduktory, ale także promujące zwinność i ogólną kondycję.Jest ulubieńcem piłkarzy, szczególnie obronnych obrońców, ponieważ naśladuje sposób, w jaki muszą śledzić szerokie odbiorniki w dół.Może również pomóc zmobilizować biodra dla sportowców i podnośników wszystkich poziomów umiejętności.",HIIT,Adductors,Body Only,Intermediate,0.0,
682,Standing hip circle,"Stojący okrąg bioder jest ćwiczeniem masy ciała ukierunkowanej na biodra i mięśnie porywające.Jest to klasyczny sposób na „końcówkę” po długim okresie lub przed treningiem lub sportem dolnej części ciała.Nie wymaga sprzętu i może być pomocny dla wszystkich, od początkujących po zaawansowane entuzjastów fitness.",Mobility and Stretching,Abductors,Body Only,Intermediate,0.0,Average
683,Lateral cone hop,"Boczny hop stożkowy jest wiertłem zwinności, który obejmuje przeskaki na szyszki lub inne krótkie przeszkody na bok, a nie z przodu do tyłu.Może być wykonywany dla przedstawicieli lub czasu i może być korzystny dla sportowców torowych, koszykówki lub innych sportowców potrzebujących wybuchowej mocy bocznej.",HIIT,Adductors,Body Only,Intermediate,0.0,
684,Side-To-Side Adductor Stretch,,Strength Training,Adductors,Body Only,Intermediate,,
685,Dynamic pigeon stretch,"Dynamiczny odcinek gołębia to odcinek dolnego ciała ukierunkowany na pośladki, biodra i piriformis.Wpływa to gołębia poza jogi, ale polega na przeprowadzce i wychodzeniu z pozy.Może być częścią dynamicznej pracy rozgrzewki lub mobilności wykonywanej w dowolnym momencie.",Strength Training,Abductors,Body Only,Intermediate,,
686,Cross-over jack,"Jack cross-over to odmiana skoków, popularnego ćwiczenia kalisthenicznego stosowanego w celu poprawy ogólnego uwarunkowania.Różnica między podnośnikiem skakającym a krzyżowym Jack polega na tym, że z tym drugim stopy nie po prostu łączą się z każdym przedstawicielem, krzyżują się nad sobą.To świetny sposób na zwiększenie różnorodności pracy rozgrzewki lub kondycji.",Strength Training,Abductors,Body Only,Intermediate,,
687,Traveling thigh killa,"Podręczni killa uda jest trudnym ćwiczeniem o dolnej masie ciała, które buduje wytrzymałość muskularną z serią chmielu do przodu i do tyłu, a także przysiadami masy ciała.Można go wykonywać dla czasu lub powtórzeń, zwykle podczas treningu obwodu lub jako finiszer dolnej części ciała.",Strength Training,Abductors,Body Only,Intermediate,,
688,FYR Thigh Killa,"Udka Killa to trudne ćwiczenie o dolnej masie ciała, które buduje wytrzymałość muskularną z serią chmielów i przysiadów w masie ciała.Można go wykonywać dla czasu lub powtórzeń, zwykle podczas treningu obwodu lub jako finiszer dolnej części ciała.",Strength Training,Abductors,Body Only,Intermediate,,
689,HM Straddle Stretch,,Mobility and Stretching,Abductors,Body Only,Intermediate,,
690,HM Right Leg Swing,,Mobility and Stretching,Abductors,Body Only,Intermediate,,
691,HM Right Side-Kick,,Mobility and Stretching,Abductors,Body Only,Intermediate,,
692,HM Frog Stretch,,Strength Training,Abductors,Body Only,Intermediate,,
693,HM Kick-Out,,Strength Training,Abductors,Body Only,Intermediate,,
694,HM Left Leg Swing,,Strength Training,Adductors,Body Only,Intermediate,,
695,UNS Foam Roll Adductor,,Strength Training,Adductors,Body Only,Intermediate,,
696,MetaBurn Groiner,,Strength Training,Abductors,Body Only,Intermediate,,
697,Side-lying leg adduction scissor,"Nożycznik z boku nogi jest dynamicznym ćwiczeniem rdzeniowym, które łączy izometryczne wstrzymanie położonego bocznego podnoszenia nóg z dodatkami nóg, aby dodatkowo rzucić wyzwanie rdzeniu i adduktorom.Kieruje się na wiele mięśni rdzenia, przede wszystkim mięśnie brzuszne odbytnicy lub „sześciopakowe”.Można go wykonywać dla czasu lub powtórzeń w skoncentrowanej przez A części każdego treningu.",Strength Training,Adductors,Body Only,Intermediate,,
698,Groin and Back Stretch,,Mobility and Stretching,Adductors,,Beginner,7.1,Average
699,Adductor/Groin,,Mobility and Stretching,Adductors,,Beginner,3.6,Average
700,Incline dumbbell biceps curl,"Curl bicepsów hantlowych na pochyłości jest ćwiczeniem ukierunkowanym na biceps i wykonany twarzą w górę na ławce nachyleniu.Stwarza to pionowy kąt ramienia, który pomaga odizolować biceps i ograniczyć zaangażowanie mięśni barkowych.Ta zmienność loków jest zwykle wykonywana dla umiarkowanych do wysokich powtórzeń, takich jak 8-12 powtórzeń na zestaw lub więcej, w ramach treningu skoncentrowanego na górnym ciele lub ramieniu.",Strength Training,Biceps,Bands,Intermediate,,
701,Banded biceps curl in squat position,"Zebrane biceps loki w pozycji przysiadu jest ćwiczeniem skierowanym do bicepsów, chociaż działa również na rdzeń i dolne ciało.",Strength Training,Biceps,Bands,Intermediate,,
702,Banded Hammer Press - Gethin Variation,Prasa klatki piersiowej jest ćwiczeniem górnej części ciała ukierunkowanego na mięśnie piersiowe.,Strength Training,Biceps,Bands,Intermediate,,
703,Band standing concentration curl,"Curl stężenia stojącej opaski jest odmianą popularnego ćwiczenia skoncentrowanego na bicepsach z wykorzystaniem opaski zamiast hantli.Pozwala skupić się na jednym biceps na raz i naprawdę wycisnąć intensywne skurcze szczytowe.Curary stężenia pasma są zwykle wykonywane dla umiarkowanych do wysokich powtórzeń, takich jak 8-12 powtórzeń na zestaw lub więcej, w ramach treningu skoncentrowanego na górnym ciele lub ramieniu.",Strength Training,Biceps,Bands,Intermediate,,
704,Brachialis SMR,"Brachialis Samo-Myofascial uwalnianie (SMR) to samozadowolenie tkanki miękkiej dla górnej części ciała, zwykle przy użyciu wałka piankowego, kulki lacrosse lub innego narzędzia do masażu „punktu wyzwalającego”.Strategicznie wywierając nacisk na biceps lub mięśnie Brachialis w górnym ramieniu, niektórzy ludzie stwierdzają, że mogą powodować rozluźnienie tak często bolesnego i ciasnego mięśni lub „uwolnienia”.Brachialis SMR często towarzyszy SMR na mięśniach tricepsowych lub piersiach lub odcinkach skierowanych do bicepsów lub PEC.",Mobility and Stretching,Biceps,Foam Roll,Beginner,3.2,Average
705,Wide-grip barbell curl,"Ziemia sztangi o szerokim chwytaku to odmiana klasycznego golarki sztangowej o szerokości chwytania niż szerokość barku.Uważa się, że pomaga to budować wewnętrzną lub „krótką” głowę mięśni bicepsów.Ten ruch jest zwykle wykonywany dla umiarkowanych do wysokich powtórzeń, takich jak 8-12 powtórzeń na zestaw.",Strength Training,Biceps,Barbell,Beginner,9.3,Average
706,EZ-bar spider curl,"Curl pająka EZ-Bar jest ćwiczeniem ukierunkowanym na biceps i wykonał twarzą w dół na ławce nachyleniu lub po płaskiej stronie ławki kaznodziei.EZ-Bar stanowi wygodniejszą pozycję nadgarstka, podczas gdy kąt pomaga odizolować biceps i ograniczyć zaangażowanie mięśni barkowych.Ta zmienność loków jest zwykle wykonywana dla umiarkowanych do wysokich powtórzeń, takich jak 8-12 powtórzeń na zestaw lub więcej, w ramach treningu skoncentrowanego na górnym ciele lub ramieniu.",Strength Training,Biceps,Barbell,Intermediate,9.2,Average
707,Barbell Curl,"Curl Barbell jest ćwiczeniem na ramię, które jest również jednym z najbardziej rozpoznawalnych ruchów w całej kulturystyce i sprawności.Pomaga budować biceps z rękawami i umożliwia cięższe obciążenie niż wiele innych wariantów loków.Zazwyczaj wykonuje się go w umiarkowanych do wysokich powtórzeniach, takich jak 8-12 powtórzeń na zestaw, w ramach części każdego treningu skoncentrowanego na ramieniu.",Strength Training,Biceps,Barbell,Intermediate,9.0,Average
708,Close-grip EZ-bar curl,"Curl EZ-Bar w bliskim chwytaku jest ćwiczeniem skierowanym do biceps, szczególnie długiej głowy.Główną różnicą między tym ćwiczeniem a standardowymi lokami EZ-Bars polega na tym, że dłonie są bliżej razem na pasku.Uważa się, że pomaga to zbudować zewnętrzną głowę bicepsów i szczyt.Ta zmienność loków jest zwykle wykonywana dla umiarkowanych do wysokich powtórzeń, takich jak 8-12 powtórzeń na zestaw.",Strength Training,Biceps,Barbell,Beginner,8.9,Average
709,Preacher Curl,"Curl kaznodzieja EZ-Bar to klasyczne ćwiczenie do budowania większych bicepsów.Ten ruch dotyczy izolacji.Z tyłu górnych ramion na podkładce jest prawie niemożliwe do oszukiwania.Idź świat, zdobądź świetną pompę i zbuduj ten szczyt!",Strength Training,Biceps,Barbell,Intermediate,8.8,Average
710,Barbell Curls Lying Against An Incline,,Strength Training,Biceps,Barbell,Beginner,8.8,Average
711,Seated Close-Grip Concentration Barbell Curl,,Strength Training,Biceps,Barbell,Beginner,8.8,Average
712,Close-grip barbell curl,"Curl sztangi z bliskiej chwytania to wariacja loka, w której dłonie są bliżej niż szerokość barku.Uważa się, że pomaga to zbudować zewnętrzną głowę bicepsów i szczyt.Ta zmienność loków jest zwykle wykonywana dla umiarkowanych do wysokich powtórzeń, takich jak 8-12 powtórzeń na zestaw.",Strength Training,Biceps,Barbell,Beginner,8.6,Average
713,Drag curl,"Curl przeciągający to ćwiczenie bicepsów, które próbuje usunąć wpływ przednich naramienników na klasyczny curl.Po powstrzymywaniu łokci sztang „ciągnie” tułów.Zazwyczaj wykonuje się to dla umiarkowanych do wysokich powtórzeń, takich jak 8-15 powtórzeń na zestaw, w ramach treningu skoncentrowanego na górnym ciele lub ramion.",Strength Training,Biceps,Barbell,Beginner,8.5,Average
714,Reverse-grip barbell curl,"Zwrócenie sztangi z odwróconym chwytem to odmiana loku bicepsa, w którym dłonie są skierowane w dół.Przejście z podstępu na nadmierną przyczepność wprowadza mięśnie przedramienia i Brachialis bardziej do ćwiczeń.Jeśli jest to niewygodne dla nadgarstków, spróbuj wykonać je pod kątem paska EZ-Curl.",Strength Training,Biceps,Barbell,Intermediate,8.2,Average
715,Lying High Bench Barbell Curl,,Strength Training,Biceps,Barbell,Beginner,5.8,Average
716,Seated wide-grip curl to close-grip curl,"Siedziony loki z szerokim chwytem w celu zamknięcia loku to odmiana klasycznego lokalu hantlowego.Uważa się, że loki o szerokim chwytaku bardziej kierują wewnętrzną głowę bicepsów, a loki z bliskim chwytem kierują zewnętrzną głowę lub szczyt.Ta odmiana pozwala uzyskać korzyści obu.",Strength Training,Biceps,Barbell,Beginner,0.0,
717,Seated Straigh-Bar Curl Superset,"Siedziony loki z szerokim chwytem w celu zamknięcia loku to odmiana klasycznego lokalu hantlowego.Zmienność polega na tym, że zakres ruchu zmienia się w przemiennej modzie - jeden bardziej tradycyjny, w którym przynosisz ciężar z boku.",Strength Training,Biceps,Barbell,Beginner,0.0,
718,Dave Draper Forehead Curl,,Strength Training,Biceps,Barbell,Intermediate,,
719,Reverse-grip EZ-bar curl,"Curl EZ-Bar z odwrotnym chwytem jest ćwiczeniem ukierunkowanym na biceps i przedramiona.Ponieważ siła przyczepności stanowi ograniczenie tego ruchu, często jest wykonywana dla umiarkowanych do wysokich powtórzeń w ramach treningu skoncentrowanego na górnym ciele lub ramieniu.",Strength Training,Biceps,Barbell,Intermediate,,
720,EZ-Bar Spider Curl - Gethin Variation,Curl pająka EZ-Bar to ćwiczenie izolacyjne ukierunkowane na biceps i wykonane twarzą w dół na ławce nachyleniu.EZ-Bar stanowi wygodniejszą pozycję nadgarstka.,Strength Training,Biceps,Barbell,Intermediate,,
721,Barbell curl-,"Curl Barbell jest ćwiczeniem na ramię, które jest również jednym z najbardziej rozpoznawalnych ruchów w całej kulturystyce i sprawności.Pomaga budować biceps z rękawami i umożliwia cięższe obciążenie niż wiele innych wariantów loków.Zazwyczaj wykonuje się go w umiarkowanych do wysokich powtórzeniach, takich jak 8-12 powtórzeń na zestaw, w ramach części każdego treningu skoncentrowanego na ramieniu.",Strength Training,Biceps,Barbell,Intermediate,,
722,Paul Carter Barbell Curl,"Curl Barbell jest ćwiczeniem na ramię, które jest również jednym z najbardziej rozpoznawalnych ruchów w całej kulturystyce i sprawności.Pomaga budować biceps z rękawami i umożliwia cięższe obciążenie niż wiele innych wariantów loków.Zazwyczaj wykonuje się go w umiarkowanych do wysokich powtórzeniach, takich jak 8-12 powtórzeń na zestaw, w ramach części każdego treningu skoncentrowanego na ramieniu.",Strength Training,Biceps,Barbell,Intermediate,,
723,Standing band biceps curl,Curl bicepsów bicepsa stojącego jest ćwiczeniem skoncentrowanym na ramieniu przy użyciu opaski do oporu.Ta zmiana jest zwykle wykonywana dla umiarkowanych do wysokich powtórzeń w ramach treningu skoncentrowanego na ramionach lub górnej części ciała.,Strength Training,Biceps,Barbell,Intermediate,,
724,Close-Grip EZ-Bar Curl - Gethin Variation,"Curl EZ-Bar w bliskim chwytaku jest ćwiczeniem skierowanym do biceps, szczególnie długiej głowy.Główną różnicą między tym ćwiczeniem a standardowymi lokami sztangowymi jest to, że dłonie są bliżej razem na pasku.Uważa się, że pomaga to zbudować zewnętrzną głowę bicepsów i szczyt.Ta zmienność loków jest zwykle wykonywana dla umiarkowanych do wysokich powtórzeń, takich jak co najmniej 8-12 powtórzeń na zestaw.",Strength Training,Biceps,Barbell,Intermediate,,
725,Seated Barbell Curl,,Strength Training,Biceps,Barbell,Intermediate,,
726,AM Standing Barbell Curl,"Stojący Curl EZ-Bar to niezwykle popularne ćwiczenie ukierunkowane na biceps.Jest powszechnie wykonywany dla umiarkowanych do wysokich powtórzeń w ramach treningu skoncentrowanego na górnej części ciała lub ramion.Wiele siłowni ma nawet EZ-BARS przy stałych ciężarach, umożliwiając łatwe zmiany masy.",Strength Training,Biceps,Barbell,Intermediate,,
727,EZ-bar preacher curl,"Curl kaznodzieja EZ-Bar to klasyczne ćwiczenie do budowania większych bicepsów.Ten ruch dotyczy izolacji.Z tyłu górnych ramion na podkładce jest niemożliwe do użycia pędu, które zmusza mięśnie do cięższej pracy.",Strength Training,Biceps,Barbell,Intermediate,,
728,30 Arms Standing Barbell Curl,,Strength Training,Biceps,Barbell,Intermediate,,
729,30 Arms Incline Biceps Curl,,Strength Training,Biceps,Barbell,Intermediate,,
730,"Bicep Curls ""21s""",,Strength Training,Biceps,Barbell,Intermediate,,
731,Incline Hammer Curls,,Strength Training,Biceps,Dumbbell,Beginner,9.5,Average
732,Hammer Curls,"To loki jest wykonywane jednocześnie z hantlami, ale bez wznoszenia nadgarstka.W każdym przedstawiciela nadgarstki pozostają neutralne, jak stolarka wbijająca paznokcie.",Strength Training,Biceps,Dumbbell,Intermediate,9.1,Average
733,Biceps curl to shoulder press,"Curl biceps do prasy ramion to kompleks hantli, który łączy dwa ćwiczenia, które budują i wzmacniają biceps i ramiona lub naramienniki.Zazwyczaj wykonuje się to jeden powtórzenie każdego ruchu na raz, chociaż można wykonać więcej powtórzeń każdego z nich lub zwiększyć powtórzenia w kolejnych rundach (np. 1 powtórzenie w rundzie 1, 2 powtórzeń w rundzie 2 itd.).Bez względu na to, w jaki sposób ustrukturyzujesz zestawy i powtórzenia, jest to efektywny czas sposób na uderzenie w dwa kluczowe mięśnie górnego ciała podczas każdego treningu.",Strength Training,Biceps,Dumbbell,Beginner,9.1,Average
734,Concentration curl,"Curl koncentracyjny jest klasycznym ćwiczeniem do budowania bicepsa po jednym ramieniu na raz.Można go wykonywać pochylone lub klęczące, ale częściej wykonywane są na ławce.Jest świetny do podkreślenia piku bicepsa i jest często używany do zakończenia treningu bicepsa.Podobnie jak większość wariantów loków, są one zwykle wykonywane dla umiarkowanych do wysokich powtórzeń, takich jak 8-12 powtórzeń na zestaw lub więcej.",Strength Training,Biceps,Dumbbell,Intermediate,9.0,Average
735,Flexor Incline Dumbbell Curls,,Strength Training,Biceps,Dumbbell,Beginner,9.0,Average
736,Dumbbell Bicep Curl,"Curl bicepsów Dubbell jest ćwiczeniem jednopunktowym do budowania większych i silniejszych bicepsów.Popularny wśród gąsienic na wszystkich poziomach doświadczenia, ten ruch można wykonać siedzące lub stojące.Jest to ogólnie wykonywane dla umiarkowanych do wysokich powtórzeń, takich jak 8-12 powtórzeń lub wyższych, w ramach skoncentrowanej na ramieniu części treningu.",Strength Training,Biceps,Dumbbell,Intermediate,8.9,Average
737,Cross-body hammer curl,"Curl młotka krzyżowego jest ćwiczeniem hantli, które są ukierunkowane na biceps, brachialis i mięśnie przedramienia.Zamiast podnosić ciężary bezpośrednio przed ciałem, podnosisz je przez tułów.W każdym przedstawiciela nadgarstki pozostają neutralne, jak stolarka wbijająca paznokcie.Pomaga to odizolować mięśnie Brachialis na każdym ramieniu.Jest to ogólnie wykonywane dla umiarkowanych do wysokich powtórzeń, takich jak 8-12 powtórzeń lub więcej, w ramach skoncentrowanej na ramieniu części treningu.",Strength Training,Biceps,Dumbbell,Beginner,8.9,Average
738,Dumbbell Alternate Bicep Curl,"Przemienne loki biceps to ćwiczenie jednopunktowe do budowania większego i silniejszego bicepsa jednego ramienia na raz.Popularny wśród gąsienic na wszystkich poziomach doświadczenia, ten ruch można wykonać siedzące lub stojące.Jest to ogólnie wykonywane dla umiarkowanych do wysokich powtórzeń, takich jak 8-12 powtórzeń lub wyższych, w ramach skoncentrowanej na ramieniu części treningu.",Strength Training,Biceps,Dumbbell,Intermediate,8.7,Average
739,Single-arm dumbbell preacher curl,"Zamurnowy hanter curl jest ćwiczeniem, które koncentruje się na budowaniu bicepsów, szczególnie piku bicepsa.Większość ludzi zapleci na ten ruch, wykonując go dla umiarkowanych do wysokich powtórzeń w ramach treningu skoncentrowanego na górnym ciele lub ramion.",Strength Training,Biceps,Dumbbell,Intermediate,8.7,Average
740,Alternate Incline Dumbbell Curl,"Przemienne zwijanie bicepsów hantlowych jest ćwiczeniem ukierunkowanym na biceps i wykonany twarzą do góry na ławce nachyleniu.Stwarza to pionowy kąt ramienia, który pomaga odizolować biceps i ograniczyć zaangażowanie mięśni barkowych.Ta zmienność loków jest zwykle wykonywana dla umiarkowanych do wysokich powtórzeń, takich jak 8-12 powtórzeń na ramię lub więcej, w ramach treningu skoncentrowanego na górnym ciele lub ramieniu.",Strength Training,Biceps,Dumbbell,Intermediate,8.7,Average
741,Standing concentration curl,"Curl stężenia stojącego jest zmiennością bardziej powszechnego lokalu stężenia siedzącego, który jest podstawą rutyny kulturystyki.Może służyć jako substytut wariantów kaznodziei, jeśli ławka kaznodziei jest niedostępna i jest również klasycznym sposobem skupienia się na szczycie Biceps.Zazwyczaj wykonuje się to dla umiarkowanych do wysokich powtórzeń, takich jak 8-10 powtórzeń na zestaw, z naciskiem na ścisłą formę i kontrolowane tempo.",Strength Training,Biceps,Dumbbell,Beginner,8.7,Average
742,Alternating incline dumbbell biceps curl,"Przemienne zwijanie bicepsów hantlowych jest ćwiczeniem ukierunkowanym na biceps i wykonany twarzą do góry na ławce nachyleniu.Stwarza to pionowy kąt ramienia, który pomaga odizolować biceps i ograniczyć zaangażowanie mięśni barkowych.Ta zmienność loków jest zwykle wykonywana dla umiarkowanych do wysokich powtórzeń, takich jak 8-12 powtórzeń na ramię lub więcej, w ramach treningu skoncentrowanego na górnym ciele lub ramieniu.",Strength Training,Biceps,Dumbbell,Intermediate,8.6,Average
743,Alternate Hammer Curl,"Przemienne loki młotu wykonuje się z hantlami, ale bez wznoszenia nadgarstka.W każdym przedstawiciela nadgarstki pozostają neutralne, jak stolarka wbijająca paznokcie.",Strength Training,Biceps,Dumbbell,Intermediate,8.6,Average
744,Seated dumbbell biceps curl,"Siedzący hantle biceps jest popularnym ćwiczeniem do budowania większych bicepsów.Podczas gdy loki można również skutecznie wykonywać stojąc, wykonanie ich siedzących może egzekwować ścisłą formę i być może zwiększyć połączenie z mięśniem umysłu.Podobnie jak większość wariantów loków, są one zwykle wykonywane dla umiarkowanych do wysokich powtórzeń, takich jak 8-12 powtórzeń na zestaw lub więcej.",Strength Training,Biceps,Dumbbell,Intermediate,8.6,Average
745,Preacher Hammer Dumbbell Curl,,Strength Training,Biceps,Dumbbell,Beginner,8.6,Average
746,Dumbbell preacher curl,"Curl kaznodzieju hantli to ćwiczenie, które koncentruje się na budowaniu bicepsów, szczególnie piku bicepsa.Wszystko, czego potrzebujesz, to para hantli i ławki kaznodziei.Zazwyczaj jest wykonywany dla umiarkowanych do wysokich powtórzeń w ramach treningu skoncentrowanego na górnym ciele lub ramion.",Strength Training,Biceps,Dumbbell,Intermediate,8.3,Average
747,Lying Supine Dumbbell Curl,,Strength Training,Biceps,Dumbbell,Beginner,8.3,Average
748,Standing Dumbbell Reverse Curl,"Z lokami hantli z odwróconym chwytem dłonie twarzą w dół, a nie w górę.Ta niekonwencjonalna pozycja nadgarstka jednocześnie atakuje biceps, jednocześnie budując siłę przedramienia i chwytania.Przeniesienie może wykonywać stojące lub siedzące.",Strength Training,Biceps,Dumbbell,Beginner,8.1,Average
749,Palms-out incline biceps curl,"Curl bicepsów na pochyłości dłoni jest ćwiczeniem ukierunkowanym na biceps.Jest w dużej mierze podobny do loku hantlowego, ale pozycja Palm-Out jest ukierunkowana na długą głowę bicepsów, która jest odpowiedzialna za „szczyt” biceps.Ta zmienność loków jest zwykle wykonywana dla umiarkowanych do wysokich powtórzeń, takich jak 8-12 powtórzeń na zestaw lub więcej, w ramach treningu skoncentrowanego na górnym ciele lub ramieniu.",Strength Training,Biceps,Dumbbell,Beginner,8.0,Average
750,Straight-arm plank with biceps curl,"Planka prostej ramię z bicepsem jest ruch hybrydowy, który jednocześnie trenuje mięśnie brzuszne i biceps.Może zająć się wieloma grupami mięśni w efektywnym czasie budowaniu mięśni lub treningu w stylu obwodów, jednocześnie zapewniając dodatkowe wyzwanie sercowo-naczyniowe.",Strength Training,Biceps,Dumbbell,Beginner,7.7,Average
751,Face-down incline dumbbell biceps curl,"Zamkawiany nachylenie bicepsów na pochyłości jest ćwiczeniem skierowanym do bicepsa i wykonanego twarzą w dół na ławce nachylonej.Stwarza to pionowy kąt ramienia, który pomaga odizolować biceps i ograniczyć zaangażowanie mięśni barkowych.Ta zmienność loków jest zwykle wykonywana dla umiarkowanych do wysokich powtórzeń, takich jak 8-12 powtórzeń na zestaw lub więcej, w ramach treningu skoncentrowanego na górnym ciele lub ramieniu.",Strength Training,Biceps,Dumbbell,Beginner,7.6,Average
752,Seated Dumbbell Inner Biceps Curl,,Strength Training,Biceps,Dumbbell,Beginner,7.4,Average
753,Standing Inner-Biceps Curl,,Strength Training,Biceps,Dumbbell,Beginner,7.4,Average
754,Seated hammer curl,"Siedzący hammer jest popularnym ćwiczeniem do budowania większych bicepsów i przedramion.Ruch przypomina wbijanie paznokci - stąd nazwa.Podczas gdy loki można również skutecznie wykonywać stojąc, wykonanie ich siedzących może egzekwować ścisłą formę i być może zwiększyć połączenie z mięśniem umysłu.Podobnie jak większość wariantów loków, są one zwykle wykonywane dla umiarkowanych do wysokich powtórzeń, takich jak 8-12 powtórzeń na zestaw lub więcej.",Strength Training,Biceps,Dumbbell,Intermediate,,
755,Paul Carter Incline Dumbbell Biceps Curl,Curl bicepsów hantli nachylenia jest ćwiczeniem izolacyjnym ukierunkowanym na biceps.Ta zmiana jest skierowana do długiej głowy bicepsa bardziej niż tradycyjnego loka i jest większe napięcie w tym mięśniu.,Strength Training,Biceps,Dumbbell,Intermediate,,
756,Paul Carter Concentration Curl,"Curl koncentracyjny jest klasycznym ćwiczeniem do budowania bicepsa po jednym ramieniu na raz.Można go wykonywać pochylone lub klęczące, ale częściej wykonywane są na ławce.Jest świetny do podkreślenia piku bicepsa i jest często używany do zakończenia treningu bicepsa.Podobnie jak większość wariantów loków, są one zwykle wykonywane dla umiarkowanych do wysokich powtórzeń, takich jak 8-12 powtórzeń na zestaw lub więcej.",Strength Training,Biceps,Dumbbell,Intermediate,,
757,FYR Dumbbell Curl,"Curl bicepsów Dubbell jest ćwiczeniem jednopunktowym do budowania większych i silniejszych bicepsów.Popularny wśród gąsienic na wszystkich poziomach doświadczenia, ten ruch można wykonać siedzące lub stojące.Jest to ogólnie wykonywane dla umiarkowanych do wysokich powtórzeń, takich jak 8-12 powtórzeń lub wyższych, w ramach skoncentrowanej na ramieniu części treningu.",Strength Training,Biceps,Dumbbell,Intermediate,,
758,Dumbbell biceps curl to upright row,"Curl bicepsów hantli do rzędu pionowego jest kompleksem hantli, który łączy dwa ćwiczenia, które budują i wzmacniają biceps, pułapki i środkową głowę deltoidów.Zazwyczaj wykonuje się to jeden powtórzenie każdego ruchu na raz, chociaż można wykonać więcej powtórzeń każdego z nich lub zwiększyć powtórzenia w kolejnych rundach (np. 1 powtórzenie w rundzie 1, 2 powtórzeń w rundzie 2 itd.).Bez względu na to, w jaki sposób ustrukturyzujesz zestawy i powtórzenia, jest to efektywny czas sposób na uderzenie w wiele mięśni górnego ciała podczas każdego treningu.",Strength Training,Biceps,Dumbbell,Intermediate,,
759,FYR Dumbbell Hammer Curl,"To loki jest wykonywane jednocześnie z hantlami, ale bez wznoszenia nadgarstka.W każdym przedstawiciela nadgarstki pozostają neutralne, jak stolarka wbijająca paznokcie.",Strength Training,Biceps,Dumbbell,Intermediate,,
760,Dumbbell overhead hold with single-arm curl,"Hantle nad głową z lokami jednoramiennymi łączy izometryczne nad głową z lokami dla drugiego ramienia.Dwa ruchy wspólnie kierują się do mięśni ramion i ramion, zapewniając zaskakującym podstawowym wyzwaniu.Spodziewaj się, że zostanie zakwestionowany, nawet z lekką wagą.",Strength Training,Biceps,Dumbbell,Intermediate,,
761,FYR Kneeling Biceps,Klęczenie klęczącego stężenia pozwala ukierunkować na biceps bez możliwości użycia pędu z reszty ciała do poruszania ciężaru.,Strength Training,Biceps,Dumbbell,Intermediate,,
762,Lunge hold dumbbell curl,"Lunge Hold Hold Curl to trudny kompleks, który łączy izometryczne wstrzymanie na dnie longe z lokami hantli biceps.Dwa ćwiczenia łączą się, aby ukierunkować nogi, rdzeń i biceps.Curl określi ilość wagi, której możesz użyć, ale nawet lekka waga sprawi, że Lunge utrzyma poważne wyzwanie.",Strength Training,Biceps,Dumbbell,Intermediate,,
763,FYR Dumbbell Biceps Curl,"Curl bicepsów Dubbell jest ćwiczeniem jednopunktowym do budowania większych i silniejszych bicepsów.Popularny wśród gąsienic na wszystkich poziomach doświadczenia, ten ruch można wykonać siedzące lub stojące.Jest to ogólnie wykonywane dla umiarkowanych do wysokich powtórzeń, takich jak 8-12 powtórzeń lub wyższych, w ramach skoncentrowanej na ramieniu części treningu.",Strength Training,Biceps,Dumbbell,Intermediate,,
764,Alternating dumbbell snatch,"Przemienne porwanie hantli to wybuchowe ćwiczenie, które buduje moc całego ciała i atakuje mięśnie bioder, pleców i ramion.Wykonanie go przez naprzemienne ramiona daje każdemu ramieniu szansę na odzyskanie, umożliwiając wykonanie większej jakości pracy.Można go wykonywać dla niskich powtórzeń z naciskiem na moc i prędkość lub dla wyższych powtórzeń do budowy mięśni lub jako części metabolicznego obwodu kondycjonowania.",Strength Training,Biceps,Dumbbell,Intermediate,,
765,TBS Incline Dumbbell Curl,Curl bicepsów hantli nachylenia jest ćwiczeniem izolacyjnym ukierunkowanym na biceps.Ta zmiana jest skierowana do długiej głowy bicepsa bardziej niż tradycyjnego loka i jest większe napięcie w tym mięśniu.,Strength Training,Biceps,Dumbbell,Intermediate,,
766,TBS Hammer Curl,"Przemienne loki młotu wykonuje się z hantlami, ale bez wznoszenia nadgarstka.W każdym przedstawiciela nadgarstki pozostają neutralne, jak stolarka wbijająca paznokcie.",Strength Training,Biceps,Dumbbell,Intermediate,,
767,Reverse-grip dumbbell curl,"Z lokami hantli z odwróconym chwytem dłonie twarzą w dół, a nie w górę.Ta niekonwencjonalna pozycja nadgarstka jednocześnie atakuje biceps, jednocześnie budując siłę przedramienia i chwytania.Przeniesienie można wykonać stojąc lub siedząc.Ponieważ uchwyt jest czynnikiem ograniczającym, jest zwykle wykonywany dla umiarkowanych do wysokich powtórzeń, takich jak 8-10 powtórzeń na zestaw.",Strength Training,Biceps,Dumbbell,Intermediate,,
768,Incline Dumbbell Curl - Gethin Variation,Curl bicepsów hantli nachylenia jest ćwiczeniem izolacyjnym ukierunkowanym na biceps.Ta zmiana jest skierowana do długiej głowy bicepsa bardziej niż tradycyjnego loka i jest większe napięcie w tym mięśniu.,Strength Training,Biceps,Dumbbell,Intermediate,,
769,Hammer curl,"Curl młotka to ruch hantli, który koncentruje się na mięśniach bicepsów, brachialis i przedramienia.W każdym przedstawiciela nadgarstki pozostają neutralne, jak stolarka wbijająca paznokcie.Jest to ogólnie wykonywane dla umiarkowanych do wysokich powtórzeń, takich jak 8-12 powtórzeń lub więcej, w ramach skoncentrowanej na ramieniu części treningu.",Strength Training,Biceps,Dumbbell,Intermediate,,
770,Seated Dumbbell Curl - Gethin Variation,"Siedzący hantle biceps jest standardowym ćwiczeniem do budowania większych bicepsów.Podczas gdy loki hantle biceps można wykonywać stojące, ta wersja obejmuje siedzenie na ławce.",Strength Training,Biceps,Dumbbell,Intermediate,,
771,Dumbbell Hammer Curl - Gethin Variation,"To loki jest wykonywane jednocześnie z hantlami, ale bez wznoszenia nadgarstka.W każdym przedstawiciela nadgarstki pozostają neutralne, jak stolarka wbijająca paznokcie.",Strength Training,Biceps,Dumbbell,Intermediate,,
772,Single-arm seated dumbbell curl,"Siedząca hantle z jednym ramieniem jest popularnym ćwiczeniem do budowania większych bicepsów.Wykonanie go na raz może pozwolić na użycie nieco większej wagi, koncentrując się na naprawdę odczuwaniu połączenia z mięśniem umysłu w ramieniu roboczym.Podobnie jak większość wariantów loków, są one zwykle wykonywane dla umiarkowanych do wysokich powtórzeń, takich jak 8-12 powtórzeń na zestaw lub więcej.",Strength Training,Biceps,Dumbbell,Intermediate,,
773,Lying Cable Curl - Gethin Variation,"Loksyjne bicepsy biceps to ćwiczenie izolacyjne, które eliminuje możliwość użycia pędu z dolnej części ciała w celu podniesienia ciężaru.",Strength Training,Biceps,Dumbbell,Intermediate,,
774,Dumbbell biceps curl,"Curl bicepsów Dubbell jest ćwiczeniem jednopunktowym do budowania większych i silniejszych bicepsów.Popularny wśród gąsienic na wszystkich poziomach doświadczenia, ten ruch można wykonać siedzące lub stojące.Jest to ogólnie wykonywane dla umiarkowanych do wysokich powtórzeń, takich jak 8-12 powtórzeń lub wyższych, w ramach skoncentrowanej na ramieniu części treningu.",Strength Training,Biceps,Dumbbell,Intermediate,,
775,Seated Biceps Hammer Curl,,Strength Training,Biceps,Dumbbell,Intermediate,,
776,HM Alternating Reverse Lunge With Biceps Curl,,Strength Training,Biceps,Dumbbell,Intermediate,,
777,AM Hammer Curls,"To loki jest wykonywane jednocześnie z hantlami, ale bez wznoszenia nadgarstka.W każdym przedstawiciela nadgarstki pozostają neutralne, jak stolarka wbijająca paznokcie.",Strength Training,Biceps,Dumbbell,Intermediate,,
778,AM Seated Hammer Curls,"Siedzący Hammer Curl to popularne ćwiczenie do budowania większych bicepsów.Ruch przypomina wbijanie paznokci - stąd nazwa.Podczas gdy młot można wykonywać stojąc, ta wersja obejmuje siedzenie na ławce.",Strength Training,Biceps,Dumbbell,Intermediate,,
779,Seated alternating biceps curl,"Siedzący naprzemiennie biceps to ćwiczenie, które buduje większe i silniejsze biceps.Technika naprzemienna pozwala na krótkie odpoczynek jednego ramienia, gdy drugie ramię unosi się.Zazwyczaj wykonuje się to dla umiarkowanych do wysokich powtórzeń, takich jak 8-12 powtórzeń lub więcej, w ramach części treningu skoncentrowanego na górnej części lub ramieniu.",Strength Training,Biceps,Dumbbell,Intermediate,,
780,Alternating hammer curl,"Przemienne loki młotu wykonuje się z hantlami, ale bez wznoszenia nadgarstka.W każdym przedstawiciela nadgarstki pozostają neutralne, jak stolarka wbijająca paznokcie.Jest to ogólnie wykonywane dla umiarkowanych do wysokich powtórzeń, takich jak 8-12 powtórzeń lub więcej, w ramach skoncentrowanej na ramieniu części treningu.",Strength Training,Biceps,Dumbbell,Intermediate,,
781,Alternating biceps curl,"Przemienne loki biceps to ćwiczenie jednopunktowe do budowania większego i silniejszego bicepsa jednego ramienia na raz.Popularny wśród gąsienic na wszystkich poziomach doświadczenia, ten ruch można wykonać siedzące lub stojące.Jest to ogólnie wykonywane dla umiarkowanych do wysokich powtórzeń, takich jak 8-12 powtórzeń lub wyższych, w ramach skoncentrowanej na ramieniu części treningu.",Strength Training,Biceps,Dumbbell,Intermediate,,
782,Holman Slow Biceps Curl,,Strength Training,Biceps,Dumbbell,Intermediate,,
783,Holman Biceps Curl to Chest Punch,,Strength Training,Biceps,Dumbbell,Intermediate,,
784,Holman Right Arm Heavy Biceps Curl,,Strength Training,Biceps,Dumbbell,Intermediate,,
785,Holman Left Arm Heavy Biceps Curl,,Strength Training,Biceps,Dumbbell,Intermediate,,
786,Holman Alternating Front Lunge Biceps Curl,,Strength Training,Biceps,Dumbbell,Intermediate,,
787,Holman Weighted Double-Time Biceps Curl,,Strength Training,Biceps,Dumbbell,Intermediate,,
788,Holman Heavy Right Arm Biceps Curl,,Strength Training,Biceps,Dumbbell,Intermediate,,
789,Holman Heavy Left Arm Biceps Curl,,Strength Training,Biceps,Dumbbell,Intermediate,,
790,MetaBurn Dumbbell Drag Curl,,Strength Training,Biceps,Dumbbell,Intermediate,,
791,MetaBurn Hammer Curl to Overhead Press,,Strength Training,Biceps,Dumbbell,Intermediate,,
792,MetaBurn Biceps Curl To Lateral Raise,,Strength Training,Biceps,Dumbbell,Intermediate,,
793,FYR2 Alternating Dumbbell Curl,,Strength Training,Biceps,Dumbbell,Intermediate,,
794,FYR2 Pulse Biceps Curl,,Strength Training,Biceps,Dumbbell,Intermediate,,
795,FYR2 Seesaw Dumbbell Biceps Curl,,Strength Training,Biceps,Dumbbell,Intermediate,,
796,FYR2 Single-Dumbbell Biceps Curl,,Strength Training,Biceps,Dumbbell,Intermediate,,
797,FYR2 Dumbbell Curl-Row Complex,,Strength Training,Biceps,Dumbbell,Intermediate,,
798,30 Arms Standing Dumbbell Hammer Curl 21s,,Strength Training,Biceps,Dumbbell,Intermediate,,
799,30 Arms Standing Biceps Curl,,Strength Training,Biceps,Dumbbell,Intermediate,,
800,30 Arms Standing Alternating Hammer Curl,,Strength Training,Biceps,Dumbbell,Intermediate,,
801,30 Arms Standing Alternating Biceps Curl,,Strength Training,Biceps,Dumbbell,Intermediate,,
802,30 Arms Single-Arm Hammer Preacher Curl,,Strength Training,Biceps,Dumbbell,Intermediate,,
803,30 Arms Single-Arm Dumbbell Preacher Curl,,Strength Training,Biceps,Dumbbell,Intermediate,,
804,30 Arms Seated Dumbbell Concentration Curl,,Strength Training,Biceps,Dumbbell,Intermediate,,
805,30 Arms Seated Biceps Curl,,Strength Training,Biceps,Dumbbell,Intermediate,,
806,30 Arms Seated Alternating Biceps Curl,,Strength Training,Biceps,Dumbbell,Intermediate,,
807,30 Arms Incline Hammer Curl,,Strength Training,Biceps,Dumbbell,Intermediate,,
808,30 Arms Incline Dumbbell Triceps Extension,,Strength Training,Biceps,Dumbbell,Intermediate,,
809,30 Arms Hammer Curl,,Strength Training,Biceps,Dumbbell,Intermediate,,
810,Reverse Plate Curls,,Strength Training,Biceps,Other,Beginner,7.2,Average
811,Standing Biceps Stretch,,Mobility and Stretching,Biceps,Other,Beginner,7.1,Average
812,Suspended Curl,,Strength Training,Biceps,Other,Beginner,0.0,Average
813,Plate hammer curl,"Curl młotka płytowego jest ćwiczeniem, które atakuje długą głowę bicepsów, a także mięśni Brachialis i Brachioradialis.Zazwyczaj loki młotka są wykonywane z hantlami, ale w tym przypadku trzymanie płyty ciężarowej umieszcza dłonie w tej samej pozycji neutralnej.",Strength Training,Biceps,Other,Beginner,0.0,Average
814,Barbell spider curl,"Curl pająka Barbell jest ćwiczeniem skierowanym do bicepsów i wykonał twarzą w dół na ławce nachyleniu lub po płaskiej stronie ławki kaznodziei.Pionowy kąt ławki pomaga odizolować biceps i ograniczyć zaangażowanie mięśni barkowych.Ta zmienność loków jest zwykle wykonywana dla umiarkowanych do wysokich powtórzeń, takich jak 8-12 powtórzeń na zestaw lub więcej, w ramach treningu skoncentrowanego na górnym ciele lub ramieniu.",Strength Training,Biceps,Other,Intermediate,,
815,Barbell forehead curl,"Curl na czole Barbell to klasyczny ruch z złotego wieku kulturystyki i często kojarzy się z Dave'em „The Blond Bomber”.Sztangę jest podnoszona do twojego czoła zamiast do klatki piersiowej, podkreślając ściskanie i szczyt.Zazwyczaj wykonuje się to dla umiarkowanych do wysokich powtórzeń, takich jak 8-12 powtórzeń na zestaw.",Strength Training,Biceps,Other,Intermediate,,
816,Overhead cable curl,"Znany również jako zwijanie się krucyfixu, zwijanie kablowe jest ćwiczeniem skoncentrowanym na bicepsach wykonywanych między dwoma stosami kablowymi, przy użyciu pary D uchwytu.Ramiona i łokcie są trzymane na wysokości ramienia przez cały czas ruchu, a obie ręce zwiną się w kierunku uszu.Ta pozycja jest zaprojektowana w celu wyeliminowania zaangażowania ramion i pędu, przy jednoczesnym ukierunkowaniu piku bicepsa.Ruch ten odbywa się ogólnie dla umiarkowanych do wysokich powtórzeń, takich jak 8-12 powtórzeń na zestaw lub więcej, w ramach treningu skoncentrowanego na ramieniu.",Strength Training,Biceps,Cable,Intermediate,9.0,Average
817,Standing One-Arm Cable Curl,Łączenie bicepsów kablowych jednoramiennych to ćwiczenie izolacyjne jednopunktowe do budowania bicepsów.Ten ruch ma być surowy i celowy;To nie jest ćwiczenie do używania pędu lub w inny sposób oszukiwania.,Strength Training,Biceps,Cable,Beginner,8.8,Average
818,Reverse Cable Curl,,Strength Training,Biceps,Cable,Beginner,8.7,Average
819,Standing Biceps Cable Curl,"Curl bicepsów z prostym barem wykonuje klasyczne ćwiczenie kulturystyczne, stojącą curl sztangowy i zastępuje sztangę uchwytem przymocowanym do kabla.Jest to powszechny ruch wypalenia wykonany dla umiarkowanych do wysokich powtórzeń, takich jak 8-12 powtórzeń na zestaw, w ramach treningu skoncentrowanego na górnym ciele lub ramieniu.",Strength Training,Biceps,Cable,Intermediate,8.5,Average
820,Cable rope hammer curl,"Curl młotka linowego to popularne ćwiczenie skoncentrowane na ramieniu wykonanym z uchwytem liny przymocowanym kablem do stosu ciężarowego.Wykorzystuje neutralny chwyt (dłonie skierowane do siebie), który oprócz bicepsów jest ukierunkowany na przedramiona i mięśnie Brachialis.Ponieważ przyczepność jest ograniczeniem, jest zwykle wykonywane dla umiarkowanych do wysokich powtórzeń, takich jak 8-12 powtórzeń na zestaw lub więcej.",Strength Training,Biceps,Cable,Intermediate,8.2,Average
821,Lying cable biceps curl,"Loksyjne bicepsy kablowe to ćwiczenie kablowe, które są ukierunkowane na biceps.Wykonuje się leżąc na plecach, albo na ławce, albo na ziemi, z stopami skierowanymi w kierunku stosu kablowego.Ten ruch jest zwykle wykonywany dla umiarkowanych do wysokich powtórzeń w celu oparzenia i pompy w ramach treningu skoncentrowanego na ramieniu.",Strength Training,Biceps,Cable,Beginner,8.2,Average
822,Cable rope preacher hammer curl,"Curl Hammer Hammer Curl to jednopunktowy ćwiczenie ramion, które buduje siłę i rozmiar w bicepsach za pomocą stosu kablowego, ławki kaznodziei i chwytania liny.Neutralny lub „młot” chwytak wzmacnia aktywację mięśni chwytania, jak i brachialis, budując grubość ramienia.Kąt ławki również skutecznie usuwa ramiona z ruchu, w dużej mierze izolując biceps.Jest to ogólnie wykonywane dla wyższych powtórzeń, co najmniej 8-15 na zestaw.",Strength Training,Biceps,Cable,Beginner,7.5,Average
823,Lying Close-Grip Bar Curl On High Pulley,"Leżący lokale bicepsów o wysokiej szycie jest niezwykłym ruchem do budowania bicepsów-ale jest bardzo skuteczny.Leżące podatne i zwijanie się w kierunku ciebie zapewnia inny bodziec, niż pozwala na to więcej standardowych podejść.",Strength Training,Biceps,Cable,Beginner,7.1,Average
824,Cable EZ-Bar Preacher Curl - Gethin Variation,"Curl kaznodzieju kablowego to ćwiczenie ramion jednopunktowych, które buduje siłę i rozmiar w bicepsach za pomocą stosu kablowego i ławki kaznodziei.Jest popularny w treningach ramion budujących mięśnie, ponieważ kąt ławki skutecznie usuwa ramiona z ruchu, w dużej mierze izolując biceps.Jest to ogólnie wykonywane dla wyższych powtórzeń, co najmniej 8-15 na zestaw.",Strength Training,Biceps,Cable,Intermediate,,
825,Squatting cable EZ-bar biceps curl,"Skuctujący kabel Ez-Bar BIceps to ćwiczenie, które buduje i wzmacnia biceps, podczas gdy dolna część ciała znajduje się w pozycji statycznej przysiadu.Zazwyczaj wykonuje się to dla wyższych zestawów powtórzeń, takich jak 8-12 powtórzeń na zestaw lub więcej, w połączeniu z innymi lokami lub treningiem ramienia.Jest najbardziej podobny w pozycjonowaniu ramienia do loku kaznodziei, ale ma również wyjątkowe korzyści dla dolnej części ciała.",Strength Training,Biceps,Cable,Intermediate,,
826,Cable straight-bar biceps curl,"Curl bicepsów z prostym barem wykonuje klasyczne ćwiczenie kulturystyczne, stojącą curl sztangowy i zastępuje sztangę uchwytem przymocowanym do kabla.Jest to powszechny ruch wypalenia wykonany dla umiarkowanych do wysokich powtórzeń, takich jak 8-12 powtórzeń na zestaw, w ramach treningu skoncentrowanego na górnym ciele lub ramieniu.",Strength Training,Biceps,Cable,Intermediate,,
827,Standing reverse-grip cable curl,"Stojący loka kabla do odwrotnego chwytacji wykonuje klasyczne ćwiczenie kulturystyczne, zwinięta z robienia sztangi i poprawia go za pomocą uchwytu przymocowanego do stosu kablowego.W większym stopniu celuje w mięśnie przedramienia i brachialis niż podstępne zmiany bicepsów.Ponieważ przyczepność jest ograniczeniem, ruch ten jest powszechnie wykonywany dla umiarkowanych do wysokich powtórzeń, takich jak 8-12 powtórzeń na zestaw lub więcej, w ramach treningu z udziałem górnej części lub ramienia.",Strength Training,Biceps,Cable,Intermediate,,
828,Lying high-cable biceps curl,Kł. Curl bicepsa o wysokiej jakości jest jedno-punktowym ćwiczeniem ukierunkowanym na biceps w pozycji podatnej (twarzą w górę).Zazwyczaj wykonuje się to dla umiarkowanych do wysokich powtórzeń w ramach części treningu skoncentrowanego na ramieniu.,Strength Training,Biceps,Cable,Intermediate,,
829,High-Pulley Cable Curl - Gethin Variation,"Znany również jako zwijanie się krucyfixu, zwijanie kablowe jest ćwiczeniem skoncentrowanym na bicepsach wykonywanych między dwoma stosami kablowymi, przy użyciu pary D uchwytu.Ramiona i łokcie są trzymane na wysokości ramienia przez cały czas ruchu, a obie ręce zwiną się w kierunku uszu.Ta pozycja jest zaprojektowana w celu wyeliminowania zaangażowania ramion i pędu, przy jednoczesnym ukierunkowaniu piku bicepsa.Ruch ten odbywa się ogólnie dla umiarkowanych do wysokich powtórzeń, takich jak 8-12 powtórzeń na zestaw lub więcej, w ramach treningu skoncentrowanego na ramieniu.",Strength Training,Biceps,Cable,Intermediate,,
830,Standing High Cable Curl - Gethin Variation,"Curl bicepsów z prostym barem wykonuje klasyczne ćwiczenie kulturystyczne, stojącą curl sztangowy i zastępuje sztangę uchwytem przymocowanym do kabla.Jest to powszechny ruch wypalenia wykonany dla umiarkowanych do wysokich powtórzeń, takich jak 8-12 powtórzeń na zestaw, w ramach treningu skoncentrowanego na górnym ciele lub ramieniu.",Strength Training,Biceps,Cable,Intermediate,,
831,High Cable Curls,Kł. Curl bicepsa o wysokiej jakości jest jedno-punktowym ćwiczeniem ukierunkowanym na biceps w pozycji podatnej (twarzą w górę).Zazwyczaj wykonuje się to dla umiarkowanych do wysokich powtórzeń w ramach części treningu skoncentrowanego na ramieniu.,Strength Training,Biceps,Cable,Intermediate,,
832,Seated cable biceps curl,Siedzący kabel bicepsów bicepsów jest ćwiczeniem ramion jednopunktowego przeznaczonego do izolacji bicepsów.Pozycja siedząca pomaga wyeliminować stosowanie pędu.Ten ruch jest zwykle wykonywany dla umiarkowanych do wysokich powtórzeń w celu oparzenia i pompy w ramach treningu skoncentrowanego na ramieniu.,Strength Training,Biceps,Cable,Intermediate,,
833,Lying Close-Grip Bar Curl On High Pulley - Gethin Variation,"Leżący lokale bicepsów o wysokiej szycie jest niezwykłym ruchem do budowania bicepsów-ale jest bardzo skuteczny.Leżące podatne i zwijanie się w kierunku ciebie zapewnia inny bodziec, niż pozwala na to więcej standardowych podejść.",Strength Training,Biceps,Cable,Intermediate,,
834,Standing Cable Curl - Gethin Variation,"Curl bicepsów z prostym barem wykonuje klasyczne ćwiczenie kulturystyczne, stojącą curl sztangowy i zastępuje sztangę uchwytem przymocowanym do kabla.Jest to powszechny ruch wypalenia wykonany dla umiarkowanych do wysokich powtórzeń, takich jak 8-12 powtórzeń na zestaw, w ramach treningu skoncentrowanego na górnym ciele lub ramieniu.",Strength Training,Biceps,Cable,Intermediate,,
835,Double Arm Cable Biceps Curl,,Strength Training,Biceps,Cable,Intermediate,,
836,AM Cable Biceps Curl,"Curl bicepsów z prostym barem wykonuje klasyczne ćwiczenie kulturystyczne, stojącą curl sztangowy i zastępuje sztangę uchwytem przymocowanym do kabla.Jest to powszechny ruch wypalenia wykonany dla umiarkowanych do wysokich powtórzeń, takich jak 8-12 powtórzeń na zestaw, w ramach treningu skoncentrowanego na górnym ciele lub ramieniu.",Strength Training,Biceps,Cable,Intermediate,,
837,Single-arm cable biceps curl,"Łączenie bicepsów kablowych jednoramiennych to ćwiczenie izolacyjne jednopunktowe do budowania bicepsów.Ten ruch ma być surowy i celowy;To nie jest ćwiczenie do używania pędu lub w inny sposób oszukiwania.Zwykle wykonuje się to dla umiarkowanych do wysokich powtórzeń, takich jak 8-12 powtórzeń lub więcej na zestaw, w ramach treningu skoncentrowanego na ramieniu.",Strength Training,Biceps,Cable,Intermediate,,
838,UP Cable Curl With Straight Bar,,Strength Training,Biceps,Cable,Intermediate,,
839,30 Arms Cable Rope Hammer Curl,,Strength Training,Biceps,Cable,Intermediate,,
840,30 Arms Squatting Cable Straight-Bar Curl,,Strength Training,Biceps,Cable,Intermediate,,
841,30 Arms High Cable Curl,,Strength Training,Biceps,Cable,Intermediate,,
842,30 Arms Cable Straight-Bar Curl,,Strength Training,Biceps,Cable,Intermediate,,
843,30 Arms Cable Concentration Curl,,Strength Training,Biceps,Cable,Intermediate,,
844,30 Arms BFR High Cable Curl,,Strength Training,Biceps,Cable,Intermediate,,
845,BFR cable rope hammer curl,"Curl liny linowej ograniczenia przepływu krwi (BFR) to ruch ramion, który buduje rozmiar i wytrzymałość bicepsów za pomocą pasm kablowego, uchwytu linowego i pasm ograniczenia przepływu krwi.Jest popularny w treningach ramienia „pompy” o wysokim powrocie.Paski powinny być umieszczone jak najwyższe na ramionach, przy ucisku nie większym niż 8 w skali 10. Większość treningów BFR zaleca stosowanie znacznie lżejszej wagi niż zwykle, być może nawet 25-50 procent normalnegoWaga robocza.",Strength Training,Biceps,Cable,Intermediate,,
846,Machine Bicep Curl,,Strength Training,Biceps,Machine,Beginner,9.0,Average
847,Machine Preacher Curls,Curl kaznodzieja maszyny to ćwiczenie izolacyjne ukierunkowane na biceps.,Strength Training,Biceps,Machine,Beginner,8.3,Average
848,Single-arm machine preacher curl,"Curl kaznodzieju maszyny jednoramiennej jest popularnym ćwiczeniem do budowania wielkości i siły w bicepsach.Zbliża się do ruchu wolnego kaznodziei, ale wykorzystuje pasek obciążenia selektorycznego lub maszynę obciążoną płytą.Wiele takich maszyn oferuje różne uchwyty i szerokości przyczepności.Curary bicepsów maszynowych są często wykonywane dla umiarkowanych do wysokich powtórzeń, takich jak 8-12 powtórzeń na zestaw lub więcej, w ramach części treningu skoncentrowanego na górnej części lub ramieniu.",Strength Training,Biceps,Machine,Intermediate,,
849,Machine preacher curl,"Curl kaznodzieju maszyny jest popularnym ćwiczeniem do budowania wielkości i siły w bicepsach.Zbliża się do ruchu wolnego kaznodziei, ale wykorzystuje pasek obciążenia selektorycznego lub maszynę obciążoną płytą.Wiele takich maszyn oferuje różne uchwyty i szerokości przyczepności.Curary bicepsów maszynowych są często wykonywane dla umiarkowanych do wysokich powtórzeń, takich jak 8-12 powtórzeń na zestaw lub więcej, w ramach części treningu skoncentrowanego na górnej części lub ramieniu.",Strength Training,Biceps,Machine,Intermediate,,
850,Smith machine drag curl,"Smith Machine Drag Curl to ćwiczenie zorientowane na biceps za pomocą paska w maszynie Smith.Zazwyczaj jest szkolony w umiarkowanych do wysokich powtórzeniach, co najmniej 8-15 powtórzeń na zestaw, i może pracować w częściach każdego treningu skoncentrowanego na bicepsach.",Strength Training,Biceps,Machine,Intermediate,,
851,30 Arms BFR Machine Preacher Curl,,Strength Training,Biceps,Machine,Intermediate,,
852,Seated Biceps,,Mobility and Stretching,Biceps,Body Only,Beginner,5.0,Average
853,TBS Chin-Up,"Podbródek to odmiana ćwiczenia podciągania, w którym powtórzenia są wykonywane z dłoniami skierowanymi w kierunku ciała, w pozycji podstępnej, z uchwytem, ​​który jest węższy niż szerokość ramion.Podobnie jak inne odmiany podciągania, buduje siłę i mięsień w górnej części pleców, biceps i rdzeniu, ale wykorzystuje biceps nieco bardziej niż podciągania.Może być używany jako bardziej przyjazna dla ramion alternatywa dla podciągnięć prosto lub do pomocy w wykonywaniu większej liczby powtórzeń, niż możesz wykonać przepaść.",Strength Training,Biceps,Body Only,Intermediate,,
854,Pull-up - Gethin Variation,"Podciąganie jest wielootorowym ćwiczeniem masy ciała, które buduje siłę i mięśnie w górnej części pleców, biceps i rdzeniu.Jest często stosowany jako narzędzie pomiarowe w wojskowych lub taktycznych testach sprawności i jest doskonałym miernikiem „siły względnej”, która jest siłą w stosunku do masy ciała.",Strength Training,Biceps,Body Only,Intermediate,,
855,UN Pull-Up Supinated,,Strength Training,Biceps,Body Only,Intermediate,,
856,UN Pull-Up Pronated,,Strength Training,Biceps,Body Only,Intermediate,,
857,UN Pull-Up Neutral,,Strength Training,Biceps,Body Only,Intermediate,,
858,EZ-Bar Curl,"Stojący lokal EZ-Bar jest niezwykle popularnym ćwiczeniem ukierunkowanym na biceps.Jest powszechnie wykonywany dla umiarkowanych do wysokich powtórzeń w ramach treningu skoncentrowanego na górnej części ciała lub ramion.Wiele siłowni ma nawet EZ-BARS przy stałych ciężarach, umożliwiając łatwe zmiany masy.",Strength Training,Biceps,E-Z Curl Bar,Intermediate,9.1,Average
859,Reverse Barbell Preacher Curls,"Zwrócenie sztangi z odwróconym chwytem to odmiana loku bicepsa, w którym dłonie są skierowane w dół.Przejście z podstępu na nadmierną przyczepność wprowadza mięśnie przedramienia i Brachialis bardziej do ćwiczeń.Jeśli jest to niewygodne dla nadgarstków, spróbuj wykonać je pod kątem paska EZ-Curl.",Strength Training,Biceps,E-Z Curl Bar,Beginner,8.8,Average
860,Close-Grip EZ-Bar Curl with Band,,Strength Training,Biceps,E-Z Curl Bar,Beginner,7.9,Average
861,Standing EZ-Bar Curl - Gethin Variation,"Stojący Curl EZ-Bar to niezwykle popularne ćwiczenie ukierunkowane na biceps.Jest powszechnie wykonywany dla umiarkowanych do wysokich powtórzeń w ramach treningu skoncentrowanego na górnej części ciała lub ramion.Wiele siłowni ma nawet EZ-BARS przy stałych ciężarach, umożliwiając łatwe zmiany masy.",Strength Training,Biceps,E-Z Curl Bar,Intermediate,,
862,TBS EZ-Bar Curl,"Stojący Curl EZ-Bar to niezwykle popularne ćwiczenie ukierunkowane na biceps.Jest powszechnie wykonywany dla umiarkowanych do wysokich powtórzeń w ramach treningu skoncentrowanego na górnej części ciała lub ramion.Wiele siłowni ma nawet EZ-BARS przy stałych ciężarach, umożliwiając łatwe zmiany masy.",Strength Training,Biceps,E-Z Curl Bar,Intermediate,,
863,Standing EZ-bar curl,"Stojący lokal EZ-Bar to popularne ćwiczenie ukierunkowane na biceps.Jest to powszechnie wykonywane dla umiarkowanych do wysokich powtórzeń w ramach treningu skoncentrowanego na górnym ciele lub ramieniem.Wiele siłowni ma nawet EZ-BARS przy stałych ciężarach, umożliwiając łatwe zmiany masy.",Strength Training,Biceps,E-Z Curl Bar,Intermediate,,
864,30 Arms Standing Overhand EZ-Bar Curl,,Strength Training,Biceps,E-Z Curl Bar,Intermediate,,
865,30 Arms EZ-Bar Spider Curl,,Strength Training,Biceps,E-Z Curl Bar,Intermediate,,
866,30 Arms EZ-Bar Preacher Curl,,Strength Training,Biceps,E-Z Curl Bar,Intermediate,,
867,30 Arms Standing EZ-Bar Curl,,Strength Training,Biceps,E-Z Curl Bar,Intermediate,,
868,Calf Raises - With Bands,,Strength Training,Calves,Bands,Beginner,4.8,Average
869,Peroneals Stretch,,Mobility and Stretching,Calves,Bands,Intermediate,3.3,Average
870,Posterior Tibialis Stretch,,Mobility and Stretching,Calves,Bands,Intermediate,1.0,Average
871,Calf SMR,"Uwolnienie samozaprzyku cieląt (SMR) to samozadowolenie tkanki miękkiej dla dolnej części ciała, zwykle przy użyciu wałka piankowego, kulki lacrosse lub innego narzędzia do masażu „punktu wyzwalającego”.Strategicznie wywierając nacisk na mięśnie łydek dolnej części nogi, niektórzy uważają, że mogą powodować, że tak często bolesne i ciasne mięśnie się rozluźnia lub „uwolnienie”.Calf SMR często towarzyszy SMR na mięśniach mięśnia czworogłowego lub odcinki skierowane do cieląt.",Mobility and Stretching,Calves,Foam Roll,Beginner,6.0,Average
872,Rocking Standing Calf Raise,,Strength Training,Calves,Barbell,Beginner,8.7,Average
873,Standing barbell calf raise,"Podnoszenie cielęcia stojącego jest popularnym ćwiczeniem ukierunkowanym na mięśnie łydek dolnej części nogi, szczególnie mięśnie żołądkowo -negatywne.Można go wykonywać dla czasu lub dla powtórzeń, za pomocą paska maszynowego sztangi lub Smitha, jeśli jest problemem.",Strength Training,Calves,Barbell,Beginner,8.2,Average
874,Barbell Seated Calf Raise,,Strength Training,Calves,Barbell,Beginner,7.6,Average
875,Smith machine standing calf raise,"Podnoszenie stałej cielęcia Smith Machine to ćwiczenie maszynowe ukierunkowane na mięśnie cieląt, zwłaszcza mięsień gastrocnemiusa lub górnego łydki.Zazwyczaj wykonuje się to dla umiarkowanych do wysokich powtórzeń, takich jak 8-12 powtórzeń na zestaw lub więcej, w ramach części treningu dolnej części ciała.",Strength Training,Calves,Barbell,Intermediate,,
876,Calf Raise On A Dumbbell,,Strength Training,Calves,Dumbbell,Beginner,4.8,Average
877,Standing Dumbbell Calf Raise,"Podniesienie cielęcia hantli stojącej jest popularnym ćwiczeniem ukierunkowanym na mięśnie łydek dolnej części nogi, a w szczególności mięśnie gastrocnemiusa.Można go wykonywać dla czasu lub dla powtórzeń, dwóch hantli, albo jednego, jeśli równowaga stanowi problem i chcesz użyć wolnej ręki do trzymania stałego obiektu.",Strength Training,Calves,Dumbbell,Intermediate,,
878,Single-leg standing dumbbell calf raise,"Podniesienie cielęcia z hantli stojącej w pojedynczej nogie jest popularnym ćwiczeniem ukierunkowanym na mięśnie łydek dolnej części nogi, szczególnie mięśnie gastrocnemiusa.Można go wykonywać dla czasu lub dla powtórzeń, z dwoma hantlami lub jednym, jeśli równowaga stanowi problem i chcesz użyć wolnej ręki do trzymania stałego obiektu.",Strength Training,Calves,Dumbbell,Intermediate,,
879,Dumbbell walking calf raise,"Podnoszenie cielęcia hantli to dynamiczne ćwiczenie ukierunkowane na mięśnie łydek dolnej części nogi, szczególnie mięśnie gastrocnemiusa.Można go wykonać dla odległości lub dla powtórzeń.",Strength Training,Calves,Dumbbell,Intermediate,,
880,Balance Board,,Strength Training,Calves,Other,Beginner,7.5,Average
881,Weighted donkey calf raise,"Ważone podwyższenie kalku osłów jest siłą i ćwiczeniem budowania mięśni koncentrujących się na mięśniach dolnej części nogi, co najważniejsze na mięsień żołądkowo-negatywnego.Podczas gdy tradycyjne podnoszenie cielęcia osła obejmowały określoną maszynę lub noszącą inną osobę na plecach, ta metoda wykorzystuje pasek wagowy.Można to dokonać w tradycyjnych zakresach przedstawiających mięśni lub dla wyższych powtórzeń w ramach treningu dolnego ciała.",Strength Training,Calves,Other,Intermediate,7.4,Average
882,Anterior Tibialis-SMR,,Mobility and Stretching,Calves,Other,Beginner,5.3,Average
883,Foot-SMR,,Mobility and Stretching,Calves,Other,Beginner,2.7,Average
884,Agility Ladder,,Cardio,Calves,Other,Intermediate,,
885,Single-leg machine seated calf raise,"Podniesienie cielęcia z jednej nogi jest ćwiczeniem skierowanym do mięśni łydek dolnej części nogi, szczególnie mięśni Soleus.Zwykle wykonuje się to dla umiarkowanych do wysokich powtórzeń, takich jak 8-12 powtórzeń na zestaw, ale czasami dla wyższych powtórzeń wynoszących 20 na zestaw lub więcej.",Strength Training,Calves,Other,Intermediate,,
886,Smith Machine Calf Raise,"Podnoszenie stałej cielęcia Smith Machine to ćwiczenie maszynowe ukierunkowane na mięśnie cieląt, zwłaszcza mięsień gastrocnemiusa lub górnego łydki.Zazwyczaj wykonuje się to dla umiarkowanych do wysokich powtórzeń, takich jak 8-12 powtórzeń na zestaw lub więcej, w ramach części treningu dolnej części ciała.",Strength Training,Calves,Machine,Intermediate,9.2,Average
887,Standing Calf Raises,"Podnoszenie cielęcia stojące jest popularnym ruchem ukierunkowanym na mięśnie łydek dolnej części nogi, a zwłaszcza mięśnie brzucha.Po nieważonym jest to zwykle wykonywane dla wysokich powtórzeń lub czasu.",Strength Training,Calves,Machine,Beginner,9.0,Average
888,Seated Calf Raise,"Podniesienie cielęcia siedzące maszynę to ćwiczenie ukierunkowane na mięśnie łydek dolnej części nogi, szczególnie mięśnie soleusa.Zazwyczaj wykonuje się to dla umiarkowanych do wysokich powtórzeń, takich jak 8-12 powtórzeń na zestaw, a czasami w przypadku bardzo wysokich zestawów zorientowanych na wypalenie 50-100 powtórzeń.",Strength Training,Calves,Machine,Intermediate,8.7,Average
889,Calf Press On The Leg Press Machine,"Podniesienie cielęcia nóg to ćwiczenie, które wykorzystuje maszynę do prasy nóg do pracy przez cielęta.Z palcami i kulkami stóp na platformie, ale na obcasach, naciskasz do przodu, aby pracować z cieląt.",Strength Training,Calves,Machine,Intermediate,8.7,Average
890,Calf Press,"Podnoszenie cielęcia stojące jest popularnym ruchem ukierunkowanym na mięśnie łydek dolnej części nogi, a zwłaszcza mięśnie brzucha.Po nieważonym jest to zwykle wykonywane dla wysokich powtórzeń lub czasu.",Strength Training,Calves,Machine,Beginner,8.5,Average
891,Smith Machine Reverse Calf Raises,,Strength Training,Calves,Machine,Beginner,7.3,Average
892,Seated Single-Leg Calf Press - Gethin Variation,"Podniesienie cielęcia z jednej nogi jest ćwiczeniem skierowanym do mięśni łydek dolnej części nogi, szczególnie mięśni Soleus.Zwykle wykonuje się to dla umiarkowanych do wysokich powtórzeń, takich jak 8-12 powtórzeń na zestaw, ale czasami dla wyższych powtórzeń wynoszących 20 na zestaw lub więcej.",Strength Training,Calves,Machine,Intermediate,,
893,Seated Calf Raise - Gethin Variation,"Podniesienie cielęcia siedzące maszynę to ćwiczenie ukierunkowane na mięśnie łydek dolnej części nogi, szczególnie mięśnie soleusa.Zazwyczaj wykonuje się to dla umiarkowanych do wysokich powtórzeń, takich jak 8-12 powtórzeń na zestaw, a czasami w przypadku bardzo wysokich zestawów zorientowanych na wypalenie 50-100 powtórzeń.",Strength Training,Calves,Machine,Intermediate,,
894,Donkey Calf Raise - Gethin Variation,"Podniesienie Donkey Calk jest siłą i ćwiczeniem budowania mięśni koncentrujących się na mięśniach dolnej części nogi, najwyraźniej na mięsień gastrocnemius.Podczas gdy tradycyjne podnoszenie cielęcia osła obejmowały określoną maszynę lub noszącą inną osobę na plecach, ta metoda wykorzystuje pasek wagowy.Można to dokonać w tradycyjnych zakresach przedstawiających mięśni lub dla wyższych powtórzeń w ramach treningu dolnego ciała.",Strength Training,Calves,Machine,Intermediate,,
895,Standing Calf Raise Facing Hack Squat Machine - Gethin Variation,"Podniesienie przysiadu do przysiadu wstecznego to odmiana podnoszenia cielęcia stojącego, aby celować w nią w inny sposób.",Strength Training,Calves,Machine,Intermediate,,
896,Calf Press On A Hack Squat Machine - Gethin Variation,"Podwyższenie łydek przysiadów to odmiana podwyżki łydki stojącego, aby celować w nią w inny sposób niż siedzący lub w pełni stojący.",Strength Training,Calves,Machine,Intermediate,,
897,Smith Machine Standing Calf Raises - Gethin Variation,"Podnoszenie stałej cielęcia Smith Machine to ćwiczenie maszynowe ukierunkowane na mięśnie cieląt, zwłaszcza mięsień gastrocnemiusa lub górnego łydki.Zazwyczaj wykonuje się to dla umiarkowanych do wysokich powtórzeń, takich jak 8-12 powtórzeń na zestaw lub więcej, w ramach części treningu dolnej części ciała.",Strength Training,Calves,Machine,Intermediate,,
898,Hack squat calf raise,"Podwyższenie łydek przysiadów to odmiana podnoszenia cielęcia stojącego wykonywanego w maszynie do przysiadu.Umożliwia to ciężkie ładowanie, ale także komfort barku z podkładek przysiadu.Zmiany podnoszenia cielęcia są często wykonywane dla stosunkowo wysokich powtórzeń, takich jak 10-20 powtórzeń na zestaw lub więcej.",Strength Training,Calves,Machine,Intermediate,,
899,Seated Calf Press - Gethin Variation,"Podniesienie cielęcia siedzące maszynę to ćwiczenie ukierunkowane na mięśnie łydek dolnej części nogi, szczególnie mięśnie soleusa.Zazwyczaj wykonuje się to dla umiarkowanych do wysokich powtórzeń, takich jak 8-12 powtórzeń na zestaw, a czasami w przypadku bardzo wysokich zestawów zorientowanych na wypalenie 50-100 powtórzeń.",Strength Training,Calves,Machine,Intermediate,,
900,Leg press calf raise,"Podniesienie cielęcia nóg to odmiana podnoszenia cielęcia stojącego wykonywanego w maszynie do prasy nóg.Umożliwia to ciężkie ładowanie, ale także komfort barku z podkładek prasy nogi.Zmiany podnoszenia cielęcia są często wykonywane dla stosunkowo wysokich powtórzeń, takich jak 10-20 powtórzeń na zestaw lub więcej.",Strength Training,Calves,Machine,Intermediate,,
901,Machine seated calf raise,"Podniesienie cielęcia siedzące maszynę to ćwiczenie ukierunkowane na mięśnie łydek dolnej części nogi, szczególnie mięśnie soleusa.Zazwyczaj wykonuje się to dla umiarkowanych do wysokich powtórzeń, takich jak 8-12 powtórzeń na zestaw, a czasami w przypadku bardzo wysokich zestawów zorientowanych na wypalenie 50-100 powtórzeń.",Strength Training,Calves,Machine,Intermediate,,
902,30 Legs Seated Calf Raise,,Strength Training,Calves,Machine,Intermediate,,
903,30 Legs Standing Calf Raise,,Strength Training,Calves,Machine,Intermediate,,
904,Peroneals-SMR,,Mobility and Stretching,Calves,Body Only,Intermediate,6.4,Average
905,Knee Circles,,Mobility and Stretching,Calves,Body Only,Beginner,6.3,Average
906,Standing Gastrocnemius Calf Stretch,,Mobility and Stretching,Calves,Body Only,Intermediate,5.6,Average
907,Wall calf stretch,Odcinek łydek ściennych to odcinek ukierunkowany na mięśnie łydek.Jest to prosty sposób na rozciągnięcie tych często szczelnych mięśni bez potrzebnego sprzętu.,Mobility and Stretching,Calves,Body Only,Intermediate,5.3,Average
908,Seated Calf Stretch,,Mobility and Stretching,Calves,Body Only,Intermediate,4.1,Average
909,Standing Calf Raise,"Podnoszenie cielęcia stojące jest popularnym ruchem ukierunkowanym na mięśnie łydek dolnej części nogi, a zwłaszcza mięśnie brzucha.Po nieważonym jest to zwykle wykonywane dla wysokich powtórzeń lub czasu.",Strength Training,Calves,Body Only,Intermediate,,
910,Standing calf raise-,"Podnoszenie cielęcia stojące jest popularnym ruchem ukierunkowanym na mięśnie łydek dolnej części nogi, szczególnie mięśnie brzucha.Po nieważonym jest to zwykle wykonywane dla wysokich powtórzeń lub czasu.",Strength Training,Calves,Body Only,Intermediate,,
911,HM Left Calf-Spike Sumo Pulse,,Strength Training,Calves,Body Only,Intermediate,,
912,Ankle Circles,,Mobility and Stretching,Calves,,Beginner,7.2,Average
913,Calf Stretch Elbows Against Wall,,Mobility and Stretching,Calves,,Beginner,4.9,Average
914,Standing Soleus And Achilles Stretch,,Mobility and Stretching,Calves,,Beginner,4.2,Average
915,Cross Over - With Bands,,Strength Training,Chest,Bands,Beginner,8.3,Average
916,Bench Press - With Bands,,Strength Training,Chest,Bands,Beginner,5.5,Average
917,Bench Press With Short Bands,,Strength Training,Chest,Bands,Beginner,0.0,
918,Feet-Elevated TRX Push-Up,,Strength Training,Chest,Bands,Beginner,0.0,
919,Band-suspended kettlebell bench press,"Zatrudniona prasa do ławki kettlebell to odmiana prasy, w której kettlebell lub płytki ciężarowe są zawieszone na końcach sztangi przez zapętlone pasy.Zawiesione ciężary mogą być dodatkiem do normalnie obciążonych płyt ciężarowych lub w ich miejscu.Ponieważ niestabilność ciężarów utrudnia windę, ta odmiana naciśnięcia jest popularnym ruchem akcesoriów do budowania tradycyjnej prasy ławowej w treningu podnoszenia mocy.",Strength Training,Chest,Bands,Intermediate,,
920,HM Banded Cross-Over Pull,,Strength Training,Chest,Bands,Intermediate,,
921,Rusin Band Pull-Apart,,Strength Training,Chest,Bands,Intermediate,,
922,UNS Banded Push-Up,,Strength Training,Chest,Bands,Intermediate,,
923,Taylor Band-Assisted One-Arm Push-Up,,Strength Training,Chest,Bands,Intermediate,,
924,Incline band bench press,"Bento na pochyłości jest odmianą nachylenia, popularnego ćwiczenia górnego ciała ukierunkowanego na mięśnie górnego piersiowego.Chociaż może to być ruch skoncentrowany na sile, jest zwykle wykonywany dla umiarkowanych do wysokich powtórzeń, takich jak 8-12 powtórzeń na zestaw lub więcej, w ramach treningu z udziałem górnej części ciała lub klatki piersiowej.",Strength Training,Chest,Bands,Intermediate,,
925,Band push-up,"Push-up zespołu jest postępem popularnej wersji ćwiczeń powszechnie stosowanych w testach sprawności fizycznej i taktycznej.Dodanie dynamicznego oporu pasma odpowiada krzywej wytrzymałości pompki i pomaga budować mięsień i siłę górnego ciała, podkreślając klatkę piersiową, triceps i ramiona, ale także pracując w górnej części pleców i rdzenia.",Strength Training,Chest,Bands,Intermediate,,
926,Band chest fly,"Podobnie jak mucha kablowa, mucha klatki piersiowej jest ruchem jednopunktowym, który działa mięśnie piersiowe.Mucha jest powszechna w treningach budowania mięśni w górnym ciele i klatce piersiowej, a odmiana pasma działa dobrze jako przedawnienie na początku treningu lub końcowego ruchu na końcu.Jest często stosowany w połączeniu z innymi prasami lub muchami, aby ukierunkować na klatkę piersiową z różnych stron.",Strength Training,Chest,Bands,Intermediate,,
927,Close-grip bench press,"Bliska prasa ławki to popularne ćwiczenie ukierunkowane na triceps i klatkę piersiową.Główną różnicą między tym ćwiczeniem a standardową prasą na ławce jest to, że dłonie i łokcie są bliżej siebie, co kładzie większy nacisk na triceps.Bliska prasa ławki jest często używana jako ruch akcesoriów do tradycyjnej prasy ławkowej lub jako budowniczy Triceps do treningu ramienia.Podobnie jak na prasie, można ją szkolić w niskich powtórzeniach w celu uzyskania siły lub wyższych powtórzeń w celu wytrzymałości mięśni lub siły.",Strength Training,Chest,Barbell,Intermediate,9.1,Average
928,Barbell Bench Press - Medium Grip,"Badanie to ćwiczenie złożone, które buduje siłę i mięśnie w klatce piersiowej i triceps.Kiedy wiele osób myśli o liście, prasa na ławce jest często pierwszym ćwiczeniem, które przychodzi na myśl",Strength Training,Chest,Barbell,Intermediate,9.0,Average
929,Decline barbell bench press,"Prasa do ławki Barbell jest popularnym ćwiczeniem górnego ciała ukierunkowanego na dolne mięśnie piersiowe.Chociaż może to być ruch skoncentrowany na sile, jest zwykle wykonywany dla umiarkowanych do wysokich powtórzeń, takich jak 8-12 powtórzeń na zestaw lub więcej, w ramach treningu z udziałem górnej części ciała lub klatki piersiowej.",Strength Training,Chest,Barbell,Intermediate,8.9,Average
930,Wide-grip bench press,"Prasa z szerokim chwytem jest ćwiczeniem złożonym ukierunkowanym na klatkę piersiową i, w mniejszym stopniu, triceps.Główną różnicą między tym ćwiczeniem a standardową prasą na ławce jest to, że dłonie są rozłożone dalej na barze.Wielu podnośników stwierdza, że ​​mogą poradzić sobie z szerszą wagą niż z węższymi uchwytami, chociaż warto również zauważyć, że wiele podnoszących podnośników powiedziało, że z szerokim uściskiem może przyczynić się do ich obrażeń ramion i bólu.Ławka z szerokim chwytaniem jest często używana jako ruch budujący klatkę piersiową w treningach klatki piersiowej lub górnej części ciała lub jako ruch akcesoriów tradycyjnej prasy.",Strength Training,Chest,Barbell,Beginner,8.9,Average
931,Wide-Grip Decline Barbell Bench Press,,Strength Training,Chest,Barbell,Beginner,8.9,Average
932,Barbell Incline Bench Press Medium-Grip,"Nachylenie nachylenia to ruch złoża górnej części ciała, który jest ukierunkowany na górną klatkę piersiową.",Strength Training,Chest,Barbell,Intermediate,8.8,Average
933,Neck Press,,Strength Training,Chest,Barbell,Beginner,8.8,Average
934,Front Raise And Pullover,,Strength Training,Chest,Barbell,Beginner,8.3,Average
935,Board bench press,"Presja na ławce to ćwiczenie górnego ciała, które jest powszechnie wykonywane jako ruch pomocy dla prasy ławowej.Kieruje się na te same mięśnie, co wycisk na ławkę, w tym klatkę piersiową i ramiona, ale naprawdę koncentruje się na tricepsach.Ponieważ możesz załadować go bardziej niż pełna wycisk na ławce, pozwala to przeciążyć triceps i blokować z wycisku na ławce.",Strength Training,Chest,Barbell,Intermediate,7.7,Average
936,Barbell Bench Press-Wide Grip,"Ławka z szerokim chwytem jest złożona ćwiczenie ukierunkowane na klatkę piersiową, przede wszystkim.Główną różnicą między tym ćwiczeniem a standardową prasą na ławce jest to, że dłonie są szersze na pasku.",Strength Training,Chest,Barbell,Beginner,7.6,Average
937,Wide-Grip Decline Barbell Pullover,,Strength Training,Chest,Barbell,Beginner,7.3,Average
938,Barbell Guillotine Bench Press,,Strength Training,Chest,Barbell,Beginner,6.7,Average
939,Band-suspended kettlebell bench press,"Zatrudniona prasa do ławki kettlebell to odmiana prasy, w której kettlebell lub płytki ciężarowe są zawieszone na końcach sztangi przez zapętlone pasy.Zawiesione ciężary mogą być dodatkiem do normalnie obciążonych płyt ciężarowych lub w ich miejscu.Ponieważ niestabilność ciężarów utrudnia windę, ta odmiana naciśnięcia jest popularnym ruchem akcesoriów do budowania tradycyjnej prasy ławkowej w treningu podnoszenia mocy.",Strength Training,Chest,Bands,Intermediate,,
940,Paul Carter Incline Bench Press,"Nachylenie nachylenia to ruch złoża górnej części ciała, który jest ukierunkowany na górną klatkę piersiową.",Strength Training,Chest,Barbell,Intermediate,,
941,Incline bench press,"Press na pochyłości jest popularnym ćwiczeniem sztangowym ukierunkowanym na mięśnie klatki piersiowej, zwłaszcza w mięśniach górnych piersiowych.Chociaż może to być ruch skoncentrowany na sile, jest zwykle wykonywany dla umiarkowanych do wysokich powtórzeń, takich jak 8-12 powtórzeń na zestaw lub więcej, w ramach treningu z udziałem górnej części ciała lub klatki piersiowej.",Strength Training,Chest,Barbell,Intermediate,,
942,Bench press,"Bench Bench to popularne ćwiczenie sztangowe, które buduje siłę i mięśnie w klatce piersiowej, tricepsach i ramionach.Jest to popularny sposób pomiaru ogólnej siły górnej części ciała i jest kwestionowany w sporcie podnoszenia mocy.Kiedy wiele osób myśli o podnoszeniu, prasa na ławce jest często pierwszym ćwiczeniem, które przychodzi na myśl.Można go wykonać dla niskich powtórzeń dla siły, wyższych powtórzeń dla mięśni lub dla wyższych powtórzeń w celu budowy lub pomiaru wytrzymałości siły, jak w 225-funtowym teście REP REP w kombinacji NFL.",Strength Training,Chest,Barbell,Intermediate,,
943,TBS Close-Grip Bench Press,"Bliskie ławce naciska złożone ćwiczenie ukierunkowane na triceps i klatkę piersiową.Główną różnicą między tym ćwiczeniem a standardową naciskiem na ławkę jest to, że dłonie i łokcie są bliżej siebie.",Strength Training,Chest,Barbell,Intermediate,,
944,AM Flat Bench Barbell Press,"Badanie to ćwiczenie złożone, które buduje siłę i mięśnie w klatce piersiowej i triceps.Kiedy wiele osób myśli o liście, prasa na ławce jest często pierwszym ćwiczeniem, które przychodzi na myśl",Strength Training,Chest,Barbell,Intermediate,,
945,UP Bench Press,"Badanie to ćwiczenie złożone, które buduje siłę i mięśnie w klatce piersiowej i triceps.Kiedy wiele osób myśli o liście, prasa na ławce jest często pierwszym ćwiczeniem, które przychodzi na myśl",Strength Training,Chest,Barbell,Intermediate,,
946,UP Close-Grip Bench Press,"Bliskie ławce naciska złożone ćwiczenie ukierunkowane na triceps i klatkę piersiową.Główną różnicą między tym ćwiczeniem a standardową naciskiem na ławkę jest to, że dłonie i łokcie są bliżej siebie.",Strength Training,Chest,Barbell,Intermediate,,
947,King Maker Barbell Bench Press,"Badanie to ćwiczenie złożone, które buduje siłę i mięśnie w klatce piersiowej i triceps.Kiedy wiele osób myśli o liście, prasa na ławce jest często pierwszym ćwiczeniem, które przychodzi na myśl",Strength Training,Chest,Barbell,Intermediate,,
948,King Maker Incline Barbell Bench Press,"Nachylenie nachylenia to ruch złoża górnej części ciała, który jest ukierunkowany na górną klatkę piersiową.",Strength Training,Chest,Barbell,Intermediate,,
949,30 Chest Incline Barbell Bench Press,,Strength Training,Chest,Barbell,Intermediate,,
950,30 Chest Barbell Bench Press,,Strength Training,Chest,Barbell,Intermediate,,
951,30 Chest 30-Degree Incline Dumbbell Press,,Strength Training,Chest,Barbell,Intermediate,,
952,Spoto press,"Press Spoto to odmiana popularnego ćwiczenia sztangi, która buduje siłę i mięśnie w klatce piersiowej, tricepsach i ramionach.Różni się od wycisku na ławce tym, że podnośnik zatrzymuje się przez kilka sekund na dole ruchu, po czym przyciska z powrotem pasek.Ta przerwa usuwa cały pęd i zwiększa czas napięcia dla mięśni klatki piersiowej i ramion, aby pomóc w rozwinięciu mięśni i siły górnej części ciała.",Strength Training,Chest,Barbell,Intermediate,,
953,Kettlebell plyo push-up,"Push-up Kettlebell Plyo to wybuchowy ruch górnego ciała, który wykorzystuje kettlebell przede wszystkim jako platformę dla rąk.Krótki krok, hantle lub inny obiekt stacjonarny można również użyć zamiast kettlebell.Można go wykonywać dla powtórzeń lub czasu, aby niskie powtórzenia budować moc wybuchową lub dla wyższych powtórzeń do kondycjonowania.",Strength Training,Chest,Kettlebells,Intermediate,8.0,Average
954,Extended Range One-Arm Kettlebell Floor Press,,Strength Training,Chest,Kettlebells,Beginner,6.3,Average
955,Kettlebell alternating floor press,"Przemienna prasa na podłodze kettlebell ogranicza zakres ruchu, który osiągniesz za pomocą prasy hantli lub kettlebell, ale nadal celuje w klatkę piersiową, triceps i przednie delty.Pozwala to budować siłę w górnej części podnoszenia, przeciążyć triceps i pracować nad wzmocnieniem stabilizatorów barku.",Strength Training,Chest,Kettlebells,Beginner,6.0,Average
956,One-Arm Kettlebell Floor Press,,Strength Training,Chest,Kettlebells,Beginner,0.0,
957,Leg-Over Floor Press,,Strength Training,Chest,Kettlebells,Beginner,0.0,
958,Band-suspended kettlebell bench press,"Zatrudniona prasa do ławki kettlebell to odmiana prasy, w której kettlebell lub płytki ciężarowe są zawieszone na końcach sztangi przez zapętlone pasy.Zawiesione ciężary mogą być dodatkiem do normalnie obciążonych płyt ciężarowych lub w ich miejscu.Ponieważ niestabilność ciężarów utrudnia windę, ta odmiana naciśnięcia jest popularnym ruchem akcesoriów do budowania tradycyjnej prasy ławkowej w treningu podnoszenia mocy.",Strength Training,Chest,Bands,Intermediate,,
959,FYR2 Push-Up to Kettlebell Hike Combo,,Strength Training,Chest,Kettlebells,Intermediate,,
960,Pushups,"Push-up jest popularnym ćwiczeniem masy ciała, które jest powszechnie stosowane w wojskowych i taktycznych testach sprawności fizycznej.Jest to klasyczny ruch budowy mięśni i siły górnej części ciała, podkreślając klatkę piersiową, triceps i ramiona, ale także pracując w górnej części i rdzeniu.",Strength Training,Chest,Body Only,Intermediate,9.2,Average
961,Incline Push-Up,"Push-up z uniewinnieniem prądu jest odmianą pompki, standardu masy ciała.Ręce są podniesione, aby twoje ciało było wyrównane pod kątem do podłogi, a nie równoległe.",Strength Training,Chest,Body Only,Intermediate,8.8,Average
962,Hands-elevated push-up,"Push-up z uniewinnieniem rąk to odmiana klasycznego pompki, w której dłonie są umieszczane na ławce lub innej podwyższonej powierzchni.Posiadanie dłoni wyższych niż stopy sprawia, że ​​jest to łatwiejsze niż pompki na podłodze, ale także kładzie nacisk na triceps.Może być stosowany jako substytut pompek podłogowych lub jako mechaniczny upuszczenie po maksymalnym przesuwaniu na pompkach podłogowych.",Strength Training,Chest,Body Only,Beginner,8.7,Average
963,Decline Push-Up,"Push-up złożony stóp jest odmianą pompki, standardu masy ciała.Stopy są podwyższone, aby twoje ciało było wyrównane pod kątem do podłogi, a nie równoległe.",Strength Training,Chest,Body Only,Intermediate,8.6,Average
964,Single-Arm Push-Up,,Strength Training,Chest,Body Only,Beginner,8.6,Average
965,Close push-up to wide push-up,"Bliski push-up do szerokiego push-up łączy dwie odmiany pompki, aby podkreślić wzmocnienie różnych mięśni.Bliski push-up podkreśla triceps, a szeroki push-up podkreśla klatkę piersiową i ramiona.",Strength Training,Chest,Body Only,Intermediate,8.5,Average
966,Wide-grip hands-elevated push-up,"Push-up z szerokim chwytem jest odmiana podwyższonego push-up wykonanego z rękami dalej niż standardowym push-up.Posiadanie dłoni wyższych niż stopy ułatwia pompki na podłodze, ale dodatkowa szerokość kładzie większy nacisk na mięśnie klatki piersiowej.Może być stosowany jako substytut pompek podłogowych o szerokim chwytaniu lub jako mechaniczny upuszczenie po maksymalnym przesuwaniu na pompkach podłogowych.",Strength Training,Chest,Body Only,Beginner,8.5,Average
967,Push-Ups With Feet On An Exercise Ball,,Strength Training,Chest,Body Only,Intermediate,8.5,Average
968,Feet-elevated push-up,"Push-up złożony stóp jest odmianą pompki, standardu masy ciała.Stopy są podwyższone, aby twoje ciało było wyrównane pod kątem do podłogi, a nie równoległe.To sprawia, że ​​jest to trudniejsze niż pompki na podłodze, ale także kładzie większy nacisk na mięśnie barkowe.Jest często stosowany jako substytut wadze ciała na pochylenia lub jako ruch wypalenia do treningu klatki piersiowej lub ramion.",Strength Training,Chest,Body Only,Intermediate,8.5,Average
969,Isometric Wipers,"Push-up w maszynie do pisania to zaawansowana odmiana push-up, w której dłonie są bardzo szerokie i opuściłeś każdą rękę w naprzemiennych powtórzeniach.Jest to trudniejsze dla każdego ramienia roboczego niż tradycyjne pompki, a także rozciągają się i rzuca wyzwanie klatce piersiowej.",Strength Training,Chest,Body Only,Beginner,8.4,Average
970,Clock push-up,"Push-up zegara to seria zwykłych pompek wykonywanych pojedynczo, przesuwając dłonie o krok do boku między każdym z nich, dopóki nie ukończysz pełnego koła.Celuje w te same mięśnie, co tradycyjne pompki, takie jak klatka piersiowa, triceps i ramiona, ale dodaje tradycyjnym pompkom.",Strength Training,Chest,Body Only,Beginner,8.4,Average
971,Incline Push-Up Depth Jump,,HIIT,Chest,Body Only,Intermediate,8.3,Average
972,Push-Up Wide,"Szeroki push-up to odmiana pompki z dłoniami szerszą niż szerokość ramion.Kieruje się na grupy mięśni górnego ciała, w tym klatkę piersiową, ramiona i triceps, ale ma większy nacisk na klatkę piersiową niż węższe odmiany push-up.Jeśli szerokie pompki prowadzą do bólu z przodu ramienia, wybierz węższą wersję.",Strength Training,Chest,Body Only,Beginner,8.3,Average
973,Sphinx push-up,"Push-up Sfinx jest trudną odmianą pompki, która kończy się przedramionami na ziemi przed ciałem, a nie z klatką piersiową na ziemi.To kładzie większy nacisk na triceps niż tradycyjne pompki.Można go wykonywać dla czasu lub powtórzeń podczas każdego treningu lub podczas każdej części treningu skoncentrowanego na broni.",Strength Training,Chest,Body Only,Intermediate,8.0,Average
974,Close-Hands Push-Up,"Bliski push-up to ćwiczenie górnego ciała, które są ukierunkowane na klatkę piersiową, triceps i ramiona.Pozycja bliskiej ręki kładzie większy nacisk na triceps.",Strength Training,Chest,Body Only,Beginner,7.8,Average
975,Tiger-bend push-up,"Push-up z tygrysem jest zaawansowaną odmianą push-up, w której przesuwasz się na przedramiona w dolnej pozycji, a następnie z powrotem na ręce i ponownie.Kieruje się na triceps o wiele bardziej niż zwykłe pompki.",Strength Training,Chest,Body Only,Beginner,7.6,Average
976,Plyo push-up,"Push-up Plyo to ćwiczenie masy ciała mające na celu zwiększenie mocy i siły górnego ciała.Kieruje się na mięśnie klatki piersiowej, tricepsów i ramion i może być szkolony w niskich powtórzeniach w celu uzyskania mocy i siły lub wyższych powtórzeń w celu kondycjonowania.",HIIT,Chest,Body Only,Beginner,7.5,Average
977,Close-grip hands-elevated push-up,"Push-up z bliskim chwytem jest odmiana klasycznego pompki, w której dłonie są umieszczane na ławce lub innej podwyższonej powierzchni.Posiadanie dłoni wyższe niż stopy sprawia, że ​​jest to łatwiejsze niż pompki z bliskim chwytem na podłodze, ale także kładzie nacisk na triceps.Może być stosowany jako substytut pompek podłogowych lub pompek z bliskim chwytaniem lub jako mechaniczny upuszczenie po maksymalnym wyrażeniu na pompkach podłogowych.",Strength Training,Chest,Body Only,Intermediate,7.4,Average
978,Suspended push-up,"Zawieszony push-up to ćwiczenie pchania w masie ciała wykonywane na systemie paska zawieszenia lub pierścieniach gimnastycznych.Kieruje się na klatkę piersiową, ramiona i triceps, ale jest również trudny do rdzenia i górnej części pleców.Może działać w tradycyjnych zakresach wytrzymałości i budowania mięśni lub dla wyższych powtórzeń.",Strength Training,Chest,Body Only,Intermediate,7.3,Average
979,Push Up to Side Plank,"Push-up do deski bocznej jest ćwiczenie zorientowane na górną i rdzeń łączące dwa popularne ruchy masy ciała.Kieruje się na klatkę piersiową, triceps i ramiona z pompką oraz ukośne i zewnętrzne mięśnie rotatora biodrowego z boczną deską.Można go wykonywać jako część dynamicznego rozgrzewki lub dowolnego treningu siły w wadze ciała.",Strength Training,Chest,Body Only,Intermediate,7.1,Average
980,Isometric Chest Squeezes,,HIIT,Chest,Body Only,Beginner,7.1,Average
981,Side-to-side push-up,"Push-up z boku to odmiana ćwiczeń pompowych, w której po stronie przeciwnej dłoni i stopy i wykonujesz push-up.",Strength Training,Chest,Body Only,Beginner,6.7,Average
982,Typewriter push-up,"Push-up w maszynie do pisania to zaawansowana odmiana push-up, w której dłonie są bardzo szerokie i opuściłeś każdą rękę w naprzemiennych powtórzeniach.Jest to trudniejsze dla każdego ramienia roboczego niż tradycyjne pompki, a także rozciągają się i rzuca wyzwanie klatce piersiowej.",Strength Training,Chest,Body Only,Beginner,0.0,
983,Diamond push-up,"Diamentowy push-up to zaawansowana odmiana ćwiczeń pompowych wykonywanych rękami w kształcie diamentu.Zwiększa wyzwanie dla triceps, ale także celuje w klatkę piersiową i ramiona.",Strength Training,Chest,Body Only,Intermediate,0.0,
984,Judo push-up,"Push-up judo jest zaawansowaną odmianą push-up, która łączy elementy jogi, które pozwala psu skierowanemu w dół i w górę.Ruch ten zwiększa wymagania na ramionach, ale ma również korzyści mobilności.Może działać w dynamicznym treningu rozgrzewki lub mobilności, ale także podczas treningu siłowego masy ciała.",Strength Training,Chest,Body Only,Beginner,0.0,
985,Superman Push-Up,,HIIT,Chest,Body Only,Beginner,0.0,
986,Wide push-up,"Szeroki push-up to odmiana pompki z dłoniami szerszą niż szerokość ramion.Kieruje się na grupy mięśni górnego ciała, w tym klatkę piersiową, ramiona i triceps, ale ma większy nacisk na klatkę piersiową niż węższe odmiany push-up.Jeśli szerokie pompki prowadzą do bólu z przodu ramienia, wybierz węższą wersję.",Strength Training,Chest,Body Only,Beginner,0.0,
987,One-Arm Push-Up,,Strength Training,Chest,Body Only,Beginner,0.0,
988,Clapping Push-Up,"Znany również jako push-up Plyo, klaskanie push-up to ćwiczenie masy ciała mające na celu zwiększenie mocy i siły górnego ciała.Kieruje się na mięśnie klatki piersiowej, tricepsów i ramion i może być szkolony w niskich powtórzeniach w celu uzyskania mocy i siły lub wyższych powtórzeń w celu kondycjonowania.",HIIT,Chest,Body Only,Beginner,0.0,
989,Staggered push-up,"Zatoczony push-up to odmiana ćwiczeń push-up, w której położenie dłoni jest rozłożone, z jedną ręką do przodu i jednym tyłem.Celuje w te same mięśnie, co tradycyjny pompka, w tym klatka piersiowa, triceps i ramiona, ale jest trudniejszy dla tylnego ramienia i rdzenia.",Strength Training,Chest,Body Only,Beginner,0.0,Average
990,Reverse-grip hands-elevated push-up,"Push-up z odwróconym push-up to ćwiczenie masy ciała wykonywane na maszynie Smitha lub innej podwyższonej powierzchni.Kieruje się na klatkę piersiową, triceps i ramiona.Może działać jako regresja pompek do odwrotnego chwytu podłogowego lub w postępującym mechanicznym spadku poruszającym pręt w górę po awarii na niższej wysokości.",Strength Training,Chest,Body Only,Beginner,0.0,Average
991,Triple Clap Push-Up,,HIIT,Chest,Body Only,Beginner,0.0,
992,Side kick-through push-up,"Push-up bocznym push-up to ruch całego ciała, który zaczyna się w pozycji pełzającej niedźwiedzie, a kończy się nogą wyrzuconą na bok, z pompką wykonywaną między uderzeniem.Jest powszechnie wykonywany dla powtórzeń lub obwodów masy ciała i przepływów w stylu zwierząt, ale może również działać samodzielnie lub w ramach dynamicznej sekwencji rozgrzewki lub mobilności.",Strength Training,Chest,Body Only,Intermediate,,
993,Swimming,,Cardio,Chest,Body Only,Intermediate,,
994,FYR Push-Up,"Push-up jest popularnym ćwiczeniem masy ciała, które jest powszechnie stosowane w wojskowych i taktycznych testach sprawności fizycznej.Jest to klasyczny ruch budowy mięśni i siły górnej części ciała, podkreślając klatkę piersiową, triceps i ramiona, ale także pracując w górnej części i rdzeniu.",Strength Training,Chest,Body Only,Intermediate,,
995,Frog push-up,"Push-upa Frog to zaawansowana wariacja z push-up, która jest wykonywana z nogami wygiętą i tyłkiem w powietrzu.Daleko atakuje triceps i ramiona, ale jest również dość trudne do rdzenia.",Strength Training,Chest,Body Only,Intermediate,,
996,Wide push-up plank hold,"Szeroki pchnięcie deski push-up to ćwiczenie całego ciała ukierunkowanego na rdzeń.Ponieważ ramiona nie są bezpośrednio pod ciałem, może być trudniejsze niż tradycyjne deski push-up, szczególnie dla górnej części pleców i klatki piersiowej, ale także dla rdzenia.",Strength Training,Chest,Body Only,Intermediate,,
997,Close push-up,"Bliski push-up to ćwiczenie górnego ciała, które są ukierunkowane na klatkę piersiową, triceps i ramiona.Pozycja bliskiej ręki kładzie większy nacisk na triceps.",Strength Training,Chest,Body Only,Intermediate,,
998,Push-Up - Gethin Variation,"Push-up jest popularnym ćwiczeniem masy ciała, które jest powszechnie stosowane w wojskowych i taktycznych testach sprawności fizycznej.Jest to klasyczny ruch budowy mięśni i siły górnej części ciała, podkreślając klatkę piersiową, triceps i ramiona, ale także pracując w górnej części i rdzeniu.",Strength Training,Chest,Body Only,Intermediate,,
999,HM Incline Push-Up On Chair,,Strength Training,Chest,Body Only,Intermediate,,
1000,HM Push-Up,,Strength Training,Chest,Body Only,Intermediate,,
1001,HM Push-Plank,,Strength Training,Chest,Body Only,Intermediate,,
1002,AM Chest Dips,"Dip klatki piersiowej jest ćwiczeniem budującym klatkę piersiową, w którym podnośnik wisi między dwoma równolegle.Nieco pochylanie się tułowia przesuwa nacisk z triceps na klatkę piersiową.",Strength Training,Chest,Body Only,Intermediate,,
1003,Push-up,"Push-up jest popularnym ćwiczeniem masy ciała, które jest powszechnie stosowane w wojskowych i taktycznych testach sprawności fizycznej.Jest to klasyczny ruch budowy mięśni i siły górnej części ciała, podkreślając klatkę piersiową, triceps i ramiona, ale także pracując w górnej części i rdzeniu.",Strength Training,Chest,Body Only,Intermediate,,
1004,UP Push-up,"Push-up jest popularnym ćwiczeniem masy ciała, które jest powszechnie stosowane w wojskowych i taktycznych testach sprawności fizycznej.Jest to klasyczny ruch budowy mięśni i siły górnej części ciała, podkreślając klatkę piersiową, triceps i ramiona, ale także pracując w górnej części i rdzeniu.",Strength Training,Chest,Body Only,Intermediate,,
1005,UN Push-Up,,Strength Training,Chest,Body Only,Intermediate,,
1006,UNS Foam Roll Pecs,,Strength Training,Chest,Body Only,Intermediate,,
1007,UN Hands Elevated Push-Up,,Strength Training,Chest,Body Only,Intermediate,,
1008,Holman Seal Drag to Push-Up,,Strength Training,Chest,Body Only,Intermediate,,
1009,Holman Hand-Elevated Push-Up with Hand Row,,Strength Training,Chest,Body Only,Intermediate,,
1010,Holman Push-Up,,Strength Training,Chest,Body Only,Intermediate,,
1011,Holman Slow Hips-Up Chest Press,,Strength Training,Chest,Body Only,Intermediate,,
1012,Holman Jump-Out Push-Up with Hand Hop Back,,Strength Training,Chest,Body Only,Intermediate,,
1013,Holman Froggy Push-Up to Donkey Kick,,Strength Training,Chest,Body Only,Intermediate,,
1014,Holman Push-Up to Sit Back,,Strength Training,Chest,Body Only,Intermediate,,
1015,Holman Sit Back Push-Up,,Strength Training,Chest,Body Only,Intermediate,,
1016,Holman Alternating Staggered Push-Up,,Strength Training,Chest,Body Only,Intermediate,,
1017,Holman Foot-Up Diving Push-Up,,Strength Training,Chest,Body Only,Intermediate,,
1018,Holman Narrow Push-Up,,Strength Training,Chest,Body Only,Intermediate,,
1019,Holman Dynamo Push-Up,,Strength Training,Chest,Body Only,Intermediate,,
1020,Holman Jump to Push-Up,,Strength Training,Chest,Body Only,Intermediate,,
1021,Holman Foot-Elevated Push-Up,,Strength Training,Chest,Body Only,Intermediate,,
1022,Holman Feet-Elevated Push-Up,,Strength Training,Chest,Body Only,Intermediate,,
1023,Total Fitness Plyo Push-Up,"Push-up Plyo to ćwiczenie masy ciała mające na celu zwiększenie mocy i siły górnego ciała.Kieruje się na mięśnie klatki piersiowej, tricepsów i ramion i może być szkolony w niskich powtórzeniach w celu uzyskania mocy i siły lub wyższych powtórzeń w celu kondycjonowania.",Strength Training,Chest,Body Only,Intermediate,,
1024,Scapular push-up,Push-up szkaple to ćwiczenie górnego ciała mające na celu zwiększenie stabilności łopatki i mobilności w ramionach.Często jest wykonywany jako część dynamicznego rozgrzewki przed treningiem górnego ciała lub w ramach sesji mobilności.,Strength Training,Chest,Body Only,Intermediate,,
1025,King Maker Push-up,"Push-up jest popularnym ćwiczeniem masy ciała, które jest powszechnie stosowane w wojskowych i taktycznych testach sprawności fizycznej.Jest to klasyczny ruch budowy mięśni i siły górnej części ciała, podkreślając klatkę piersiową, triceps i ramiona, ale także pracując w górnej części i rdzeniu.",Strength Training,Chest,Body Only,Intermediate,,
1026,Warrior push-up,"Push-up Warrior to seria odmian pompek i deski połączonych w jedną sekwencję.Obejmują one push-up judyo, deskę, deskę boczną, wspinacz górski, push-up diament i zwykły push-up.Zrobione razem, opodatkowują mięśnie górnego ciała z różnych stron i zwiększają czas na napięcie dla całego ciała.",Strength Training,Chest,Body Only,Intermediate,,
1027,Taylor Roll-Over Push-Up,,Strength Training,Chest,Body Only,Intermediate,,
1028,Taylor One-Arm Push-Up Slow Negative,,Strength Training,Chest,Body Only,Intermediate,,
1029,30 Chest Push-Up To Isometric Hold,,Strength Training,Chest,Body Only,Intermediate,,
1030,30 Chest Push-Up,,Strength Training,Chest,Body Only,Intermediate,,
1031,30 Chest Bench Push-Up,,Strength Training,Chest,Body Only,Intermediate,,
1032,MetaBurn 3-Phase Push-Up,,Strength Training,Chest,Body Only,Intermediate,,
1033,MetaBurn Fast Feet To Push-Up,,Strength Training,Chest,Body Only,Intermediate,,
1034,MetaBurn Judo Push-Up To Pike Push-Up,,Strength Training,Chest,Body Only,Intermediate,,
1035,MetaBurn Pike Push-Up,,Strength Training,Chest,Body Only,Intermediate,,
1036,MetaBurn Push-Up To Frogger,,Strength Training,Chest,Body Only,Intermediate,,
1037,MetaBurn Push-Up With Hand Side-Step,,Strength Training,Chest,Body Only,Intermediate,,
1038,MetaBurn Push-Up With Hand-Up Rotation,,Strength Training,Chest,Body Only,Intermediate,,
1039,MetaBurn Sphinx Push-Up,,Strength Training,Chest,Body Only,Intermediate,,
1040,MetaBurn Spiderman Push-Up,,Strength Training,Chest,Body Only,Intermediate,,
1041,Roberston Push-up to Down Dog,,Strength Training,Chest,Body Only,Intermediate,,
1042,FYR2 Push-Up-Breakdancer-Shoulder-Tap Complex,,Strength Training,Chest,Body Only,Intermediate,,
1043,ACFT Hand-release push-up,"Push-up ręcznych uwalniania jest odmianą pompki, popularnego ćwiczenia w masie ciała powszechnie stosowanego w wojskowych i taktycznych testach sprawności fizycznej.Jest to ruch do budowania siły i wytrzymałości górnego ciała, podkreślając klatkę piersiową, triceps i ramiona, ale także pracując w górnej części i rdzeniu.To konkretne ćwiczenie jest częścią nowego testu fitness armii lub ACFT.",Strength Training,Chest,Body Only,Intermediate,,
1044,1.5-rep push-up,"Push-up 1,5-powtórki jest trudniejszą odmianą pompki, powszechnie używanej do trenowania w wojskowych i taktycznych testach sprawności fizycznej.Buduje mięsień i siłę górnego ciała, podkreślając klatkę piersiową, rdzeń, górną część pleców, triceps i ramiona.",Strength Training,Chest,Body Only,Intermediate,,
1045,ACFT Triple-clap push-up,"Push-up potrójnym klaperem to wybuchowe ćwiczenia masy ciała mające na celu zwiększenie mocy i siły górnego ciała.Jest to zaawansowane ćwiczenie skierowane do mięśni klatki piersiowej, tricepsów, rdzenia i ramion.",Strength Training,Chest,Body Only,Intermediate,,
1046,ACFT Superman push-up,"Push-up Supermana jest wybuchowym ćwiczeniem masy ciała mającej na celu zwiększenie mocy i siły górnej części ciała.Jest to zaawansowane ćwiczenie ukierunkowane na mięśnie klatki piersiowej, tricepsów, ramion i rdzenia, które polega na przyciskaniu podłogi i podnoszeniu dłoni i stóp z ziemi jednocześnie u góry ruchu.",Strength Training,Chest,Body Only,Intermediate,,
1047,Cross-over push-up,"Push-upa krzyżowa jest odmianą pompki, która dodaje pewnego stopnia trudności, przechodząc przez małe pudełko lub krok między powtórzeniami.Można go wykonywać dla czasu lub dla powtórzeń i stwarza większe wyzwanie stabilizacji rdzenia, zmuszając mięśnie rdzeniowe do utrzymania neutralnego kręgosłupa podczas ruchu.",Strength Training,Chest,Body Only,Intermediate,,
1048,Leverage Incline Chest Press,,Strength Training,Chest,Machine,Beginner,8.6,Average
1049,Butterfly,"Much klatki piersiowej jest ćwiczeniem atakującym klatkę piersiową.Ruch jest często porównywany z unoszącym niedźwiedzie pnia drzewa.W treningach klatki piersiowej ćwiczenie to często następuje po ruchach złożonych, takich jak wycisk na ławce.",Strength Training,Chest,Machine,Intermediate,8.5,Average
1050,Leverage Chest Press,Prasa klatki piersiowej jest ćwiczeniem górnej części ciała ukierunkowanego na mięśnie piersiowe.,Strength Training,Chest,Machine,Beginner,8.5,Average
1051,Decline Smith Press,"Smith Machine Gade Bench Bench to ćwiczenie maszynowe ukierunkowane na mięśnie klatki piersiowej, szczególnie dolne mięśnie piersiowe.Smith Machine naśladuje sztangę, ale zapewnia większą stabilność.Ruch ten jest często wykonywany dla umiarkowanych do wysokich powtórzeń, takich jak 8-12 powtórzeń na zestaw lub więcej, w ramach treningu klatki piersiowej lub górnej części ciała.",Strength Training,Chest,Machine,Beginner,8.4,Average
1052,Smith machine bench press,"Smith Machine Bench Bench to ruch maszynowy ukierunkowany na klatkę piersiową.Smith Machine naśladuje sztangę, ale zapewnia większą stabilność.Ten ruch można zaprogramować w niskich powtórzeniach pod kątem wytrzymałości siły lub wyższej dla wytrzymałości mięśni i siły.Często jest wykonywany dla umiarkowanych do wysokich powtórzeń, takich jak 8-12 powtórzeń na zestaw lub więcej, w ramach treningu skoncentrowanego na klatce piersiowej lub górnej części ciała.",Strength Training,Chest,Machine,Intermediate,8.3,Average
1053,Leverage Decline Chest Press,,Strength Training,Chest,Machine,Beginner,8.3,Average
1054,Machine chest press,"Maszyna klatki piersiowej jest ćwiczeniem maszynowym skierowanym do klatki piersiowej.Przybliża ruch prasy, ale zwykle jest wykonywany skierowany do przodu i siedzący pionowo.Wiele maszyn oferuje wiele opcji przyczepności, takich jak overhand, neutralne (dłonie skierowane) lub podstępne.Prasa klatki piersiowej jest często wykonywana dla umiarkowanych do wysokich powtórzeń, takich jak 8-12 powtórzeń na zestaw lub więcej, w ramach treningu przed wyczerpaniem lub budowaniem mięśni.",Strength Training,Chest,Machine,Intermediate,8.2,Average
1055,Smith Machine Incline Bench Press,"Smith Machine Incline Bench Bench to ruch maszynowy atakujący klatkę piersiową, szczególnie górną klatkę piersiową.Smith Machine naśladuje sztangę, ale zapewnia większą stabilność.Ten ruch można zaprogramować w niskich powtórzeniach pod kątem wytrzymałości siły lub wyższej dla wytrzymałości mięśni i siły.Często jest wykonywany dla umiarkowanych do wysokich powtórzeń, takich jak 8-12 powtórzeń na zestaw lub więcej, w ramach treningu skoncentrowanego na klatce piersiowej lub górnej części ciała.",Strength Training,Chest,Machine,Intermediate,8.0,Average
1056,Smith Machine Close-Grip Bench Press,"Smith Machine Close Bench Bench to ruch maszynowy ukierunkowany na klatkę piersiową i triceps.Smith Machine naśladuje sztangę, ale zapewnia większą stabilność.Ten ruch można zaprogramować w niskich powtórzeniach pod kątem wytrzymałości siły lub wyższej dla wytrzymałości mięśni i siły.Często wykonuje się to dla umiarkowanych do wysokich powtórzeń, takich jak 8-12 powtórzeń na zestaw lub więcej, w ramach treningu klatki piersiowej, ramion lub górnego ciała.",Strength Training,Chest,Machine,Intermediate,8.0,Average
1057,Smith Machine Decline Press,"Smith Machine Gade Bench Bench to ćwiczenie maszynowe ukierunkowane na mięśnie klatki piersiowej, szczególnie dolne mięśnie piersiowe.Smith Machine naśladuje sztangę, ale zapewnia większą stabilność.Ruch ten jest często wykonywany dla umiarkowanych do wysokich powtórzeń, takich jak 8-12 powtórzeń na zestaw lub więcej, w ramach treningu klatki piersiowej lub górnej części ciała.",Strength Training,Chest,Machine,Beginner,7.3,Average
1058,Smith machine bench press throw,"Rzut prasy ławki Smith Machine to ćwiczenie, które pomaga rozwinąć moc pchania, która przenosi się do tradycyjnej prasy.Obejmuje to eksplozję nacisku stosunkowo lekkiego (takiego jak 30-50 procent twojego 1RM) i faktyczne odpuszczenie na szczyt przedstawiciela.Może działać jako trening w stylu mocy lub prędkości w planie treningu zorientowanym na siłę lub atletyzm.",Strength Training,Chest,Machine,Beginner,0.0,
1059,Machine chest fly,"Maska klatki piersiowej jest ćwiczeniem maszynowym atakującym klatkę piersiową.Przybliża ruch muchy hantli lub muchy kablowej, ale zwykle jest wykonywany skierowany do przodu i siedzący pionowo.Ruch jest często porównywany z unoszącym niedźwiedzie pnia drzewa.Mucha klatki piersiowej jest zwykle wykonywana dla umiarkowanych do wysokich powtórzeń, takich jak 8-12 powtórzeń na zestaw lub więcej, w ramach treningu przed wyczerpaniem lub budowaniem mięśni.",Strength Training,Chest,Machine,Intermediate,,
1060,Machine bench press,"Prasa na ławce maszynowej jest ćwiczeniem maszynowym skierowanym do klatki piersiowej i górnej części ciała.Przybliża ruch prasy, ale wykorzystuje maszynę do przełączonego stosu ciężarowego lub obciążonego płytą.Wiele takich maszyn pozwala również wybierać między różnymi uchwytami i szerokościami przyczepności.Prasy maszynowe są często wykonywane dla umiarkowanych do wysokich powtórzeń, takich jak 8-12 powtórzeń na zestaw lub więcej, w ramach części treningu skoncentrowanego na górnym ciele lub klatce piersiowej.",Strength Training,Chest,Machine,Intermediate,,
1061,Machine Seated Chest Press - Gethin Variation,Prasa klatki piersiowej jest ćwiczeniem górnej części ciała ukierunkowanego na mięśnie piersiowe.,Strength Training,Chest,Machine,Intermediate,,
1062,Smith machine weighted push-up,"Push-up Smith Machine Wailed to ruch popychający wykonany z płytą spoczywającą na plecach lub ramionach.Wykonuje się go najbardziej bezpiecznie z stopą miejsca na dole, aby zminimalizować ryzyko „przypięcia” pod paskiem.Kieruje się na te same mięśnie, co push-up, w tym klatka piersiowa, triceps i ramiona.",Strength Training,Chest,Machine,Intermediate,,
1063,Smith machine incline bench press-,"Smith Machine Incline Bench Bench to ruch maszynowy atakujący klatkę piersiową, szczególnie górną klatkę piersiową.Smith Machine naśladuje sztangę, ale zapewnia większą stabilność.Ten ruch można zaprogramować w niskich powtórzeniach pod kątem wytrzymałości siły lub wyższej dla wytrzymałości mięśni i siły.Często jest wykonywany dla umiarkowanych do wysokich powtórzeń, takich jak 8-12 powtórzeń na zestaw lub więcej, w ramach treningu skoncentrowanego na klatce piersiowej lub górnej części ciała.",Strength Training,Chest,Machine,Intermediate,,
1064,Smith machine decline bench press,"Smith Machine Gade Bench Bench to ćwiczenie maszynowe ukierunkowane na mięśnie klatki piersiowej, szczególnie dolne mięśnie piersiowe.Smith Machine naśladuje sztangę, ale zapewnia większą stabilność.Ruch ten jest często wykonywany dla umiarkowanych do wysokich powtórzeń, takich jak 8-12 powtórzeń na zestaw lub więcej, w ramach treningu klatki piersiowej lub górnej części ciała.",Strength Training,Chest,Machine,Intermediate,,
1065,AM Pec Dec,"PEC Deck to ćwiczenie maszynowe ukierunkowane na klatkę piersiową.Przybliża ruch muchy hantli lub muchy kablowej, ale zwykle jest wykonywany skierowany do przodu i siedzący pionowo.Ruch jest często porównywany z unoszącym niedźwiedzie pnia drzewa.Mucha klatki piersiowej jest zwykle wykonywana dla umiarkowanych do wysokich powtórzeń, takich jak 8-12 powtórzeń na zestaw lub więcej, w ramach treningu przed wyczerpaniem lub budowaniem mięśni.",Strength Training,Chest,Machine,Intermediate,,
1066,30 Chest Machine Flat Chest Press,,Strength Training,Chest,Machine,Intermediate,,
1067,Smith machine push-up,"Push-up Smith Machine to ćwiczenie na górnym ciele skierowanym do klatki piersiowej, ramion i triceps.Jest podobny do pompek do masy ciała, ale z rękami na pasku maszyny Smith.Pozwala to zmieniać wysokość w celu zwiększenia lub zmniejszenia trudności lub wykonania mechanicznego spadku poprzez podniesienie paska po awarii na określonej wysokości.",Strength Training,Chest,Machine,Intermediate,,
1068,30 Chest Smith Machine Incline Chest Press,,Strength Training,Chest,Machine,Intermediate,,
1069,30 Chest Smith Machine Chest Press,,Strength Training,Chest,Machine,Intermediate,,
1070,30 Chest Machine Incline Chest Press,,Strength Training,Chest,Machine,Intermediate,,
1071,30 Chest Machine Fly,,Strength Training,Chest,Machine,Intermediate,,
1072,30 Chest 30-Degree Incline Smith Machine Press,,Strength Training,Chest,Machine,Intermediate,,
1073,Low-cable cross-over,"Krzyżowanie o niskiej zawartości kabiny to ruch izolacyjny, który wykorzystuje stos kablowy do celowania w górną część mięśni piersiowych.Jest to powszechne w treningach budowania mięśni z udziałem górnej i klatki piersiowej, często w połączeniu z prasami lub muchami pod innymi kątami, aby ukierunkować wszystkie części klatki piersiowej.",Strength Training,Chest,Cable,Intermediate,9.1,Average
1074,Incline cable chest fly,"Pochylenie w klatce piersiowej to ruch izolacyjny, który wykorzystuje stos kablowy i ławkę pochyłową do celowania w górną część mięśni piersiowych.Jest to powszechne w treningach budowania mięśni z udziałem górnej części i klatki piersiowej, często po naciśnięciu ruchów, takich jak sztanga lub hantle ławki lub jako ruch wykończeniowy pod koniec treningu.Jest często stosowany w połączeniu z innymi muchami, aby ukierunkować na klatkę piersiową z różnych stron.",Strength Training,Chest,Cable,Intermediate,9.0,Average
1075,Cable Crossover,"Krzycz kabla to ruch izolacyjny, który wykorzystuje stos kablowy do budowy większych i silniejszych mięśni piersiowych.Ponieważ dzieje się to za pomocą regulowanych koła pasowych, możesz celować w różne części klatki piersiowej, ustawiając koła pasowe na różnych poziomach.Jest to powszechne w treningach budujących mięśnie w górnej części ciała i klatce piersiowej, często jako przedawnienie na początku treningu lub na końcu końcowego ruchu.Często jest w połączeniu z innymi prasami lub muchami, aby ukierunkować na klatkę piersiową z różnych stron.",Strength Training,Chest,Cable,Intermediate,8.8,Average
1076,Incline cable chest press,"Nacisk na piersi na pochyłości to ruch prasujący, który wykorzystuje stos kabla i ławkę nachyloną do celowania w górną część mięśni piersiowych, podobną do nachylenia hantli.Jest to powszechne w treningach budowania mięśni w górnym ciele i klatce piersiowej, w których może być skuteczny jako podstawowy ruch w klasycznych zakresach przerostów, jako przedawnienie przed wykończeniem lub jako finiszer o wysokim powtórzeniu.Jest często stosowany w połączeniu z innymi prasami lub muchami, aby ukierunkować na klatkę piersiową z różnych stron.",Strength Training,Chest,Cable,Beginner,8.7,Average
1077,Cable Chest Press,,Strength Training,Chest,Cable,Beginner,8.7,Average
1078,Single-arm cable cross-over,"Król jednoramienny to ruch izolacyjny, który wykorzystuje stos kablowy do budowy większych i silniejszych mięśni piersiowych.Pracowanie po klatce piersiowej po jednej stronie pozwala skupić się na równowadze między bokami klatki piersiowej i naprawdę poczuć, że mięśnie klatki piersiowej się kurczą.Jest to powszechne w treningach budowania mięśni w górnym ciele i klatce piersiowej, często w połączeniu z innymi prasami lub muchami, aby ukierunkować na klatkę pod różnymi kątami.",Strength Training,Chest,Cable,Intermediate,8.6,Average
1079,Cable cross-over,"Krzycz kabla to ruch izolacyjny, który wykorzystuje stos kablowy do budowy większych i silniejszych mięśni piersiowych.Ponieważ dzieje się to za pomocą regulowanych koła pasowych, możesz celować w różne części klatki piersiowej, ustawiając koła pasowe na różnych poziomach.Jest to powszechne w treningach budowania mięśni na wyższym ciele i klatce piersiowej, często jako przedawnienie na początku treningu lub na końcu ruchu.Jest często stosowany w połączeniu z innymi prasami lub muchami, aby ukierunkować na klatkę piersiową z różnych stron.",Strength Training,Chest,Cable,Beginner,8.4,Average
1080,Standing Cable Chest Press,,Strength Training,Chest,Cable,Beginner,8.2,Average
1081,Lying cable chest fly,"Leżąca mucha w klatce piersiowej to ruch izolacyjny, który wykorzystuje stos kablowy i płaską ławkę do budowy większych i silniejszych mięśni piersiowych.Jest to powszechne w treningach budowania mięśni na wyższym ciele i klatce piersiowej, często jako przedawnienie na początku treningu lub na końcu końcowego ruchu.Jest często stosowany w połączeniu z innymi prasami lub muchami, aby ukierunkować na klatkę piersiową z różnych stron.",Strength Training,Chest,Cable,Intermediate,7.3,Average
1082,Paul Carter Cable Cross-Over,"Krzycz kabla to ruch izolacyjny, który wykorzystuje stos kablowy do budowy większych i silniejszych mięśni piersiowych.Ponieważ dzieje się to za pomocą regulowanych koła pasowych, możesz celować w różne części klatki piersiowej, ustawiając koła pasowe na różnych poziomach.Jest to powszechne w treningach budujących mięśnie w górnej części ciała i klatce piersiowej, często jako przedawnienie na początku treningu lub na końcu końcowego ruchu.Często jest w połączeniu z innymi prasami lub muchami, aby ukierunkować na klatkę piersiową z różnych stron.",Strength Training,Chest,Cable,Intermediate,,
1083,One-Arm Cable Crossover - Gethin Variation,"Król jednoramienny to ruch izolacyjny, który wykorzystuje stos kablowy do budowy większych i silniejszych mięśni piersiowych.Pracowanie po klatce piersiowej po jednej stronie pozwala skupić się na równowadze między bokami klatki piersiowej i naprawdę poczuć, że mięśnie klatki piersiowej się kurczą.Jest to powszechne w treningach budowania mięśni w górnej części ciała i klatce piersiowej, często w połączeniu z innymi prasami lub muchami, aby ukierunkować na klatkę pod różnymi kątami.",Strength Training,Chest,Cable,Intermediate,,
1084,Incline Cable Fly - Gethin Variation,"Pochylenie w klatce piersiowej to ruch izolacyjny, który wykorzystuje stos kablowy i ławkę pochyłową do celowania w górną część mięśni piersiowych.Jest to powszechne w treningach budowania mięśni z udziałem górnej części i klatki piersiowej, często po naciśnięciu ruchów, takich jak sztanga lub hantle ławki lub jako ruch wykończeniowy pod koniec treningu.Jest często stosowany w połączeniu z innymi muchami, aby ukierunkować na klatkę piersiową z różnych stron.",Strength Training,Chest,Cable,Intermediate,,
1085,Cable Cross-Over - Gethin Variation,"Krzycz kabla to ruch izolacyjny, który wykorzystuje stos kablowy do budowy większych i silniejszych mięśni piersiowych.Ponieważ dzieje się to za pomocą regulowanych koła pasowych, możesz celować w różne części klatki piersiowej, ustawiając koła pasowe na różnych poziomach.Jest to powszechne w treningach budujących mięśnie w górnej części ciała i klatce piersiowej, często jako przedawnienie na początku treningu lub na końcu końcowego ruchu.Często jest w połączeniu z innymi prasami lub muchami, aby ukierunkować na klatkę piersiową z różnych stron.",Strength Training,Chest,Cable,Intermediate,,
1086,Seated cable chest fly,"Siedzona mucha kablowa to ruch izolacyjny, który wykorzystuje stos kablowy i pionową ławkę do atakowania mięśni piersiowych.Możliwość przygotowania się do siedzenia może pomóc w ustabilizowaniu tułowia i skupienia się na izolowaniu PEC, czując, że się rozciągają i kurczą.Zwykle jest stosowany w połączeniu z innymi prasami lub muchami, aby ukierunkować na klatkę piersiową pod różnymi kątami.",Strength Training,Chest,Cable,Intermediate,,
1087,Single-arm incline cable cross-over-,"Król na pochyłości na pochyłości to ruch izolacyjny, który wykorzystuje stos kablowy i ławkę do celowania w górną część mięśni piersiowych.Pracowanie po klatce piersiowej po jednej stronie pozwala skupić się na równowadze między bokami klatki piersiowej i naprawdę poczuć, że mięśnie klatki piersiowej się kurczą.Jest to powszechne w treningach budowania mięśni w górnym ciele i klatce piersiowej, często w połączeniu z innymi prasami lub muchami, aby ukierunkować na klatkę pod różnymi kątami.",Strength Training,Chest,Cable,Intermediate,,
1088,High-to-low cable chest fly,"Mucha klatki piersiowej wysoko do niskiej to ruch izolacyjny, który wykorzystuje stos kablowy do celowania w dolną część mięśni piersiowych.Jest to powszechne w treningach budowania mięśni z udziałem górnej części i klatki piersiowej, często po naciśnięciu ruchów, takich jak sztanga lub hantle ławki lub jako ruch wykończeniowy pod koniec treningu.Jest często stosowany w połączeniu z innymi muchami, aby ukierunkować na klatkę piersiową z różnych stron.",Strength Training,Chest,Cable,Intermediate,,
1089,UP Cable Cross-Over,"Krzycz kabla to ruch izolacyjny, który wykorzystuje stos kablowy do budowy większych i silniejszych mięśni piersiowych.Ponieważ dzieje się to za pomocą regulowanych koła pasowych, możesz celować w różne części klatki piersiowej, ustawiając koła pasowe na różnych poziomach.Jest to powszechne w treningach budujących mięśnie w górnej części ciała i klatce piersiowej, często jako przedawnienie na początku treningu lub na końcu końcowego ruchu.Często jest w połączeniu z innymi prasami lub muchami, aby ukierunkować na klatkę piersiową z różnych stron.",Strength Training,Chest,Cable,Intermediate,,
1090,UP Cable Fly,,Strength Training,Chest,Cable,Intermediate,,
1091,30 Chest Low-To-High Cable Fly,,Strength Training,Chest,Cable,Intermediate,,
1092,30 Chest Incline Cable Fly,,Strength Training,Chest,Cable,Intermediate,,
1093,30 Chest Incline Cable Chest Press,,Strength Training,Chest,Cable,Intermediate,,
1094,30 Chest High-To-Low Cable Press,,Strength Training,Chest,Cable,Intermediate,,
1095,30 Chest High-To-Low Cable Fly,,Strength Training,Chest,Cable,Intermediate,,
1096,30 Chest Shoulder-Height Cable Fly,,Strength Training,Chest,Cable,Intermediate,,
1097,Cable Pec Fly,,Strength Training,Chest,Cable,Intermediate,,
1098,Chest Push (multiple response),,HIIT,Chest,Medicine Ball,Beginner,8.3,Average
1099,Medicine Ball Chest Pass,"Pass Medicine Ball to proste ćwiczenie partnerskie, które wymaga rzucania ważonej piłki w przód i władzy.Może być częścią dynamicznego rozgrzewki do podnoszenia lub lekkoatletyki, ale może również działać jako aktywny odpoczynek lub jako element treningu obwodowego.",HIIT,Chest,Medicine Ball,Intermediate,5.9,Average
1100,Medicine ball sprawl to chest press,"Kulka lekarska rozciąga się do prasy klatki piersiowej, jest sekwencją ruchów sportowych przy użyciu kulki lekarskiej lub innej małej wagi.Polega na wykonaniu rozrostu dłoni na piłce, a następnie stojącą prasę klatki piersiowej trzymając piłkę.Jest to trudne dla układu sercowo -naczyniowego, ale także mięśni rdzenia, ramion i górnej części pleców.Można go wykonywać dla powtórzeń lub czasu, zwykle podczas dedykowanego treningu AB lub w ramach treningu piłki medycznej i obwodu ciała.",Strength Training,Chest,Medicine Ball,Intermediate,0.0,
1101,Medicine ball push-up,"Push-Up Ball Medicine to prosty sposób na utrudnianie klasycznego ćwiczenia w masie ciała.Kieruje się na wszystkie te same mięśnie, co push-up: klatka piersiowa, triceps, ramiona, górna część pleców i rdzeń.Dodanie piłki lekarskiej dodaje pewnego stopnia trudności i może zwiększyć aktywację klatki piersiowej i triceps.",Strength Training,Chest,Medicine Ball,Intermediate,0.0,
1102,Chest Push (single response),,HIIT,Chest,Medicine Ball,Beginner,0.0,
1103,Chest Push with Run Release,,HIIT,Chest,Medicine Ball,Beginner,0.0,
1104,Chest Push from 3 point stance,,HIIT,Chest,Medicine Ball,Beginner,0.0,
1105,Dumbbell Bench Press,"Bench Bench Bench jest ostoją entuzjastów treningów na całym świecie.To klasyczny ruch do budowania większej, silniejszej skrzyni.W związku z tym często znajduje się na pierwszym miejscu w treningach klatki piersiowej.",Strength Training,Chest,Dumbbell,Intermediate,9.2,Average
1106,Dumbbell Flyes,"Hantl -Bell Flot jest popularnym ćwiczeniem, które są skierowane do mięśni piersiowych lub klatki piersiowej.Próbuje odizolować mięśnie klatki piersiowej, rozciągając je i kurcząc je przy jednoczesnym ograniczeniu zaangażowania ramion.W przeciwieństwie do prasy, w której łokcie zginają i flex, muchy powinny zachować stosunkowo spójny kąt łokcia.Ruch jest czasem porównywany do „przytulania drzewa”.Muchy hantli są zwykle wykonywane dla umiarkowanych do wysokich powtórzeń, takich jak 8-12 powtórzeń na zestaw lub więcej, w ramach treningu skoncentrowanego na klatce piersiowej lub górnej części ciała.",Strength Training,Chest,Dumbbell,Intermediate,9.1,Average
1107,Incline dumbbell bench press,"Nachylona prasa do hantli jest popularnym ćwiczeniem górnego ciała ukierunkowanego na mięśnie górnego piersiowego.Chociaż może to być ruch skoncentrowany na sile, jest zwykle wykonywany dla umiarkowanych do wysokich powtórzeń, takich jak 8-12 powtórzeń na zestaw lub więcej, w ramach treningu z udziałem górnej części ciała lub klatki piersiowej.",Strength Training,Chest,Dumbbell,Intermediate,9.1,Average
1108,Decline Dumbbell Flyes,"Spadek muchy klatki piersiowej hantli to ćwiczenie izolacji górnej części ciała ukierunkowanego na dolną klatkę piersiową.Będzie wymagał mniejszej wagi niż prasa spadła, co czyni go świetnym ćwiczeniem przerostowym z wysokimi powtórzeniami.",Strength Training,Chest,Dumbbell,Intermediate,9.0,Average
1109,Reverse-grip incline dumbbell bench press,"Odwrotne nachylenie hantli nachylenia to ćwiczenie górnego ciała skierowane do mięśni piersiowych.Naciskanie odwrotnym uchwytem jest w szczególności na górną klatkę piersiową, szczególnie gdy jest wykonywana na pochyłości.Ta zmiana prasowa jest zwykle wykonywana dla umiarkowanych do wysokich powtórzeń, takich jak 8-12 powtórzeń na zestaw lub więcej, w ramach treningu skoncentrowanego na górnym ciele lub klatce piersiowej.",Strength Training,Chest,Dumbbell,Beginner,8.9,Average
1110,Incline Dumbbell Flyes,"Pochylona mucha klatki piersiowej jest ćwiczeniem izolacji górnej części ciała atakującego górną klatkę piersiową i jest zwykle stosowana z myślą o celach estetycznych.Będzie wymagał mniejszej wagi niż prasa nachylenia, co czyni go doskonałym ćwiczeniem przerostowym z wysokimi powtórzeniami.",Strength Training,Chest,Dumbbell,Intermediate,8.8,Average
1111,Neutral-grip dumbbell bench press,"Neutralna ławka do hantli jest odmianą klasycznego ćwiczenia budującego klatkę piersiową, w której dłonie są skierowane do siebie zamiast do przodu.Ta zmiana zbliża łokcie bliżej boków, kładąc większy nacisk na triceps, a być może także wewnętrzną klatkę piersiową.Neutralną prasę chwytania można wykonać w niższych powtórzeniach dla siły lub wyższych powtórzeń dla wzrostu mięśni.",Strength Training,Chest,Dumbbell,Intermediate,8.7,Average
1112,Decline dumbbell bench press,"Spadek naczynia hantli jest popularnym ćwiczeniem górnego ciała ukierunkowanego na dolne mięśnie piersiowe.Chociaż może to być ruch skoncentrowany na sile, jest zwykle wykonywany dla umiarkowanych do wysokich powtórzeń, takich jak 8-12 powtórzeń na zestaw lub więcej, w ramach treningu z udziałem górnej części ciała lub klatki piersiowej.",Strength Training,Chest,Dumbbell,Intermediate,8.5,Average
1113,Single-arm kettlebell row,"Row jednoczesny Kettlebell jest popularnym ćwiczeniem budowania mięśni i siły, które jednocześnie wykonuje mięśnie pleców i rdzenia.Ma wszystkie te same korzyści jak jednoramienne rzędu hantli, ale niektórzy uważają, że podczas ruchu podczas ruchu jest bardziej komfortowy.",Strength Training,Chest,Dumbbell,Intermediate,8.5,Average
1114,Hammer Grip Incline DB Bench Press,,Strength Training,Chest,Dumbbell,Beginner,8.5,Average
1115,Straight-arm dumbbell pull-over,"Wyciąganie hantli prostej ramię jest ćwiczeniem atakującym mięśnie PECS, LATS i mięśni przednich Serratus.Wykonanie tego ruchu z prostymi ramionami utrudnia, zwiększa rozciąganie mięśni i lats Serratus i zmusza rdzeń do cięższej pracy.Old School Culcibuilderzy wykonywaliby ciągnięcia z lekkimi ciężarami dla zestawów 20 między zestawami ciężkich przysiadów, ale są dziś bardziej popularne w umiarkowanych zakresach powtórzeń, takich jak 8-12 powtórzeń na zestaw, w ramach górnej części górnej części górnego-trening ciała.",Strength Training,Chest,Dumbbell,Intermediate,8.4,Average
1116,Incline Dumbbell Bench With Palms Facing In,,Strength Training,Chest,Dumbbell,Beginner,8.4,Average
1117,Incline Dumbbell Flyes - With A Twist,,Strength Training,Chest,Dumbbell,Beginner,8.3,Average
1118,Bent-arm dumbbell pull-over,"Pull-ramię giętnie ramię było podstawowym ćwiczeniem „Złotej Ery” kulturystyki i ulubieńcem samego Arnolda Schwarzeneggera.Wykonane właściwie, ćwiczenie jest skierowane do mięśni przednich PEC, LATS i Serratus.Oldschoolowe kulturystyki wykonywaliby je z lekkimi ciężarami dla zestawów 20 między zestawami ciężkich przysiadów 20-powtórnych, ale pull-over są dziś bardziej popularne w umiarkowanych zakresach powtórzeń, takich jak 8-12 powtórzeń na zestaw, jako część górnej części górnego-trening ciała.",Strength Training,Chest,Dumbbell,Intermediate,8.2,Average
1119,Close-grip dumbbell bench press,"Bliska ławka do hantli jest popularną odmianą prasy hantlowej, w której hantle są trzymane bliżej niż szerokość barku.To kładzie większy nacisk na triceps, a być może także na wewnętrzną klatkę piersiową.Bawocienne wyciskanie hantli można wykonać w niższych powtórzeniach dla siły lub wyższych powtórzeń dla wzrostu mięśni.",Strength Training,Chest,Dumbbell,Intermediate,8.1,Average
1120,Single-dumbbell push-up,"Push-up pojedynczych golfowych jest trudniejszą odmianą push-up, w której równoważysz ręce na końcach hantli.Ta prosta zmiana sprawia, że ​​wiele grup mięśni pracuje ciężej, pomagając zachęcić mięśnie i przyrosty siły w górnej części ciała.",Strength Training,Chest,Dumbbell,Intermediate,7.3,Average
1121,One-Arm Flat Bench Dumbbell Flye,,Strength Training,Chest,Dumbbell,Beginner,6.5,Average
1122,Dumbbell Fix Dumbbell Floor Chest Fly,,Strength Training,Chest,Dumbbell,Intermediate,,
1123,Dumbbell Fix Traveling Push-Up,,Strength Training,Chest,Dumbbell,Intermediate,,
1124,Incline dumbbell chest fly,"Pochylenie klatki piersiowej na pochyłości jest ćwiczeniem górnego ciała atakującego klatkę piersiową.Wykonanie go na pochyłości pomaga w szczególności ukierunkować górną klatkę piersiową, jednocześnie ograniczając zaangażowanie ramion.Wariacje much są zwykle wykonywane dla umiarkowanych do wysokich powtórzeń, takich jak 8-12 powtórzeń na zestaw lub więcej.",Strength Training,Chest,Dumbbell,Intermediate,,
1125,Paul Carter Dumbbell Shrug,"Rzurzanie hantli stojące jest popularnym ruchem do budowy i wzmocnienia mięśni trapezu.Jest to często wyszkolony w dniu treningu w stylu kulturystyki lub pleców, ale może również dobrze działać podczas treningu na całe ciało lub siłę.",Strength Training,Chest,Dumbbell,Intermediate,,
1126,Dumbbell push-up row,"Rząd push-up Dumbbell łączy naciski, wioślenie i stabilizację rdzenia w jedną sekwencję.Jest popularny pod względem wydajnym w czasie siły i treningów budowania mięśni.",Strength Training,Chest,Dumbbell,Intermediate,,
1127,TBS Dumbbell Incline Press,Nachylenie ławki hantli to ćwiczenie górnej części ciała ukierunkowane na mięśnie górnego piersiowego.,Strength Training,Chest,Dumbbell,Intermediate,,
1128,Incline Dumbbell Fly - Gethin Variation,"Pochylona mucha klatki piersiowej jest ćwiczeniem izolacji górnej części ciała atakującego górną klatkę piersiową i jest zwykle stosowana z myślą o celach estetycznych.Będzie wymagał mniejszej wagi niż prasa nachylenia, co czyni go doskonałym ćwiczeniem przerostowym z wysokimi powtórzeniami.",Strength Training,Chest,Dumbbell,Intermediate,,
1129,Dumbbell bench press-,"Prasa ławki hantle jest ostoją podnośników na całym świecie.To klasyczny ruch do budowania większej, silniejszej klatki piersiowej i triceps.Często znajduje się na pierwszym miejscu w treningach klatki piersiowej, ale może być również wykorzystywany jako ruch akcesoriów do wycisku na ławce sztangowej w treningu siłowym.Można go wykonywać w niższych zakresach powtórzeń skoncentrowanych na sile lub dla wyższych powtórzeń do budowy mięśni.",Strength Training,Chest,Dumbbell,Intermediate,,
1130,Decline dumbbell fly and press,"Spadek mucha i prasa hantli jest kompleksem hantli, który atakuje mięśnie klatki piersiowej, szczególnie niższe PEC.Na przemian muchy jednopunktowej z prasą wielostoczkową, otrzymujesz korzyści obu i nacisk na mięśnie klatki piersiowej nawet przy stosunkowo lekkiej wagi.Ponieważ mucha będzie czynnikiem ograniczającym wybór masy, ta parowanie jest zwykle wykonywane dla umiarkowanych do wysokich powtórzeń, takich jak 8-12 powtórzeń na zestaw lub więcej, w ramach treningu skoncentrowanego na górnym ciele lub klatce piersiowej.",Strength Training,Chest,Dumbbell,Intermediate,,
1131,Incline dumbbell fly and press,"Nachylona mucha i prasa do hantli jest kompleksem hantli, który atakuje mięśnie klatki piersiowej, szczególnie w górnej części PEC.Na przemian muchy jednopunktowej z prasą wielostoczkową, otrzymujesz korzyści obu i nacisk na mięśnie klatki piersiowej nawet przy stosunkowo lekkiej wagi.Ponieważ mucha będzie czynnikiem ograniczającym wybór masy, ta parowanie jest zwykle wykonywane dla umiarkowanych do wysokich powtórzeń, takich jak 8-12 powtórzeń na zestaw lub więcej, w ramach treningu skoncentrowanego na górnym ciele lub klatce piersiowej.",Strength Training,Chest,Dumbbell,Intermediate,,
1132,Single-arm decline dumbbell bench press,"Dowolna wycisk na ławkę z pojedynczym ramieniem jest ćwiczeniem górnego ciała ukierunkowanego na mięśnie piersiowe, szczególnie niższe PEC.Ponieważ równowaga może być problemem, ta zmiana prasowa jest zwykle wykonywana z lżejszą masą dla umiarkowanych do wysokich powtórzeń, takich jak 8-12 powtórzeń na zestaw lub więcej, w ramach treningu ukierunkowanego na górną lub klatki piersiowej.",Strength Training,Chest,Dumbbell,Intermediate,,
1133,Single-arm incline dumbbell bench press,"Prasa ławkowa na pochyłości na pochyłości jest ćwiczeniem górnego ciała ukierunkowanego na mięśnie piersiowe.Ponieważ równowaga może być problemem, ta zmiana prasowa jest zwykle wykonywana z lżejszą masą dla umiarkowanych do wysokich powtórzeń, takich jak 8-12 powtórzeń na zestaw lub więcej, w ramach treningu ukierunkowanego na górną lub klatki piersiowej.",Strength Training,Chest,Dumbbell,Intermediate,,
1134,Incline Dumbbell Press - Gethin Variation,Nachylenie ławki hantli to ćwiczenie górnej części ciała ukierunkowane na mięśnie górnego piersiowego.,Strength Training,Chest,Dumbbell,Intermediate,,
1135,Dumbbell Chest Press - Gethin Variation,"Bench Bench Bench jest ostoją entuzjastów treningów na całym świecie.To klasyczny ruch do budowania większej, silniejszej skrzyni.W związku z tym często znajduje się na pierwszym miejscu w treningach klatki piersiowej.",Strength Training,Chest,Dumbbell,Intermediate,,
1136,Dumbbell Floor Press - Gethin Variation,"Prasa podłogowa hantli ogranicza zakres ruchu, który osiągniesz przy zwykłej nacisku hantli, ale nadal celuje w klatkę piersiową, triceps i przednie delty.Pozwala to budować siłę w górnej części podnoszenia i pracować nad wzmocnieniem stabilizatorów barku.",Strength Training,Chest,Dumbbell,Intermediate,,
1137,Decline Dumbbell Press - Gethin Variation,Presja na ławce hantlowej jest Ćwiczenie izolacji górnej części ciała ukierunkowanego na dolną klatkę piersiową.Wykorzystanie hantli zamiast sztang zwiększa trudność stabilizowania wagi.,Strength Training,Chest,Dumbbell,Intermediate,,
1138,Dumbbell chest fly,"Hantl -Bell Flot jest popularnym ćwiczeniem, które są skierowane do mięśni piersiowych lub klatki piersiowej.Próbuje odizolować mięśnie klatki piersiowej, rozciągając je i kurcząc je przy jednoczesnym ograniczeniu zaangażowania ramion.W przeciwieństwie do prasy, w której łokcie zginają i flex, muchy powinny zachować stosunkowo spójny kąt łokcia.Ruch jest czasem porównywany do „przytulania drzewa”.Muchy hantli są zwykle wykonywane dla umiarkowanych do wysokich powtórzeń, takich jak 8-12 powtórzeń na zestaw lub więcej, w ramach treningu skoncentrowanego na klatce piersiowej lub górnej części ciała.",Strength Training,Chest,Dumbbell,Intermediate,,
1139,Machine rear delt fly,"Tylna mucha delta maszyny to ćwiczenie ukierunkowane na tylną głowę mięśnia barkowego lub naramienników, a także mięśnie górnego pleców.Jest to rodzaj odwrotnej muchy klatki piersiowej i czasami jest wykonywany na tej samej maszynie, ale skierowany w odwrotny kierunek.Ponieważ celuje w tak małe mięśnie, ćwiczenie to jest zwykle wykonywane z lekką wagą dla wysokich powtórzeń, takich jak 10-15 powtórzeń na zestaw lub więcej.",Strength Training,Chest,Dumbbell,Intermediate,,
1140,AM Dumbbell Bench Press,"Bench Bench Bench jest ostoją entuzjastów treningów na całym świecie.To klasyczny ruch do budowania większej, silniejszej skrzyni.W związku z tym często znajduje się na pierwszym miejscu w treningach klatki piersiowej.",Strength Training,Chest,Dumbbell,Intermediate,,
1141,UP Incline Dumbbell Press,Nachylenie ławki hantli to ćwiczenie górnej części ciała ukierunkowane na mięśnie górnego piersiowego.,Strength Training,Chest,Dumbbell,Intermediate,,
1142,UP Incline Dumbbell Fly,"Pochylona mucha klatki piersiowej jest ćwiczeniem izolacji górnej części ciała atakującego górną klatkę piersiową i jest zwykle stosowana z myślą o celach estetycznych.Będzie wymagał mniejszej wagi niż prasa nachylenia, co czyni go doskonałym ćwiczeniem przerostowym z wysokimi powtórzeniami.",Strength Training,Chest,Dumbbell,Intermediate,,
1143,Holman Push-Up to Belly Touch,,Strength Training,Chest,Dumbbell,Intermediate,,
1144,Single-arm dumbbell floor press,"Prasa podłogowa z pojedynczym ramię jest wielostoponowym ćwiczeniem naciskowanym leżącym na podłodze, z zgiętymi kolanami lub prostymi.Ma mniejszy zakres ruchu niż zwykłe wyciskanie na ławce, ale nadal celuje w klatkę piersiową, triceps i przednie delty.Wykonując go jednym ramieniem, możesz wzmocnić osłabienie po niektórych stronach lub po prostu użyć go jako sposobu na bardziej kwestionowanie rdzenia podczas tego ćwiczenia.",Strength Training,Chest,Dumbbell,Intermediate,,
1145,Total Fitness Weighted Push-Up,"Push-up ważony płytami jest prostym sposobem na utrudnianie klasycznego ćwiczenia w masie ciała.Kieruje się na wszystkie te same mięśnie, co push-up: klatka piersiowa, triceps, ramiona, górna część pleców i rdzeń.Możesz samodzielnie zrównoważyć talerz na górnej części pleców, ale łatwiej i bezpieczniej jest, aby ktoś inny go tam umieścił.Jeśli ułożysz kilka płyt w górę, pamiętaj, aby obserwator blisko.",Strength Training,Chest,Dumbbell,Intermediate,,
1146,King Maker Standing Dumbbell Shoulder Press,"Stojąca prasa do ramion hantli to klasyczny budowniczy naramiennika (zwłaszcza przednie narażenie), która jest wszechobecna na siłowni na całym świecie.Wykonanie ruchu stojącego w przeciwieństwie do siedzenia pozwala na większą wagę.",Strength Training,Chest,Dumbbell,Intermediate,,
1147,30 Chest Incline Dumbbell Fly,,Strength Training,Chest,Dumbbell,Intermediate,,
1148,30 Chest Incline Dumbbell Bench Press,,Strength Training,Chest,Dumbbell,Intermediate,,
1149,30 Chest Dumbbells-Together Press,,Strength Training,Chest,Dumbbell,Intermediate,,
1150,30 Chest Dumbbells-Together Incline Bench Press,,Strength Training,Chest,Dumbbell,Intermediate,,
1151,30 Chest Dumbbell Fly,,Strength Training,Chest,Dumbbell,Intermediate,,
1152,30 Chest Dumbbell Bench Press,,Strength Training,Chest,Dumbbell,Intermediate,,
1153,30 Chest 30-Degree Incline Dumbbell Fly,,Strength Training,Chest,Dumbbell,Intermediate,,
1154,FYR2 Single-Dumbbell Push-Up,,Strength Training,Chest,Dumbbell,Intermediate,,
1155,Bodyweight Flyes,"Rozpuszczalna mucha klatki piersiowej z podwójnym paskiem to ćwiczenie klatki piersiowej, które wykorzystuje dwa obrotowe sztangę jako „uchwyty” dla muchy klatki piersiowej.Kieruje się na mięśnie klatki piersiowej, ale jest także intensywnym treningiem podstawowym.Jest to trudny ruch, który jest zwykle wykonywany w skoncentrowanej na klatce piersiowej części treningu.",Strength Training,Chest,E-Z Curl Bar,Beginner,9.0,Average
1156,Close-grip EZ-bar bench press,"Bliskie wyciskanie ławki EZ-BAR jest ćwiczeniem skierowanym do klatki piersiowej, ramion i triceps.Ten ruch jest częściej wykonywany z prostym paskiem i często wykonuje się tylko z EZ-Bar jako części kompleksu ruchów, takich jak ciągnięcia lub czaszki.",Strength Training,Chest,E-Z Curl Bar,Intermediate,8.8,Average
1157,Chest dip,"Dip klatki piersiowej jest ćwiczeniem masy ciała wykonywanym na równoległych prętach lub na stacji podciągania i zanurzenia.Kieruje się na klatkę piersiową, triceps i ramiona.Zanurzenie z ostrością klatki piersiowej są zwykle wykonywane z tułów pochylającym się do przodu i łokciami wychodzącymi z tułowia.Dipy można wykonać dla niskich powtórzeń dla siły lub wyższych powtórzeń dla wzrostu mięśni.",Strength Training,Chest,Other,Intermediate,9.0,Average
1158,Drop Push,,HIIT,Chest,Other,Beginner,8.8,Average
1159,Forward Drag with Press,,Strength Training,Chest,Other,Beginner,6.0,Average
1160,Chain Press,,Strength Training,Chest,Other,Beginner,5.6,Average
1161,Behind Head Chest Stretch,,Mobility and Stretching,Chest,Other,Beginner,4.9,Average
1162,Pass-through stretch with band,"Przejście z pasmem jest popularnym ruchem budowania i utrzymywania mobilności w stawie barkowym oraz wzmocnieniu mięśni górnego tyłu i mankietu rotatora.Jest to powszechne w treningu CrossFit i olimpijskim i jest zwykle wykonywane w ramach rozgrzewki lub w połączeniu z ruchami podczas treningu.Można go również wykonać za pomocą rurki lub kołki PVC, jeśli zespół nie jest dostępny.",Mobility and Stretching,Chest,Other,Beginner,3.0,Average
1163,Weighted Push-Up,"Push-up ważony płytami jest prostym sposobem na utrudnianie klasycznego ćwiczenia w masie ciała.Kieruje się na wszystkie te same mięśnie, co push-up: klatka piersiowa, triceps, ramiona, górna część pleców i rdzeń.Możesz samodzielnie zrównoważyć talerz na górnej części pleców, ale łatwiej i bezpieczniej jest, aby ktoś inny go tam umieścił.Jeśli ułożysz kilka płyt w górę, pamiętaj, aby obserwator blisko.",Strength Training,Chest,Other,Intermediate,0.0,
1164,Heavy Bag Thrust,,HIIT,Chest,Other,Beginner,0.0,Average
1165,Decline Explosive Push-Up,,HIIT,Chest,Other,Beginner,0.0,
1166,Suspended Chest Fly,,Strength Training,Chest,Other,Beginner,0.0,
1167,Svend press,"Svend Press to ćwiczenie, w którym klatka piersiowa jest ceniona przez wykonanie pras, jednocześnie ściśając dwie płytki wagowe.Zazwyczaj wykonuje się to dla stosunkowo wysokich powtórzeń z lekkimi ciężarami jako ruch akcesoriów do wycisku ławki lub jako ruch wypalenie w dniu klatki piersiowej.",Strength Training,Chest,Other,Beginner,0.0,
1168,Bar Push-Up Smith Machine,"Push-up z uniewinnieniem prądu jest odmianą pompki, standardu masy ciała.Ręce są podniesione, aby twoje ciało było wyrównane pod kątem do podłogi, a nie równoległe.",HIIT,Chest,Other,Beginner,0.0,
1169,Plate-weighted push-up,"Push-up ważony płytami jest prostym sposobem na utrudnianie klasycznego ćwiczenia w masie ciała.Kieruje się na wszystkie te same mięśnie, co push-up: klatka piersiowa, triceps, ramiona, górna część pleców i rdzeń.Możesz samodzielnie zrównoważyć talerz na górnej części pleców, ale łatwiej i bezpieczniej jest, aby ktoś inny go tam umieścił.Jeśli ułożysz kilka płyt w górę, pamiętaj, aby obserwator blisko.",Strength Training,Chest,Other,Intermediate,,
1170,Double-bar roll-out chest fly,"Rozpuszczalna mucha klatki piersiowej z podwójnym paskiem to ćwiczenie klatki piersiowej, które wykorzystuje dwa obrotowe sztangę jako „uchwyty” dla muchy klatki piersiowej.Kieruje się na mięśnie klatki piersiowej, ale jest także intensywnym treningiem podstawowym.Jest to trudny ruch, który jest zwykle wykonywany w skoncentrowanej na klatce piersiowej części treningu.",Strength Training,Chest,Other,Intermediate,,
1171,Holman Plate Dynamo Push-Up,,Strength Training,Chest,Other,Intermediate,,
1172,Holman Towel Drag Two Steps to Push-Up,,Strength Training,Chest,Other,Intermediate,,
1173,Taylor Val Slide Push-Up/Fly Combo,,Strength Training,Chest,Other,Intermediate,,
1174,Exercise ball chest stretch,"Odcinek klatki piersiowej do ćwiczeń jest prostym odcinkiem dla mięśni piersiowych, które można uczynić bardziej dynamicznym przy pomocy piłki lekarskiej.Może działać w dynamicznym rozgrzewce, w połączeniu z ruchami podczas treningu lub w ramach strategii chłodzenia lub odzyskiwania.Jeśli odcinek powoduje ból z przodu ramienia, odbierz intensywność lub wybierz kolejny odcinek klatki piersiowej.",Mobility and Stretching,Chest,Exercise Ball,Beginner,3.6,Average
1175,Bosu Ball Push-Up,,Strength Training,Chest,Exercise Ball,Beginner,0.0,Average
1176,Feet-elevated push-up on ball,"Push-Up na piłce jest odmianą pompki, standardu masy ciała.Stopy są podniesione na kulce, aby wyrównać ciało równolegle do podłogi i stanowią większe wyzwanie stabilizacyjne.To sprawia, że ​​jest to trudniejsze niż pompki na podłodze, ale także kładzie większy nacisk na mięśnie barkowe.Może to być trudny substytut nie-GYM dla pras nachylenia lub jako ruch wypalenia na trening klatki piersiowej lub ramion.",Strength Training,Chest,Exercise Ball,Intermediate,,
1177,Standing alternating band speed row,"Stojący naprzemiennie opaska prędkość prędkości to wybuchowe ćwiczenie z tyłu przy użyciu pasm ćwiczeń.Kieruje się na mięśnie środkowego i górnego pleców, w tym Lats (Latissimus dorsi), romboids i trapez, a także biceps.Można go wykonywać dla czasu lub powtórzeń w ramach mocy lub skoncentrowanej na prędkości części treningu lub jako wypalenie pod koniec treningu.",Strength Training,Forearms,Bands,Intermediate,,
1178,Band roundhouse elbow,"Łokieć okrągłego zespołu to wybuchowe ćwiczenie mocy rotacyjnej przy użyciu pasm ćwiczeń.Kieruje się na mięśnie zakośników i głębokiego rdzenia, ale także graweruje koordynację i zdolność do uderzania pełnego ciała.Może działać podczas treningu AB, w treningu sztuk walki lub ogólnie sile i treningu mięśni.",Strength Training,Forearms,Bands,Intermediate,,
1179,Palms-down wrist curl over bench,"Palmowy zwijanie nadgarstka nad ławką jest ćwiczeniem ukierunkowanym na przedramiona.Zazwyczaj wykonuje się to dla wysokich powtórzeń, takich jak 10-15 powtórzeń na zestaw lub więcej, w ramach treningu skoncentrowanego na uchwycie lub ramienia.",Strength Training,Forearms,Barbell,Intermediate,9.5,Average
1180,Palms-up wrist curl over bench,"Palm-U-U-U-Up T. Curl nad ławką jest ćwiczeniem ukierunkowanym na przedramiona.Zazwyczaj wykonuje się to dla wysokich powtórzeń, takich jak 10-15 powtórzeń na zestaw lub więcej, w ramach treningu skoncentrowanego na uchwycie lub ramienia.",Strength Training,Forearms,Barbell,Intermediate,9.4,Average
1181,Standing behind-the-back wrist curl,"Stojący zakulisowa loka nadgarstka jest popularnym ćwiczeniem do atakowania mięśni w przedramionach, nadgarstkach i palcach.Jest to ogólnie wykonywane dla umiarkowanych do wysokich powtórzeń, takich jak 8-15 powtórzeń na zestaw, i może działać jako izolowane szkolenie przedramienia lub jako część treningu skoncentrowanego na broni.",Strength Training,Forearms,Barbell,Beginner,9.3,Average
1182,Seated finger curl,"Siedzący palec loki jest ćwiczeniem skierowanym do mięśni dłoni i przedramion.Jest popularny wśród rockowych wspinaczy i innych sportowców, którzy chcą budować rozmiar i siłę przedramienia.Zakres ruchu jest niewielki, ale wykonany dla umiarkowanych do wysokich powtórzeń, na pewno sprawiają, że przedramiona spalą.",Strength Training,Forearms,Barbell,Beginner,9.3,Average
1183,Seated palms-up wrist curl,"Siedzony lokal na nadgarstek jest ćwiczeniem skierowanym do przedramion.Zazwyczaj wykonuje się to dla wysokich powtórzeń, takich jak 10-15 powtórzeń na zestaw lub więcej, w ramach treningu skoncentrowanego na uchwycie lub ramienia.",Strength Training,Forearms,Barbell,Intermediate,8.7,Average
1184,Bottoms-Up Clean From The Hang Position,,Strength Training,Forearms,Kettlebells,Beginner,8.3,Average
1185,Seated One-Arm Dumbbell Palms-Up Wrist Curl,,Strength Training,Forearms,Dumbbell,Beginner,9.0,Average
1186,Palms-Up Dumbbell Wrist Curl Over A Bench,,Strength Training,Forearms,Dumbbell,Beginner,8.6,Average
1187,Seated palms-down wrist curl,"Siedzącego loki na nadgarstek z dłoni jest ćwiczeniem ukierunkowanym na przedramiona.Zazwyczaj wykonuje się to dla wysokich powtórzeń, takich jak 10-15 powtórzeń na zestaw lub więcej, w ramach treningu skoncentrowanego na uchwycie lub ramienia.",Strength Training,Forearms,Dumbbell,Beginner,8.4,Average
1188,Palms-Down Dumbbell Wrist Curl Over A Bench,,Strength Training,Forearms,Dumbbell,Beginner,8.4,Average
1189,Seated One-Arm Dumbbell Palms-Down Wrist Curl,,Strength Training,Forearms,Dumbbell,Beginner,8.3,Average
1190,Seated Dumbbell Palms-Up Wrist Curl,,Strength Training,Forearms,Dumbbell,Beginner,6.2,Average
1191,Partner farmer's walk,"Partner Farmer's Walk to protokół wykonywania prowadzenia rolników z hantlami lub innymi ciężarami.Jeden partner idzie z góry określoną odległość lub czas, a następnie przekazuje wagę drugiego partnera, który idzie na tę samą odległość lub czas.",Strength Training,Forearms,Dumbbell,Beginner,5.3,Average
1192,Dumbbell suitcase carry,"Walizka hantlowa jest podobna do noszenia rolnika hantli, ale używa tylko jednego hantli niż dwóch.Ta prosta zmiana stanowi znaczące wyzwanie dla mięśni brzucha.Może to być trudne finiszer do każdego treningu lub dobrze działać w treningu obwodowym tłuszczu lub jako ruch akcesoriów do ciężkich wind, takich jak martwy ciąg.",Strength Training,Forearms,Dumbbell,Intermediate,0.0,
1193,Suitcase Dumbbell Carry,"Walizka hantlowa jest podobna do noszenia rolnika hantli, ale używa tylko jednego hantli niż dwóch.Ta prosta zmiana stanowi znaczące wyzwanie dla mięśni brzucha.Może to być trudne finiszer do każdego treningu lub dobrze działać w treningu obwodowym tłuszczu lub jako ruch akcesoriów do ciężkich wind, takich jak martwy ciąg.",Strength Training,Forearms,Dumbbell,Intermediate,0.0,Average
1194,Side plank with dumbbell external rotation,"Paska boczna z zewnętrznym obrotem hantli to ruch, który łączy izometryczną obrót boczną z obrotem hantli, aby ukierunkować zarówno mięśnie rdzenia, jak i mięśnie mankietu rotatora.Prawdopodobnie nie będziesz w stanie użyć dużej wagi bez zakłócania równowagi, ale nawet przy lekceważy jest to ruch, który może pomóc w rozwiązaniu wielu grup mięśni w dynamicznym rozgrzewce lub jako pracy akcesorialnej pod koniec treningu.",Strength Training,Forearms,Dumbbell,Intermediate,,
1195,Rickshaw Carry,,Strength Training,Forearms,Other,Beginner,9.6,Average
1196,Dumbbell farmer's walk,"Spacer hantla hortu jest ćwiczeniem z korzeniami w konkurencyjnym szkoleniu siłaczy, ale jest również popularne w treningu CrossFit i funkcjonalnym.Może to być trudne finiszer do każdego treningu lub dobrze działać w treningu obwodowym tłuszczu lub jako ruch akcesoriów do ciężkich wind, takich jak martwy ciąg.",Strength Training,Forearms,Other,Intermediate,9.4,Average
1197,Wrist Roller,,Strength Training,Forearms,Other,Beginner,9.1,Average
1198,Standing Olympic Plate Hand Squeeze,,Strength Training,Forearms,Other,Beginner,8.6,Average
1199,Plate Pinch,,Strength Training,Forearms,Other,Beginner,8.3,Average
1200,Landmine Press and Catch,"Jammer jednoramienny to wybuchowy ruch prasujący wykonany przy użyciu kątowej sztangi zakotwiczonej na poziomie podłogi w urządzeniu lądowym.Można go również wykonać, wkładając sztangę w rogu pokoju, najlepiej w ręczniku, aby chronić ściany.Liniowy Jammer polega na wciśnięciu ciężaru w powietrze, a następnie łapanie drugiej ręki.Ruch koncentruje się przede wszystkim na mięśniach ramion lub naramienników.Można go trenować w tradycyjnych zakresach powtórzeń mięśni i siły, w przypadku niższych powtórzeń z naciskiem na moc wybuchową lub dla wyższych powtórzeń.",Strength Training,Forearms,Other,Intermediate,,
1201,Plate halo,Halo płyty jest ćwiczeniem skierowanym do kompleksu barku.Zwykle jest wykonywany jako część dynamicznego rozgrzewki przed treningiem górnego ciała.,Strength Training,Forearms,Other,Intermediate,,
1202,Bryant Wrist Curl,,Strength Training,Forearms,Other,Intermediate,,
1203,Seated Two-Arm Palms-Up Low-Pulley Wrist Curl,,Strength Training,Forearms,Cable,Beginner,9.2,Average
1204,Cable Wrist Curl,,Strength Training,Forearms,Cable,Beginner,7.8,Average
1205,Single-arm cable push-down,"Wypchnięcia kabla jednoramiennego to jednopunktowy ruch izolacji, który rozwija mięsień triceps jeden ramię na raz.Ponieważ działanie jest wyłącznie na stawie łokciowym, trudno jest zastosować znaczną wagę.Powtórzenia są zwykle wysokie, takie jak 8-12 powtórzeń na zestaw lub więcej, ze szczególnym uwzględnieniem ścisłej formy i odczuwania połączenia z mięśniami umysłu.",Strength Training,Forearms,Cable,Intermediate,,
1206,Wrist Circles,,Mobility and Stretching,Forearms,Body Only,Beginner,2.5,Average
1207,Kneeling Forearm Stretch,,Mobility and Stretching,Forearms,,Beginner,5.2,Average
1208,Hip Extension with Bands,,Strength Training,Glutes,Bands,Beginner,7.2,Average
1209,Hip Lift with Band,,Strength Training,Glutes,Bands,Beginner,6.0,Average
1210,HM Monster Walk,,Strength Training,Glutes,Bands,Intermediate,,
1211,UNS Banded Glute Bridge,,Strength Training,Glutes,Bands,Intermediate,,
1212,FYR2 Banded Glute Bridge,,Strength Training,Glutes,Bands,Intermediate,,
1213,Piriformis SMR,"Piriformis Samofascyzmowe uwalnianie (SMR) to samozadowolenie tkanki miękkiej dla dolnej części ciała, zwykle przy użyciu wałka piankowego, kulki lacrosse lub innego narzędzia do masażu „Punkt wyzwalającego”.Strategicznie wywierając nacisk na mięśnie Piriformis w górnym regionie pośladków, niektórzy ludzie uważają, że mogą powodować rozluźnienie tak często bolesnego i ciasnego mięśni lub „uwolnienia”.Piriformis SMR często towarzyszy SMR na opasce biodrowej (IT) lub powięzi tensorowej (mięśnie TFL) lub przez rozciągania skierowane do pośladków i bioder.",Mobility and Stretching,Glutes,Foam Roll,Intermediate,6.6,Average
1214,Barbell glute bridge,"Most pośladkowy Barbell to popularne ćwiczenie ukierunkowane na mięśnie pośladków i ścięgna podkolanowych.Można to zrobić jako ruch siły sam, jako wiertło aktywacyjne lub rozgrzewkę do treningu dolnego ciała lub wypalenie pod koniec treningu dolnej części ciała.",Strength Training,Glutes,Barbell,Intermediate,9.4,Average
1215,Barbell Hip Thrust,"Pchnięcie bioder Barbell jest ćwiczeniem, które angażuje łańcuch tylny, zwłaszcza pośladków.Polega na pełnym rozszerzeniu bioder, trzymając ważoną sztangę przez środkową część.",Strength Training,Glutes,Barbell,Intermediate,9.1,Average
1216,Kneeling Squat,,Strength Training,Glutes,Barbell,Beginner,8.6,Average
1217,Kneeling Jump Squat,,Strength Training,Glutes,Barbell,Beginner,7.6,Average
1218,UN Rear Foot Elevated Split Squat,,Strength Training,Glutes,Barbell,Intermediate,,
1219,Kettlebell thruster,"Kettlebell Thruster to popularny ruch kettlebell, który łączy przedni przysiad z kettlebell z prasą kettlebell, trzymając dzwonek w chwytaku lub dolnym uścisku.Poprzedza go czyszczenie na początku każdego zestawu i możesz wykonać czystość między każdym przedstawicielem, jeśli chcesz.Można go trenować w zakresie tradycyjnych zakresów powtórzeń siły lub budowy mięśni, w treningu obwodu lub tłuszczu lub w ramach większej kombinacji kettlebell lub złożonej.",Strength Training,Glutes,Kettlebells,Intermediate,8.6,Average
1220,Taylor Kettlebell Swing,,Strength Training,Glutes,Kettlebells,Intermediate,,
1221,UN Goblet Squat,,Strength Training,Glutes,Kettlebells,Intermediate,,
1222,Single-arm triceps kick-back,"Kick-back z pojedynczych ramek Triceps jest popularnym ruchem w celu zwiększenia wielkości i siły triceps.Zazwyczaj wykonuje się to dla umiarkowanych do wysokich powtórzeń, co najmniej 8-12 powtórzeń, w ramach treningu skoncentrowanego na górnym ciele lub ramieniu.",Strength Training,Glutes,Dumbbell,Intermediate,,
1223,Holman Lateral High Knees to Quad Touch Jump,,Strength Training,Glutes,Dumbbell,Intermediate,,
1224,FYR2 Dumbbell Hip Thrust,,Strength Training,Glutes,Dumbbell,Intermediate,,
1225,FYR2 Glute Bridge Dumbbell Floor Press,,Strength Training,Glutes,Dumbbell,Intermediate,,
1226,Suspended Hip Thrust,,Strength Training,Glutes,Other,Beginner,0.0,
1227,Single-leg cable hip extension,"Wydłużenie bioder kablowego jednopoziomowego jest ćwiczeniem izolacyjnym, które są ukierunkowane na pośladki, w szczególności Gluteus Maximus.Jest to powszechny ruch wypalenia w dniu skoncentrowanym na niższym ciele i jest zwykle wykonywany dla umiarkowanych do wysokich powtórzeń, takich jak 8-12 powtórzeń na zestaw lub więcej.",Strength Training,Glutes,Cable,Intermediate,9.0,Average
1228,Pull Through,,Strength Training,Glutes,Cable,Beginner,7.4,Average
1229,Cable rope pull-through deadlift,Martwy Ćwiczenie linowania linowego jest ćwiczeniem skierowanym do pośladków i ścięgien podkolanowych za pomocą odpowiedniego ruchu bioder.,Strength Training,Glutes,Cable,Intermediate,,
1230,UNS Cable Pull-Through,,Strength Training,Glutes,Cable,Intermediate,,
1231,30 Legs Glute-Ham Raise,,Strength Training,Glutes,Machine,Intermediate,,
1232,Glute bridge,"Most pośladkowy jest popularnym ćwiczeniem o dolnej masie ciała, które przede wszystkim atakuje pośladki, ale także aktywuje dolne plecy i ścięgna podkolanowe.Można go wykonywać samą masą ciała lub z dodatkową opornością, taką jak sztangi, hantle lub pasma.Można go wykonywać dla czasu lub powtórzeń i działa idealnie w dynamicznym rozgrzewce do treningu dolnego ciała, ale można go również wykonać w celu aktywacji pośladków w dowolnym momencie.",Strength Training,Glutes,Body Only,Intermediate,8.8,Average
1233,Single-leg glute bridge,"Mosta pośladka jednopoziomowa jest ćwiczeniem dolnej części ciała, które są ukierunkowane na pośladki, dolną część pleców i ścięgna podkolanowe.Jest wykonywany po jednej stronie na raz.",Strength Training,Glutes,Body Only,Intermediate,8.8,Average
1234,Step-up with knee raise,"Podwyższenie podwyższenia kolana to ćwiczenie dolnej części ciała ukierunkowane na quady, pośladki i ścięgna podkolanowe.Różni się od tradycyjnego etapu w tym, że u góry podnosisz podlatującą nogę do pełnego zgięcia bioder.Daje to ćwiczeniu większy zakres ruchu, a bardziej nacisk na potężne rozszerzenie bioder w nogi roboczej.Po przeprowadzeniu masy ciała są one zwykle wykonywane dla wysokich powtórzeń w ramach dynamicznego rozgrzewki, jako przyspieszenie sercowo-kardio lub jako część dolnej części treningu lub obwodu.",Strength Training,Glutes,Body Only,Intermediate,8.7,Average
1235,Glute Kickback,,Strength Training,Glutes,Body Only,Beginner,8.3,Average
1236,Standing hip extension,"Przedłużenie biodra stojące jest ruchem, który aktywuje pośladki i ścięgna podkolanowe.Często jest wykonywany dla czasu lub powtórzeń w ramach dynamicznego rozgrzewki.",Strength Training,Glutes,Body Only,Beginner,6.5,Average
1237,Lying glute stretch,"Lypey Glute odcinek jest odcinkiem, który pomaga zwiększyć elastyczność pośladków i bioder.Polega na obróceniu pojedynczej nogi na ciele, leżąc płasko na plecach i sięganie wokół nogi, aby ułatwić odcinek.Jest powszechnie zawarty w dynamicznych rozgrzewkach lub ochłodach, ale można go również wykonywać jako mobilność całego ciała w dowolnym momencie.",Mobility and Stretching,Glutes,Body Only,Intermediate,4.8,Average
1238,Knee Across The Body,,Mobility and Stretching,Glutes,Body Only,Intermediate,3.5,Average
1239,Seated Glute,,Mobility and Stretching,Glutes,Body Only,Beginner,3.1,Average
1240,Lying Glute,,Mobility and Stretching,Glutes,Body Only,Beginner,3.0,Average
1241,One Knee To Chest,,Mobility and Stretching,Glutes,Body Only,Intermediate,2.7,Average
1242,Seated Glute Stretch,,Mobility and Stretching,Glutes,Body Only,Beginner,0.0,
1243,Neck Bridge Supine,,Strength Training,Glutes,Body Only,Beginner,0.0,
1244,Walking High Knee,,Strength Training,Glutes,Body Only,Intermediate,,
1245,Walking Butt Kicks,,Strength Training,Glutes,Body Only,Intermediate,,
1246,Walking Glute Stretch,,Strength Training,Glutes,Body Only,Intermediate,,
1247,Lunge kick,"Kopnięcie Lunge to ćwiczenie na oparte na kardio do niższego ciała wykonywane z dużą intensywnością.Zawiera kopnięcie przedniej nogi, aby ruch był silniejszy.Może być wykonywany dla czasu lub powtórzeń i jest doskonałym włączeniem do treningu obwodu skoncentrowanego na tłuszczu lub atletyzmie.",Strength Training,Glutes,Body Only,Intermediate,,
1248,Curtsy lunge,"Curtsy Lunge to ruch dolnej masy ciała, który atakuje mięśnie bioder i pośladków.Zwykle wykonuje się to dla umiarkowanych do wysokich powtórzeń, co najmniej 8-12 powtórzeń na nogę.",Strength Training,Glutes,Body Only,Intermediate,,
1249,Alternating standing glute stretch,"Naprzemienny odcinek pośladków stojących koncentruje się na poprawie mobilności i elastyczności do niższego ciała, szczególnie w biodrach i pośladkach.Obejmuje wykonanie częściowego przysiadu w pozycji „Ryc. 4”.Można go wykonywać jako część rozgrzewki dolnej lub wykonania po treningu, aby pomóc w walce z uciskiem i bolesnością.",Mobility and Stretching,Glutes,Body Only,Intermediate,,
1250,Side-lying leg lift,"Podnoszenie nóg to ćwiczenie masy ciała ukierunkowane na mięśnie bioder i pośladków.Może to być godne dodatek do dynamicznego rozgrzewki w dniu treningu dolnej lub siły, składnik obwodu lub treningu dolnego ciała lub wiertło aktywacyjne pośladków do wykonania w dowolnym momencie.Zasadniczo wyciągnięcia nóg są wykonywane dla wysokich powtórzeń, takich jak 8-15 powtórzeń na nogę lub więcej.",Strength Training,Glutes,Body Only,Intermediate,,
1251,FYR Progressive High Knee,"Wysokie kolana to ćwiczenie całego ciała, z naciskiem na dolną część ciała.Jest często wykonywany dla powtórzeń lub czasu w ramach dynamicznego rozgrzewki.",Strength Training,Glutes,Body Only,Intermediate,,
1252,Glute-Ham Raise - Gethin Variation,Podniesienie szynki pośladkowej jest ćwiczeniem ukierunkowanym na pośladki i ścięgna podkolanowe na GHD.,Strength Training,Glutes,Body Only,Intermediate,,
1253,Lunge glute stretch,"Odcinek pośladków Lunge to odcinek dolnej części ciała ukierunkowanego na pośladki, biodra i piriformis.Wpływa na to gołębia z jogi, ale jest wykonywana z prostymi ramionami.Może być częścią dynamicznej pracy rozgrzewki lub mobilności wykonywanej w dowolnym momencie.",Mobility and Stretching,Glutes,Body Only,Intermediate,,
1254,Natural Glute Ham Raise - Gethin Variation,Podniesienie szynki pośladkowej jest ćwiczeniem ukierunkowanym na pośladki i ścięgna podkolanowe na GHD.,Strength Training,Glutes,Body Only,Intermediate,,
1255,Groiner,"Groiner jest wybuchowym ćwiczeniem masy ciała ukierunkowanej na nogi, ramiona i rdzeń.Zawiera również dynamiczny odcinek bioder.Można go wykonywać dla czasu lub powtórzeń w dowolnym obwodzie lub treningu skoncentrowanym na tłuszczu lub atletyzmie.",Strength Training,Glutes,Body Only,Intermediate,,
1256,HM Alternating Donkey Kick,,Strength Training,Glutes,Body Only,Intermediate,,
1257,HM Alternating Slow Step-Down With Chair,,Strength Training,Glutes,Body Only,Intermediate,,
1258,HM Right Side Iron Cross,,Strength Training,Glutes,Body Only,Intermediate,,
1259,HM Single-Leg Bridge,,Strength Training,Glutes,Body Only,Intermediate,,
1260,HM Hi-Low,,Strength Training,Glutes,Body Only,Intermediate,,
1261,HM Kick-Back,,Strength Training,Glutes,Body Only,Intermediate,,
1262,HM Left Side Iron Cross,,Strength Training,Glutes,Body Only,Intermediate,,
1263,HM Left Side-Kick,,Strength Training,Glutes,Body Only,Intermediate,,
1264,HM Leg Lifts,,Strength Training,Glutes,Body Only,Intermediate,,
1265,Walking lunge,"Walking Lunge to ćwiczenie dolnej części ciała, które atakuje pośladki, quady i ścięgna podkolanowe, jednocześnie kwestionując stabilność i równowagę.Można go wykonać dla powtórzeń, czasu lub odległości w części dolnej części każdego treningu.",Strength Training,Glutes,Body Only,Intermediate,,
1266,High Plyometric Box Jump,,Strength Training,Glutes,Body Only,Intermediate,,
1267,Barbell hip thrust-,"Minister bioder Barbell jest popularnym ćwiczeniem, które atakuje łańcuch tylny, szczególnie pośladki i ścięgna podkolanowe.Polega na pełnym rozszerzeniu bioder, trzymając ważoną sztangę na przedniej części bioder.Jest to świetny ruch aktywacji pośladków przed innymi treningami dolnej części ciała, ale można je również wykonać w głównej części treningu lub dla wysokich powtórzeń jako wypalenie pośladków.",Strength Training,Glutes,Body Only,Intermediate,,
1268,UN Glute Bridge,,Strength Training,Glutes,Body Only,Intermediate,,
1269,Holman Donkey Kick,,Strength Training,Glutes,Body Only,Intermediate,,
1270,Holman Hip Raise with Alternating Kick,,Strength Training,Glutes,Body Only,Intermediate,,
1271,Holman Left Leg Donkey Kick,,Strength Training,Glutes,Body Only,Intermediate,,
1272,Holman Diagonal Right Leg Step-Out to Right Knee-Up,,Strength Training,Glutes,Body Only,Intermediate,,
1273,Holman Right Leg Donkey Kick,,Strength Training,Glutes,Body Only,Intermediate,,
1274,Holman Butt Tap to Jump,,Strength Training,Glutes,Body Only,Intermediate,,
1275,Holman Butt Tap to Jump-Forward-Jump-Back,,Strength Training,Glutes,Body Only,Intermediate,,
1276,Holman Traveling High Knees to Squat Thrust,,Strength Training,Glutes,Body Only,Intermediate,,
1277,Holman Butt Kicker to High Knees,,Strength Training,Glutes,Body Only,Intermediate,,
1278,Holman Daisy Cutter,,Strength Training,Glutes,Body Only,Intermediate,,
1279,Holman Frogger,,Strength Training,Glutes,Body Only,Intermediate,,
1280,Holman Hip Raise with Chest Press,,Strength Training,Glutes,Body Only,Intermediate,,
1281,Total Fitness Bear Crawl,"Fajnik niedźwiedzi jest popularnym ćwiczeniem pełzającym w masie ciała.Chociaż wygląda prosto, pełzanie niedźwiedzi jest intensywnym ruchem całego ciała, który jest ukierunkowany na układ sercowo-naczyniowy, a także szeroki zakres grup mięśni, w szczególności ramion, rdzenia i nóg.Można to zrobić jako rozgrzewkę całego ciała, w krótkich seriach treningu mocy lub obwodu lub dłuższego czasu trwania jako kondycjonowanie sercowo-naczyniowe.",Strength Training,Glutes,Body Only,Intermediate,,
1282,Pigeon stretch,"Odcinek gołębia to odcinek dolnego ciała ukierunkowany na pośladki, biodra i piriformis.Jest podobny do pozowania gołębia z jogi, ale jest również popularny w ramach dynamicznych rozgrzewek lub ochłodzenia w treningu siłowym.Można go również wykonać w dowolnym momencie, aby pomóc zwalczał ból treningowy.",Strength Training,Glutes,Body Only,Intermediate,,
1283,Levitating side kick-through,"Przekroczenie lewitacyjne to ruch całego ciała, który zaczyna się w pozycji pełzającej niedźwiedzie, a kończy się nogą wyrzuconą na bok.Pomiędzy powtórzeniami kopiesz w powietrzu częściowym stojakiem.Jest to powszechnie wykonywane dla powtórzeń lub czasu w obwodach masy ciała i przepływach w stylu zwierząt, ale może również działać samodzielnie lub jako część dynamicznej sekwencji rozgrzewki lub mobilności.",Strength Training,Glutes,Body Only,Intermediate,,
1284,30 Legs Hip Thrust,,Strength Training,Glutes,Body Only,Intermediate,,
1285,Dumbbell single-leg hip thrust,"Pojedyncza nogawka hantle stęgna biodra jest jednostronnym ćwiczeniem, które ukierunkowało się na łańcuch tylny, szczególnie pośladki i ścięgna podkolanowe.Obejmuje równoważenie na jednej stopie i pełne rozciąganie bioder, trzymając hantle z przodu biodra.Jest to świetny ruch aktywacji pośladków przed innymi treningami dolnej części ciała, ale można je również wykonać w głównej części treningu lub dla wysokich powtórzeń jako wypalenie pośladków.",Strength Training,Glutes,Body Only,Intermediate,,
1286,Medicine ball duck walk,"Spacer z kaczką z bratem medycyny to dynamiczny ruch kulki, który rzuca wyzwanie zarówno górnej, jak i dolnej części ciała, jednocześnie podnosząc tętno.Jest to świetny ruch, który obejmuje trening w piłce medycyny lub w masie ciała w celu zwiększenia zmęczenia i spalania poważnych kalorii podczas wbijania mięśni nóg.",Strength Training,Glutes,Medicine Ball,Intermediate,,
1287,Exercise ball hip thrust,"Pchnięcie bioder w piłce do ćwiczeń jest prostym, ale skutecznym sposobem pracy pośladków i ścięgna podkolanowych.Właściwa forma jest niezbędna, aby naprawdę poczuć oparzenie w pośladkach, a piłka może pomóc w poprowadzeniu się w odpowiednią formę lepiej niż ławka, która jest zwykłym wsparciem dla pchnięć bioder.W przeciwieństwie do wersji ławki, pchnięcie biodra piłki jest najlepiej wykonane z masą ciała lub pasmami jako odporność ze względów bezpieczeństwa.Może to być doskonałym elementem rozgrzewki do treningu dolnego ciała lub wiertarką aktywacyjną pośladkową wykonywaną w dowolnym momencie.",Strength Training,Glutes,Exercise Ball,Intermediate,7.8,Average
1288,Downward Facing Balance,,Strength Training,Glutes,Exercise Ball,Beginner,4.0,Average
1289,Band Good Morning (Pull Through),,Strength Training,Hamstrings,Bands,Beginner,8.3,Average
1290,Standing Hamstring and Calf Stretch,,Mobility and Stretching,Hamstrings,Bands,Intermediate,6.7,Average
1291,Hamstring-SMR,,Mobility and Stretching,Hamstrings,Foam Roll,Beginner,5.5,Average
1292,Barbell Deadlift,"Martwy rzut sztangowy jest złożonym ćwiczeniem stosowanym do rozwinięcia ogólnej wytrzymałości i wielkości w łańcuchu tylnym.Jest to winda konkurencyjna w sporcie podnoszenia mocy, ale jest również uważane za klasyczny punkt odniesienia ogólnej siły.Podczas wykonywania dłoni przed kolanami często nazywany jest „konwencjonalnym” martwym ciągiem.Kiedy stopy są szerokie, a dłonie są w kolanach, jest to martwy ciąg Sumo.",Strength Training,Hamstrings,Barbell,Intermediate,9.4,Average
1293,Clean Deadlift,,Strength Training,Hamstrings,Barbell,Beginner,9.4,Average
1294,Sumo deadlift,"Martwy ciąg SUMO to ruch złożony, w którym stopy są ustawione w szerokiej postawie z wskazanymi palcami, a uchwyt umieszcza się wewnątrz nóg.Zamiast wykonywania go zamiast konwencjonalnych martwych konkursów w większości konkursów o mocy.Martwy ciąg SUMO jest skierowany do ścięgna, pośladków i górnej części pleców/pułapek, ale także kładzie większy nacisk na rozciąganie i wzmocnienie mięśni adduktora i bioder ze względu na szeroką postawę.",Strength Training,Hamstrings,Barbell,Beginner,9.3,Average
1295,Romanian Deadlift from Deficit,,Strength Training,Hamstrings,Barbell,Beginner,9.2,Average
1296,Power Snatch,,Strength Training,Hamstrings,Barbell,Beginner,9.2,Average
1297,Power Clean from Blocks,,Strength Training,Hamstrings,Barbell,Beginner,9.2,Average
1298,Snatch Deadlift,,Strength Training,Hamstrings,Barbell,Beginner,8.9,Average
1299,Power clean,"Używanie mocy to ruch całego ciała, w którym pręt jest wyciągany z podłogi i złapany w przednim stojaku w trzech pociągnięciach lub fazach.Pasek jest odbierany w pozycji „mocy”, z biodrami wyższymi niż pozycja przysiadu w pełnej głębokości.Clean mocy może być używany jako element czystego i naciśnięcia lub czystego i szarpnięcia, ale jest również cennym windą do budowania mocy wybuchowej i siły.",Strength Training,Hamstrings,Barbell,Intermediate,8.7,Average
1300,Hang Snatch,,Strength Training,Hamstrings,Barbell,Beginner,8.7,Average
1301,Wide Stance Stiff Legs,,Strength Training,Hamstrings,Barbell,Beginner,8.5,Average
1302,Clean,,Strength Training,Hamstrings,Barbell,Beginner,8.5,Average
1303,Good Morning,"Dzień dobry, jest ćwiczeniem atakującym pośladkę, ścięgno podkolanowe i rozwój dolnej części pleców.Często jest szkolony jako ruch akcesoriów do martwego ciąży, ale ma również wartość samodzielnie.Czasami jest wykonywany dla powtórzeń w tradycyjnych zakresach powtórzeń skoncentrowanych na sile, takich jak 5-8 powtórzeń na zestaw, ale ze względu na ryzyko stawiane do dolnej części pleców, rzadko traktuje się jako maksymalne podnoszenie pojedynczej reprezentacji.",Strength Training,Hamstrings,Barbell,Intermediate,8.5,Average
1304,Barbell stiff-legged deadlift,"Martwy nogami szt. Brilellów jest skierowany do ścięgna, pośladków, dolnej i górnej części pleców, a także rdzenia.Jest to popularny ruch akcesoriów dla martwego ciąży, ale także ruch ścięgna podkolanowego.",Strength Training,Hamstrings,Barbell,Intermediate,8.3,Average
1305,Romanian Deadlift,"Martwy nogami szt. Brilellów jest skierowany do ścięgna, pośladków, dolnej i górnej części pleców, a także rdzenia.Jest to popularny ruch akcesoriów dla martwego ciąży, ale także ruch ścięgna podkolanowego.",Strength Training,Hamstrings,Barbell,Intermediate,8.1,Average
1306,Sumo Deadlift with Chains,,Strength Training,Hamstrings,Barbell,Beginner,7.8,Average
1307,Sumo Deadlift with Bands,,Strength Training,Hamstrings,Barbell,Beginner,0.0,Average
1308,Good Morning off Pins,,Strength Training,Hamstrings,Barbell,Beginner,0.0,Average
1309,Stiff-Legged Deadlift,"Martwy nogami szt. Brilellów jest skierowany do ścięgna, pośladków, dolnej i górnej części pleców, a także rdzenia.Jest to popularny ruch akcesoriów dla martwego ciąży, ale także ruch ścięgna podkolanowego.",Strength Training,Hamstrings,Barbell,Beginner,0.0,Average
1310,Snatch Pull,,Strength Training,Hamstrings,Barbell,Beginner,0.0,Average
1311,Hanging Bar Good Morning,,Strength Training,Hamstrings,Barbell,Beginner,0.0,Average
1312,Reverse Band Sumo Deadlift,,Strength Training,Hamstrings,Barbell,Beginner,0.0,Average
1313,Muscle Snatch,,Strength Training,Hamstrings,Barbell,Beginner,0.0,Average
1314,Split Snatch,,Strength Training,Hamstrings,Barbell,Beginner,0.0,Average
1315,Hang Snatch - Below Knees,,Strength Training,Hamstrings,Barbell,Beginner,0.0,Average
1316,30 Legs Sumo Deadlift,,Strength Training,Hamstrings,Barbell,Intermediate,,
1317,Kettlebell pass-through lunge,"Przejście kettlebell przechodzące to dynamiczne ćwiczenie nogi i rdzenia, w którym podnośnik przechodzi pod przednią nogą podczas rzucania się.Jest to wyjątkowe wyzwanie koordynacyjne, ale także trudne dla mięśni brzuch, dolnej części ciała, ramion i górnej części pleców.Najczęściej wykonuje się go dla wyższych powtórzeń, takich jak 10-15 powtórzeń na stronę lub dla czasu.Może pracować w treningach w stylu obwodów lub w szkoleniu w czasie niższym lub całego ciała.",Strength Training,Hamstrings,Kettlebells,Intermediate,8.7,Average
1318,Kettlebell One-Legged Deadlift,"Martwy ciąg jednoskut Kettlebell to odmiana martwego ciąży Kettlebell, w której jedna stopa pozostaje posadzona na ziemi, podczas gdy druga podnosi w powietrze na dole ruchu.Jest popularny w treningu do niższego ciała w zakresie budowania siły i mięśni, ale także trenuje równowagę, przyczepność i mięśnie podstawowe.",Strength Training,Hamstrings,Kettlebells,Intermediate,8.6,Average
1319,Single-arm kettlebell clean,"Kettlebell o jednoczesnym ramię jest wybuchowym ćwiczeniem kettlebell, w którym podnośnik przyciąga ciężar do poziomu barku w jednym ruchu.Podczas gdy Kettlebell Clean jest często używany jako przejściowy ruch do prasy lub przysiadu, jest to również cenne ćwiczenie siły i mocy same w sobie.Można go wykonywać w niskich zakresach powtórzeń w celu uzyskania siły lub wyższych zakresów REP w zakresie praktyki techniki lub wzrostu mięśni.",Strength Training,Hamstrings,Kettlebells,Beginner,8.6,Average
1320,Single-leg kettlebell deadlift,"Martwy ciąg jednoskut Kettlebell to odmiana martwego ciąży Kettlebell, w której jedna stopa pozostaje posadzona na ziemi, podczas gdy druga podnosi w powietrze na dole ruchu.Jest popularny w treningu do niższego ciała w zakresie budowania siły i mięśni, ale także trenuje równowagę, przyczepność i mięśnie podstawowe.",Strength Training,Hamstrings,Kettlebells,Intermediate,8.2,Average
1321,Romanian Deadlift with Kettlebell,,Strength Training,Hamstrings,Kettlebells,Beginner,8.0,Average
1322,Single-arm kettlebell swing,"Swing z jednym ramieniem kettlebell to popularne ćwiczenie podkreślające mięśnie ścięgna, pośladków i pleców.Ponieważ huśtacisz się tylko jednym ramieniem na raz, jest to również wyjątkowe wyzwanie dla mięśni przyczepności i rdzenia.Często jest używany do szkolenia mocy wybuchowej, do kondycjonowania aerobowego lub sercowo -naczyniowego lub treningu obwodowego.",Strength Training,Hamstrings,Kettlebells,Intermediate,7.4,Average
1323,Kettlebell Dead Clean,,Strength Training,Hamstrings,Kettlebells,Beginner,5.3,Average
1324,Alternating Hang Clean,,Strength Training,Hamstrings,Kettlebells,Beginner,4.9,Average
1325,One-Arm Open Palm Kettlebell Clean,,Strength Training,Hamstrings,Kettlebells,Beginner,0.0,
1326,Open Palm Kettlebell Clean,,Strength Training,Hamstrings,Kettlebells,Beginner,0.0,
1327,Kettlebell Hang Clean,,Strength Training,Hamstrings,Kettlebells,Beginner,0.0,
1328,Double Kettlebell Alternating Hang Clean,,Strength Training,Hamstrings,Kettlebells,Beginner,0.0,
1329,Romanian Deadlift With Dumbbells,"Sztywne nogie hantle norcowe skierowane są na ścięgna, pośladki, niskie i górne plecy, a także rdzeń.Celem sztywnych nogawek, w przeciwieństwie do rumuńskiego martwego ciągu z lekko zgiętymi kolanami, jest angażowanie ścięgna i niskiego stopnia w jeszcze większym stopniu.",Strength Training,Hamstrings,Dumbbell,Beginner,9.4,Average
1330,Stiff-Legged Dumbbell Deadlift,"Sztywne nogie hantle norcowe skierowane są na ścięgna, pośladki, niskie i górne plecy, a także rdzeń.Celem sztywnych nogawek, w przeciwieństwie do rumuńskiego martwego ciągu z lekko zgiętymi kolanami, jest angażowanie ścięgna i niskiego stopnia w jeszcze większym stopniu.",Strength Training,Hamstrings,Dumbbell,Intermediate,8.8,Average
1331,Vertical Swing,,HIIT,Hamstrings,Dumbbell,Beginner,7.5,Average
1332,Dumbbell Fix Dumbbell Swing,,Strength Training,Hamstrings,Dumbbell,Intermediate,,
1333,Dumbbell Lying Hamstring Curl,,Strength Training,Hamstrings,Dumbbell,Intermediate,,
1334,30 Legs Dumbbell Stiff-Legged Deadlift,,Strength Training,Hamstrings,Dumbbell,Intermediate,,
1335,Box jump,"Skok w pudełku jest wybuchowym ćwiczeniem, które wzmacnia mięśnie dolnej części ciała, w tym quady, pośladki, cielęta i ścięgna podkolanowe.Rozwijają także moc w dolnej części ciała, jednocześnie rozwijając tętno.Skoki pudełkowe można wykonać dla niskich powtórzeń, aby skupić się na sile i mocy lub dla wyższych powtórzeń do kondycjonowania metabolicznego.Większość trenerów zaleca ustępowanie, a nie zeskoczenie między powtórzeniami.",HIIT,Hamstrings,Other,Beginner,8.6,Average
1336,Box Jump (Multiple Response),"Skok w pudełku jest ćwiczeniem plyometrycznym, które wzmacnia mięśnie dolnej części ciała, w tym quady, pośladki, cielęta i ścięgna podkolanowe.Rozwijają także moc w dolnej części ciała, jednocześnie ożywiając tętno.",HIIT,Hamstrings,Other,Intermediate,8.1,Average
1337,Sled push-,"Push na sankach jest ćwiczeniem kondycjonującym, które są ukierunkowane na układ sercowo -naczyniowy i mięśnie dolnej części ciała.Polega na popchnięciu sań wzdłuż murawy lub innej płaskiej powierzchni w czasie lub odległości.W zależności od rodzaju sprzętu możesz naciskać uchwyty lub paski przed sankami.Może być używany jako część dynamicznego rozgrzewki lub do treningu energetycznego, jako finiszer lub jako część treningu lub obwodu.",Cardio,Hamstrings,Other,Beginner,7.4,Average
1338,Lying Hamstring,,Mobility and Stretching,Hamstrings,Other,Beginner,6.3,Average
1339,Chair Leg Extended Stretch,,Mobility and Stretching,Hamstrings,Other,Beginner,2.4,Average
1340,Suspended Leg Curl,,Strength Training,Hamstrings,Other,Beginner,0.0,Average
1341,Box Skip,,HIIT,Hamstrings,Other,Beginner,0.0,Average
1342,Power Stairs,,Strength Training,Hamstrings,Other,Beginner,0.0,Average
1343,Seated Hamstring and Calf Stretch,,Mobility and Stretching,Hamstrings,Other,Beginner,0.0,
1344,Hamstring slide,"Szkiełka ścięgna podkolanowego jest ćwiczeniem masy ciała ukierunkowanej na ścięgna podkolanowe.Leżąc na wznacie na gładkiej powierzchni, zegnij kolana, aby przyciągnąć oba obcasy do siebie.Poślizgowe działanie wymaga podkładki, szmatki lub suwaków meblowych pod piętami.Są one uważane za trudniejsze niż loki ścięgien ścięgien ćwiczeń i są świetnym ruchem podkładu przed ciężkimi przysiadami lub martwymi ciągami lub jako ruch akcesoriów później podczas treningu dolnego ciała.",Strength Training,Hamstrings,Other,Beginner,0.0,
1345,Seated Band Hamstring Curl,,Strength Training,Hamstrings,Other,Intermediate,0.0,
1346,Lying cable leg curl,"Loksyjna loki nogi to klasyczne ćwiczenie maszynowe do budowania większego rozmiaru i siły mięśni w ścięgnach podkolanowych.Łatwo się nauczyć, łatwo opanować i niewiele stawia na ryzyko obrażeń.Zazwyczaj wykonuje się to dla umiarkowanych do wysokich powtórzeń, co najmniej 8-12 powtórzeń na zestaw, w ramach treningu dolnego ciała.",Strength Training,Hamstrings,Cable,Intermediate,,
1347,Standing cable leg curl,"Stojący kabel nogi jest ćwiczeniem izolacyjnym dla ścięgien.Jest często stosowany jako odmiana maszyn lokalnych nóg i do pracy niezależnie.Zazwyczaj wykonuje się to dla umiarkowanych do wysokich powtórzeń, co najmniej 8-12 powtórzeń na zestaw, w ramach treningu dolnego ciała.",Strength Training,Hamstrings,Cable,Intermediate,,
1348,Lying Leg Curls,"Lokatle nogi to popularne ćwiczenie maszynowe dla nóg, zwłaszcza ścięgna podkolanowych.Jest podobny do siedzącego zwijania nóg, ale otwarty kąt biodra w leżącej nogi może zawierać więcej aktywacji pośladków i cielęcia.Zazwyczaj wykonuje się to dla umiarkowanych do wysokich powtórzeń, takich jak 8-12 powtórzeń na zestaw lub więcej, w ramach przedawnienia przed nogą lub jako ruch tworzenia mięśni do treningu dolnego ciała.",Strength Training,Hamstrings,Machine,Beginner,8.9,Average
1349,Glute Ham Raise,Podniesienie szynki pośladkowej jest ćwiczeniem ukierunkowanym na pośladki i ścięgna podkolanowe na GHD.,Strength Training,Hamstrings,Machine,Intermediate,8.4,Average
1350,Reverse Hyperextension,,Strength Training,Hamstrings,Machine,Beginner,8.0,Average
1351,Seated Leg Curl,"Curl nóg jest popularnym ćwiczeniem maszynowym nóg, szczególnie ścięgna podkolanowych.Występuje w odmianach siedzących i leżących, ale siedząca maszyna na nogi występuje częściej w komercyjnych siłowniach.Wariacje loków nóg są zwykle wykonywane dla umiarkowanych do wysokich powtórzeń, takich jak 8-12 powtórzeń na zestaw lub więcej, w ramach przedawnienia przed nogą lub jako ruch tworzenia mięśni do treningu dolnego ciała.",Strength Training,Hamstrings,Machine,Intermediate,7.9,Average
1352,Standing Leg Curl,,Strength Training,Hamstrings,Machine,Beginner,7.4,Average
1353,Smith machine stiff-legged deadlift,"Martwy ciąg w Smith Machine jest ćwiczeniem maszynowym ukierunkowanym na mięśnie ścięgna, pośladków i górnej części pleców.Smith Machine naśladuje sztangę, ale zapewnia większą stabilność.Ruch ten może być zaprogramowany jak tradycyjny martwy lub rumuński martwy ciąg, w niskich powtórzeniach dla siły lub wyższych powtórzeń dla wytrzymałości mięśni i siły.Często wykonuje się to dla umiarkowanych do wysokich powtórzeń, takich jak 8-12 powtórzeń na zestaw lub więcej, w ramach treningu całego ciała lub dolnego ciała.",Strength Training,Hamstrings,Machine,Beginner,7.0,Average
1354,Lying Leg Curl - Gethin Variation,"Lokatle nogi to popularne ćwiczenie maszynowe dla nóg, zwłaszcza ścięgna podkolanowych.Jest podobny do siedzącego zwijania nóg, ale otwarty kąt biodra w leżącej nogi może zawierać więcej aktywacji pośladków i cielęcia.Zazwyczaj wykonuje się to dla umiarkowanych do wysokich powtórzeń, takich jak 8-12 powtórzeń na zestaw lub więcej, w ramach przedawnienia przed nogą lub jako ruch tworzenia mięśni do treningu dolnego ciała.",Strength Training,Hamstrings,Machine,Intermediate,,
1355,Paul Carter Leg Extension,Przedłużenie nogi jest ćwiczeniem izolacyjnym dla quadów.,Strength Training,Hamstrings,Machine,Intermediate,,
1356,Lying leg curl,"Lokatle nogi to popularne ćwiczenie maszynowe dla nóg, zwłaszcza ścięgna podkolanowych.Jest podobny do siedzącego zwijania nóg, ale otwarty kąt biodra w leżącej nogi może zawierać więcej aktywacji pośladków i cielęcia.Zazwyczaj wykonuje się to dla umiarkowanych do wysokich powtórzeń, takich jak 8-12 powtórzeń na zestaw lub więcej, w ramach przedawnienia przed nogą lub jako ruch tworzenia mięśni do treningu dolnego ciała.",Strength Training,Hamstrings,Machine,Intermediate,,
1357,Seated Hamstring Curl - Gethin Variation,"Curl nóg jest popularnym ćwiczeniem maszynowym nóg, szczególnie ścięgna podkolanowych.Występuje w odmianach siedzących i leżących, ale siedząca maszyna na nogi występuje częściej w komercyjnych siłowniach.Wariacje loków nóg są zwykle wykonywane dla umiarkowanych do wysokich powtórzeń, takich jak 8-12 powtórzeń na zestaw lub więcej, w ramach przedawnienia przed nogą lub jako ruch tworzenia mięśni do treningu dolnego ciała.",Strength Training,Hamstrings,Machine,Intermediate,,
1358,Single-leg lying leg curl,"Klapa na nogach jednorazowych jest popularnym ćwiczeniem maszynowym dla nóg, szczególnie ścięgna podkolanowych.Jest podobny do siedzącego zwijania nóg, ale otwarty kąt biodra w leżącej nogi może zawierać więcej aktywacji pośladków i cielęcia.Zazwyczaj wykonuje się to dla umiarkowanych do wysokich powtórzeń, takich jak 8-12 powtórzeń na zestaw lub więcej, w ramach przedawnienia przed nogą lub jako ruch tworzenia mięśni do treningu dolnego ciała.Wykonanie go jednej nogi na raz pozwala skupić się na połączeniu z maskiem umysłu każdej nogi i zająć się nierównowagą mięśni.",Strength Training,Hamstrings,Machine,Intermediate,,
1359,Leg curl,"Curl nóg jest popularnym ćwiczeniem maszynowym nóg, szczególnie ścięgna podkolanowych.Występuje w odmianach siedzących i leżących, ale siedząca maszyna na nogi występuje częściej w komercyjnych siłowniach.Wariacje loków nóg są zwykle wykonywane dla umiarkowanych do wysokich powtórzeń, takich jak 8-12 powtórzeń na zestaw lub więcej, w ramach przedawnienia przed nogą lub jako ruch tworzenia mięśni do treningu dolnego ciała.",Strength Training,Hamstrings,Machine,Intermediate,,
1360,Leg Extension - Gethin Variation,Przedłużenie nogi jest ćwiczeniem izolacyjnym dla quadów.,Strength Training,Hamstrings,Machine,Intermediate,,
1361,Single-leg leg extension-,"Przedłużenie nogi z jednej nogi jest popularnym ćwiczeniem maszynowym dla nóg, zwłaszcza czworogłowego.Zazwyczaj wykonuje się to dla umiarkowanych do wysokich powtórzeń, takich jak 8-12 powtórzeń na zestaw lub więcej, w ramach przedawnienia przed nogą lub jako ruch tworzenia mięśni do treningu dolnego ciała.Wykonanie go jednej nogi na raz pozwala skupić się na połączeniu z maskiem umysłu każdej nogi i zająć się nierównowagą mięśni.",Strength Training,Hamstrings,Machine,Intermediate,,
1362,Lying Hamstring Curls - Gethin Variation,"Lokatle nogi to popularne ćwiczenie maszynowe dla nóg, zwłaszcza ścięgna podkolanowych.Jest podobny do siedzącego zwijania nóg, ale otwarty kąt biodra w leżącej nogi może zawierać więcej aktywacji pośladków i cielęcia.Zazwyczaj wykonuje się to dla umiarkowanych do wysokich powtórzeń, takich jak 8-12 powtórzeń na zestaw lub więcej, w ramach przedawnienia przed nogą lub jako ruch tworzenia mięśni do treningu dolnego ciała.",Strength Training,Hamstrings,Machine,Intermediate,,
1363,AM Seated Hamstring Curl,"Curl nóg jest popularnym ćwiczeniem maszynowym nóg, szczególnie ścięgna podkolanowych.Występuje w odmianach siedzących i leżących, ale siedząca maszyna na nogi występuje częściej w komercyjnych siłowniach.Wariacje loków nóg są zwykle wykonywane dla umiarkowanych do wysokich powtórzeń, takich jak 8-12 powtórzeń na zestaw lub więcej, w ramach przedawnienia przed nogą lub jako ruch tworzenia mięśni do treningu dolnego ciała.",Strength Training,Hamstrings,Machine,Intermediate,,
1364,UP Hamstring Curl,"Lokatle nogi to popularne ćwiczenie maszynowe dla nóg, zwłaszcza ścięgna podkolanowych.Jest podobny do siedzącego zwijania nóg, ale otwarty kąt biodra w leżącej nogi może zawierać więcej aktywacji pośladków i cielęcia.Zazwyczaj wykonuje się to dla umiarkowanych do wysokich powtórzeń, takich jak 8-12 powtórzeń na zestaw lub więcej, w ramach przedawnienia przed nogą lub jako ruch tworzenia mięśni do treningu dolnego ciała.",Strength Training,Hamstrings,Machine,Intermediate,,
1365,30 Legs Leg Extension,,Strength Training,Hamstrings,Machine,Intermediate,,
1366,30 Legs Seated Leg Curl,,Strength Training,Hamstrings,Machine,Intermediate,,
1367,Natural Glute Ham Raise,Podniesienie szynki pośladkowej jest ćwiczeniem ukierunkowanym na pośladki i ścięgna podkolanowe na GHD.,Strength Training,Hamstrings,Body Only,Beginner,9.1,Average
1368,Standing leg swing,"Huśtawka stojąca nogi to dynamiczne ćwiczenie rozciągające, które wymaga poruszania jednej nogi przed tobą, jakby chciał wyimaginować wyimaginowaną piłkę nożną.Jest to klasyczny ruch rozgrzewania ciała i rozciągania ścięgien.",Mobility and Stretching,Hamstrings,Body Only,Beginner,8.4,Average
1369,Linear Acceleration Wall Drill,,HIIT,Hamstrings,Body Only,Intermediate,8.3,Average
1370,Knee Tuck Jump,"Skok Tuck jest skokiem pionowym, wybuchowym ćwiczeniem dolnej części ciała, które jest powszechnym sposobem pomiaru wybuchowej siły bioder i dolnej części ciała u sportowców.Im bardziej wybuchowy jesteś, tym wyżej będziesz mógł skoczyć.",HIIT,Hamstrings,Body Only,Intermediate,8.1,Average
1371,Leg-Up Hamstring Stretch,,Mobility and Stretching,Hamstrings,Body Only,Intermediate,7.8,Average
1372,Inchworm,"Owśniacz jest popularnym ćwiczeniem masy ciała, które obejmuje „chodzenie” dłoni po podłodze z pochylonej pozycji u stóp w sklepie z prostą deską.Zazwyczaj jest to wykonywane jako część dynamicznego rozgrzewki, aby pomóc podnieść temperaturę ciała rdzeniowego i „upał” ciało od stóp do głów.",Mobility and Stretching,Hamstrings,Body Only,Beginner,7.5,Average
1373,Moving Claw Series,,HIIT,Hamstrings,Body Only,Intermediate,7.3,Average
1374,Lying groin stretch with band,"Leżąca odcinek pachwiny z opaską jest prostym sposobem na rozciągnięcie przewlekle ciasnej grupy mięśni dolnej części ciała.Jest to powszechne w klasach rozciągania i jogi, ale można go również wykonywać indywidualnie w ramach rozgrzewki, w połączeniu z ruchami podczas treningu lub w ramach strategii chłodnej lub odzyskiwania.",Mobility and Stretching,Hamstrings,Body Only,Intermediate,6.7,Average
1375,90/90 Hamstring,,Mobility and Stretching,Hamstrings,Body Only,Beginner,5.0,Average
1376,World's greatest stretch,"Największy odcinek na świecie to popularny ruch, który zasłużył na swoją nazwę, ponieważ celuje w wiele części ciała, w tym biodra, ramiona i kręgosłupa klatki piersiowej w jednej sekwencji.To sprawia, że ​​jest to świetna dynamiczna rozgrzewka, odcinek po treningu lub prace mobilności, które możesz wykonać w dowolnym momencie.",Mobility and Stretching,Hamstrings,Body Only,Intermediate,4.4,Average
1377,The Straddle,,Mobility and Stretching,Hamstrings,Body Only,Intermediate,4.3,Average
1378,Prone Manual Hamstring,,Strength Training,Hamstrings,Body Only,Intermediate,0.0,
1379,Knee To Chest,,Mobility and Stretching,Hamstrings,Body Only,Beginner,0.0,
1380,Hurdle Hops,,HIIT,Hamstrings,Body Only,Intermediate,0.0,
1381,Hip Stretch With Twist,,Mobility and Stretching,Hamstrings,Body Only,Beginner,0.0,
1382,Linear 3-Part Start Technique,,HIIT,Hamstrings,Body Only,Intermediate,0.0,
1383,Alternating Leg Swing,,Mobility and Stretching,Hamstrings,Body Only,Beginner,0.0,
1384,Single-leg balance and reach,"Bilans i zasięg jednorazowy to ćwiczenie, które koncentruje się na sile i stabilności dolnej części ciała.",Mobility and Stretching,Hamstrings,Body Only,Beginner,0.0,
1385,High Kick,,Mobility and Stretching,Hamstrings,Body Only,Beginner,0.0,Average
1386,Boss Everline 10-Yard Sprints,,Strength Training,Hamstrings,Body Only,Intermediate,,
1387,Standing hamstring stretch,"Odcinek ścięgna ścięgna stojącego to ćwiczenie, które rozciąga ścięgna podkolanowe, mięśnie pokrywające tył uda.Polega na zapętlaniu opaski wokół jednej stopy, a następnie pociągnięciu go, co powoduje intensywny odcinek w ścięgnach podkolanowych.Można go wykonywać przed treningiem dolnej części ciała lub uprawianiem sportu lub jako odcinka odbudowującego w dowolnym momencie.",Mobility and Stretching,Hamstrings,Body Only,Intermediate,,
1388,Reverse lunge,"Odwrotne lunge to ćwiczenie dolnego ciała ukierunkowane na quady, pośladki i ścięgna podkolanowe.Odwrotne longe kłamią większy nacisk na pośladki niż inne odmiany Lunge.",Mobility and Stretching,Hamstrings,Body Only,Intermediate,,
1389,HM Alternating Cross Lunge,,Strength Training,Hamstrings,Body Only,Intermediate,,
1390,HM Alternating Front Kick,,Strength Training,Hamstrings,Body Only,Intermediate,,
1391,HM World's Greatest Stretch,,Mobility and Stretching,Hamstrings,Body Only,Intermediate,,
1392,HM Alternating Sprawl Kick-Through,,Strength Training,Hamstrings,Body Only,Intermediate,,
1393,HM Alternating Step-Back,,Strength Training,Hamstrings,Body Only,Intermediate,,
1394,HM Alternating Step-Up With Chair,,Strength Training,Hamstrings,Body Only,Intermediate,,
1395,HM Right Knee-Up,,Strength Training,Hamstrings,Body Only,Intermediate,,
1396,HM Low Lunge With External Twist,,Strength Training,Hamstrings,Body Only,Intermediate,,
1397,HM Ninja Crawl,,Strength Training,Hamstrings,Body Only,Intermediate,,
1398,HM Pigeon Stretch,,Strength Training,Hamstrings,Body Only,Intermediate,,
1399,Single-Leg Deadlift Walk,,Strength Training,Hamstrings,Body Only,Intermediate,,
1400,Total Fitness Hamstring Slide,"Szkiełka ścięgna podkolanowego jest ćwiczeniem masy ciała ukierunkowanej na ścięgna podkolanowe.Leżąc na wznacie na gładkiej powierzchni, zginasz kolana, aby przyciągnąć oba obcasy do siebie.Poślizgowe działanie wymaga podkładki, szmatki lub suwaków meblowych pod piętą.Są one uważane za trudniejsze niż loki ścięgna podkolanowego i są doskonałym ruchem podkładu przed ciężkimi przysiadami lub martwymi ciągami lub jako ruch akcesoriów później podczas treningu dolnego ciała.",Strength Training,Hamstrings,Body Only,Intermediate,,
1401,30 Legs Walking Lunge,,Strength Training,Hamstrings,Body Only,Intermediate,,
1402,Glute ham raise-,"Podniesienie szynki pośladkowej jest ćwiczeniem ukierunkowanym na pośladki i ścięgna podkolanowe na GHD lub ławce deweloperów szynki pośladkowej.Bez asystej wersji ruchu wymaga poważnej siły ścięgna podkolanowego, więc częściej występują wersje, które używają pasma lub rurki PVC w celu uzyskania pomocy.Jest to powszechnie wykonywane jako ruch akcesoriów do ciężkich wyciągów sztanowych.Podczas gdy pojedynczy przedstawiciel może być początkowo walką, z czasem silni sportowcy mogą gromadzić się na 8-12 powtórzeń na zestaw.",Strength Training,Hamstrings,,Beginner,9.1,Average
1403,Lying hamstring stretch with band,"Leżący ścięgno podkolanowy z opaską jest prostym sposobem na rozciągnięcie przewlekle ciasnej grupy mięśni dolnej części ciała.Jest to powszechne w klasach rozciągania i jogi, ale można go również wykonywać indywidualnie w ramach rozgrzewki, w połączeniu z ruchami podczas treningu lub w ramach strategii chłodnej lub odzyskiwania.",Mobility and Stretching,Hamstrings,,Beginner,5.9,Average
1404,Upper Back-Leg Grab,,Mobility and Stretching,Hamstrings,,Beginner,5.4,Average
1405,Seated Hamstring,,Mobility and Stretching,Hamstrings,,Beginner,5.3,Average
1406,Alternating lunge jump,"Alternating Lunge Jump to wybuchowe ćwiczenie masy ciała, które są ukierunkowane na mięśnie dolnej części ciała, w tym quady, pośladki i ścięgna podkolanowe.Można go wykonywać dla czasu lub powtórzeń w treningu energetycznym, a także skutecznie w każdym treningu skoncentrowanym na tłuszczu lub atletyzmie.",Mobility and Stretching,Hamstrings,,Beginner,4.2,Average
1407,Runner's Stretch,,Mobility and Stretching,Hamstrings,,Intermediate,3.6,Average
1408,Exercise ball leg curl,"Krężniczka nóg do ćwiczeń to ćwiczenie ukierunkowane na ścięgna podkolanowe.W szczególności jest skierowany do funkcji zgięcia kolana ścięgien, w przeciwieństwie do odmian martwych, które ukierunkowały na drugą funkcję ścięgna podkolanowego, zgięcie bioder.Wielu podnośników decyduje się na to ćwiczenie, gdy nie mają dostępu do maszyny do leżącej nogi, ale warto rozważyć, nawet jeśli już radzisz sobie maszynowe.",Strength Training,Hamstrings,Exercise Ball,Intermediate,8.8,Average
1409,Ball Hamstring Hat Trick,"Krężniczka nóg do ćwiczeń to ćwiczenie ukierunkowane na ścięgna podkolanowe.W szczególności jest skierowany do funkcji zgięcia kolana ścięgien, w przeciwieństwie do odmian martwych, które ukierunkowały na drugą funkcję ścięgna podkolanowego, zgięcie bioder.Wielu podnośników decyduje się na to ćwiczenie, gdy nie mają dostępu do maszyny do leżącej nogi, ale warto rozważyć, nawet jeśli już robisz loki maszynowe.",Strength Training,Hamstrings,Exercise Ball,Intermediate,,
1410,Band-assisted pull-up,"Pull-up wspomagane opaską jest odmianą ćwiczenia podciągania, w którym powtórzenia są wykonywane z elastycznym opaską zapętloną wokół stóp lub kolan.Zmniejsza to wagę i opór u dołu reprezentacji, jednocześnie zwiększając ją w kierunku góry.Podobnie jak inne odmiany podciągania, buduje siłę i mięśnie w górnej części pleców, biceps i rdzeniu, i jest często używany jako sposób, aby pomóc ludziom zwiększyć liczbę podciągnięć lub wykonać swój pierwszy przedstawiciel.",Strength Training,Lats,Bands,Intermediate,7.6,Average
1411,Assisted Chin-Up,"Podbródek do odwrotnego chwytu to odmiana ćwiczeń podciągania, w której powtórzenia są wykonywane z dłoniami skierowanymi w kierunku ciała, w pozycji podstępnej, z opaską zapętloną wokół stopów lub kolan.Zmniejsza to wagę i opór u dołu reprezentacji, jednocześnie zwiększając ją w kierunku góry.Podobnie jak inne odmiany podciągania, buduje siłę i mięsień w górnej części pleców, biceps i rdzeniu, ale wykorzystuje biceps nieco bardziej niż podciąganie wspomagane pasmem.",Strength Training,Lats,Bands,Beginner,0.0,Average
1412,UN Band Assisted Pull-up Pronated,,Strength Training,Lats,Bands,Intermediate,,
1413,UN Band Assisted Pull-up Neutral,,Strength Training,Lats,Bands,Intermediate,,
1414,UN Band Assisted Pull-up Supinated,,Strength Training,Lats,Bands,Intermediate,,
1415,FYR2 Monster Band Face-Pull Hold,,Strength Training,Lats,Bands,Intermediate,,
1416,Single-arm band low row,"Niski wiersz pasma jednoramiennego to jedna ramowa odmiana rzędu wykorzystująca opaskę do oporu, która jest zakotwiczona niska.Kieruje się na mięśnie środkowego pleców, takie jak Lats (Latissimus dorsi) i romboids, ale także rdzeń.Zazwyczaj wykonuje się to dla umiarkowanych do wysokich powtórzeń, co najmniej 8-15 powtórzeń na zestaw, w późniejszych etapach treningu pleców lub górnego ciała.",Strength Training,Lats,Bands,Intermediate,,
1417,Latissimus dorsi SMR,"Latissimus Dorsi Samofatialne uwalnianie (SMR) to samozadowolenie tkanki miękkiej dla górnej części ciała, zwykle przy użyciu wałka piankowego, kulki lacrosse lub innego narzędzia do masażu „Punkt wyzwalającego”.Strategicznie wywierając presję na mięśnie LAT w połowie pleców, niektórzy uważają, że mogą spowodować, że tak często bolesny i ciasny obszar się zrelaksował lub „uwolnić”.Latissimus dorsi SMR często towarzyszy SMR na piersiach lub romboidach lub przez rozciągania skierowane do Lats.",Mobility and Stretching,Lats,Foam Roll,Intermediate,4.7,Average
1418,Bent-arm barbell pull-over,"Pull-ramię zgięta była podstawowym ćwiczeniem „złotej ery” kulturystyki i ulubieńcem samego Arnolda Schwarzeneggera.Wykonane właściwie, ćwiczenie jest skierowane do mięśni przednich PEC, LATS i Serratus.Oldschoolowe kulturystyki wykonywaliby je z lekkimi ciężarami dla zestawów 20 między zestawami ciężkich przysiadów 20-powtórnych, ale pull-over są dziś bardziej popularne w umiarkowanych zakresach powtórzeń, takich jak 8-12 powtórzeń na zestaw, jako część górnej części górnego-trening ciała.",Strength Training,Lats,Barbell,Intermediate,8.0,Average
1419,Barbell pull-over to press,"Pobranie sztangi do prasy to kompleks, który łączy dwa popularne ćwiczenia w jedną sekwencję, która pracuje znaczna część górnej części ciała, szczególnie klatka piersiowa, triceps i mięśnie przednie Serratus.Jest to powszechnie wykonywane z paskiem EZ, ale można go również wykonać za pomocą pręta prostego lub neutralnego chwytania.Ponieważ ciągnięcie określi ilość wagi, której możesz użyć, ten ruch jest zwykle wykonywany dla umiarkowanych do wysokich powtórzeń, takich jak 8-12 powtórzeń na zestaw lub więcej, w ramach części treningu górnego ciała.",Strength Training,Lats,Barbell,Beginner,0.0,
1420,Single-arm barbell bent-over row,"Zgrywająco zgięte ramionowe rząd to ćwiczenie sztangowe skupione na mięśniach środkowego pleców, takich jak Lats (Latissimus dorsi) i romboids.Kieruje się również na biceps i chwyt.Jeśli luźny koniec sztangi porusza się, można go zabezpieczyć, umieszczając go w rogu pokoju.",Strength Training,Lats,Barbell,Intermediate,,
1421,Reverse Barbell Row,,Strength Training,Lats,Barbell,Intermediate,,
1422,Side kick-through to kettlebell high pull,"Pokrycie boczne do Kettlebell High Pull to połączenie popularnych ćwiczeń w masie ciała i wybuchowego ruchu kettlebell.Między nimi parowanie celuje w pułapki, ramiona, rdzeń, biodra, ścięgna podkolanowe i pośladki.Ta kombinacja może być wykonywana przez czas lub dla powtórzeń, często jako trening w stylu obwodowym w celu kondycjonowania lub utraty tłuszczu.",Strength Training,Lats,Kettlebells,Intermediate,,
1423,FYR2 Alternating Kettlebell Snatch,,Strength Training,Lats,Kettlebells,Intermediate,,
1424,FYR2 Alternating Kettlebell Swing,,Strength Training,Lats,Kettlebells,Intermediate,,
1425,FYR2 American Kettlebell Swing,,Strength Training,Lats,Kettlebells,Intermediate,,
1426,FYR2 Double-Kettlebell Standing Clean,,Strength Training,Lats,Kettlebells,Intermediate,,
1427,FYR2 Kettlebell Swing High Pull,,Strength Training,Lats,Kettlebells,Intermediate,,
1428,FYR2 Kettlebell Swing-Clean-Press Combo,,Strength Training,Lats,Kettlebells,Intermediate,,
1429,FYR2 Kettlebell Swing-Clean-Press-Row Combo,,Strength Training,Lats,Kettlebells,Intermediate,,
1430,FYR2 Single-Arm Kettlebell Clean,,Strength Training,Lats,Kettlebells,Intermediate,,
1431,FYR2 Single-Arm Kettlebell Swing,,Strength Training,Lats,Kettlebells,Intermediate,,
1432,PJR pull-over-,"Pull-over PJR jest skoncentrowaną przez triceps wersję ćwiczenia ciągnięcia, zwykle wykonywaną na płaskiej lub lekko nachylonej ławce.Niska pozycja ruchu rozciąga triceps - szczególnie długą głowę mięśnia - podczas gdy górna pozycja to prasa tricepsowa, która kurczy wszystkie trzy głowy.Można to wykonać w każdym rodzaju treningu siłowym lub skoncentrowanym na mięśniach, w tradycyjnych zakresach powtórzeń budowania mięśni, takich jak 8-12 powtórzeń lub dla wyższych powtórzeń.",Strength Training,Lats,Dumbbell,Intermediate,,
1433,Dumbbell seal row,"Rząd pieczęci hantli jest ważonym ćwiczeniem ukierunkowanym na mięśnie środkowego pleców, w tym Lats (Latissimus dorsi) i romboids.Można go wykonać na specjalnej podwyższonej ławce, na ławce umieszczonej na pudełkach lub ławkach lub na ławce z lekkim nachyleniem.Im wyższy ławka, tym większy zakres ruchu i rozciąganie na dnie ruchu.Zwykle wykonuje się to jako ruch pomocy dla siły pleców i wzrostu mięśni, w zakresie powtórzeń 8-12 powtórzeń na zestaw lub wyższy.",Strength Training,Lats,Dumbbell,Intermediate,,
1434,Incline Dumbbell Row - Gethin Variation,Rząd hantli pochyłej to ćwiczenie izolacji górnej części ciała skierowanego do dolnych lats i mięśni górnej części pleców.,Strength Training,Lats,Dumbbell,Intermediate,,
1435,FYR Bent-Over Dumbbell Row,"Gięty rząd hantli jest popularnym ćwiczeniem do rozwijania i wzmacniania mięśni górnego i środkowego pleców, takich jak Latissimus (Lat), dolny trapez i tylne naramienniki.Może działać równie dobrze pod względem siły, budowania mięśni lub treningów tłuszczowych w stylu obwodu.",Strength Training,Lats,Dumbbell,Intermediate,,
1436,Straight-Arm Dumbbell Pull-Over - Gethin Variation,"Pull-onpull-over proste ramię było podstawowym ćwiczeniem złotej ery kulturystyki i ulubieńcem samego Arnolda Schwarzeneggera.Wykonane właściwie ćwiczenie uderza w dno PEC, Lats, ABS i Triceps.",Strength Training,Lats,Dumbbell,Intermediate,,
1437,Bent-Over Dumbbell Row - Gethin Variation,"Gięty rząd hantli jest popularnym ćwiczeniem do rozwijania i wzmacniania mięśni górnego i środkowego pleców, takich jak Latissimus (Lat), dolny trapez i tylne naramienniki.Może działać równie dobrze pod względem siły, budowania mięśni lub treningów tłuszczowych w stylu obwodu.",Strength Training,Lats,Dumbbell,Intermediate,,
1438,Bent-over dumbbell rear delt fly,"Tylna mucha deltowa giętej deltu jest popularnym ćwiczeniem górnego ciała, które są ukierunkowane na mięśnie z tyłu stawu barkowego, w szczególności tylnej głowicy naramiennej.Ponieważ ruchy prasowe budują przód i (w mniejszym stopniu) boczne główki naramienne, ten ruch jest często wykonywany w celu promowania zrównoważonego rozwoju barku.Zazwyczaj wykonuje się to dla wysokich powtórzeń, takich jak 10-15 powtórzeń na zestaw lub więcej, w ramach treningu barku lub górnego ciała.",Strength Training,Lats,Dumbbell,Intermediate,,
1439,Band Resisted Dumbbell Row,,Strength Training,Lats,Dumbbell,Intermediate,,
1440,Holman Right Arm Weighted Half Jack,,Strength Training,Lats,Dumbbell,Intermediate,,
1441,Holman Left Arm Weighted Half Jack,,Strength Training,Lats,Dumbbell,Intermediate,,
1442,Holman Renegade Row,,Strength Training,Lats,Dumbbell,Intermediate,,
1443,Holman Renegade Row with Opposite Foot Step-Out,,Strength Training,Lats,Dumbbell,Intermediate,,
1444,Holman Renegade Row to Weighted Burpee,,Strength Training,Lats,Dumbbell,Intermediate,,
1445,Holman Weighted Double-Arm Cross Punch,,Strength Training,Lats,Dumbbell,Intermediate,,
1446,Holman Standing Flat Back Row,,Strength Training,Lats,Dumbbell,Intermediate,,
1447,Total Fitness Dumbbell Isometric Row Hold,"Gięty rząd hantli jest popularnym ćwiczeniem do rozwijania i wzmacniania mięśni górnego i środkowego pleców, takich jak Latissimus (Lat), dolny trapez i tylne naramienniki.Może działać równie dobrze pod względem siły, budowania mięśni lub treningów tłuszczowych w stylu obwodu.",Strength Training,Lats,Dumbbell,Intermediate,,
1448,Dumbbell renegade row,"Rząd Renegade Hantle łączy wiosłowanie i trening podstawowy w jeden trudny ruch.Jest popularny pod względem wydajnym w czasie siły i treningów budowania mięśni, a także w treningu w stylu obwodowym.",Strength Training,Lats,Dumbbell,Intermediate,,
1449,MetaBurn Bent-Over Row to Rear-Delt Raise,,Strength Training,Lats,Dumbbell,Intermediate,,
1450,FYR2 Bent-Over Reverse Fly,,Strength Training,Lats,Dumbbell,Intermediate,,
1451,Weighted pull-up,"Ważone podciąganie jest bardziej zaawansowaną odmianą ćwiczeń podciągania, w której podnośnik zwiększa ich ciało.Opcje dodawania wagi obejmują pas do zanurzenia, ważoną kamizelkę, łańcuchy, hantle umieszczone między stopami lub nogami lub zapętlanie kettlebell nad stopą.Podobnie jak inne odmiany podciągania, ważony podciąganie buduje siłę i mięsień w górnej części pleców, biceps i rdzeniu.",Strength Training,Lats,Other,Intermediate,9.5,Average
1452,Rocky Pull-Ups/Pulldowns,,Strength Training,Lats,Other,Beginner,9.0,Average
1453,Gironda Sternum Chins,,Strength Training,Lats,Other,Beginner,8.5,Average
1454,Floor rope climb,"Wspinaczka liny podłogowej jest ćwiczeniem, które obejmuje wykonanie częściowej liny wspinaczkowej w podatnej pozycji z stopami na podłodze.Może pomóc w przygotowaniu kogoś na pełne wspinaczki linowe, ale także trenuje mięśnie pleców, bicepsów i uścisku.Można to zrobić dla czasu lub powtórzeń.",Strength Training,Lats,Other,Beginner,7.0,Average
1455,Overhead Lat,,Mobility and Stretching,Lats,Other,Beginner,1.0,Average
1456,Around-the-world pull-up,"Pull-up wokół świata to bardziej zaawansowana wersja klasycznego podciągnięcia.Koncentruje się bardziej bezpośrednio na poszczególnych ramionach lub bokach pleców, jednocześnie zwiększając czas pod napięciem u góry każdego powtórzenia.Może być stosowany jako postęp w kierunku podciągania jednoramiennego lub po prostu jako sposób na zwiększenie wyzwania i różnorodności treningu podciągania.",Strength Training,Lats,Other,Beginner,0.0,
1457,L-sit chin-up,"Podbródek L-SIT to ćwiczenie ukierunkowane na plecy, biceps, rdzeń i ogólną siłę górnego ciała.Jest to uważane za znacznie trudniejsze niż standardowe podbródki i jako takie jest często wykonywane dla stosunkowo niskich powtórzeń, takich jak 5-8 powtórzeń na zestaw lub mniej, z naciskiem na siłę i formę.",Strength Training,Lats,Other,Beginner,0.0,
1458,Back Flyes - Gethin Variation,"Odwrotna mucha hantli nachylenia to ćwiczenie górnego ciała skierowane do tylnych lub tylnych naramienników, a także mięśnie posturalne górnego tyłu.Ponieważ celuje w tak małe mięśnie, ćwiczenie to jest zwykle wykonywane z lekką wagą dla wysokich powtórzeń, takich jak 10-15 powtórzeń na zestaw lub więcej.",Strength Training,Lats,Other,Intermediate,,
1459,Incline straight-arm pull-over,"Pochylenie prosto na ramię jest ćwiczeniem na górnym ciele skierowanym do klatki piersiowej i Lats (Latissimus dorsi).Wykonanie go na ławce nachyleniu podkreśla w szczególności odcinek klatki piersiowej.Jeśli ten ruch powoduje ból z przodu ramion, wykonaj go z bardziej ograniczonym zakresem ruchu lub spróbuj zamiast tego za pomocą wysokiego stosu kablowego.Odmiany ciągnięcia są zwykle wykonywane dla umiarkowanych do wysokich powtórzeń, takich jak 8-12 powtórzeń na zestaw lub więcej, w ramach treningu klatki piersiowej lub tylnej.",Strength Training,Lats,Other,Intermediate,,
1460,Machine high row,"Maszyna High Row to ćwiczenie maszynowe ukierunkowane na mięśnie tylne, w tym Lats, Rhomboids oraz pułapki środkowe i dolne.Zbliża się do ruchu rzędu swobodnego, ale wykorzystuje maszynę do przełączonego stosu ciężarowego lub obciążenia płytą.Wiele takich maszyn pozwala również wybierać między różnymi uchwytami i szerokościami przyczepności.Rzędy maszynowe są często wykonywane dla umiarkowanych do wysokich powtórzeń, takich jak 8-12 powtórzeń na zestaw lub więcej, w ramach części treningu skoncentrowanego na górnej lub tylnej części.",Strength Training,Lats,Other,Intermediate,,
1461,AM T-Bar Row,,Strength Training,Lats,Other,Intermediate,,
1462,Assisted Single-Arm Pull-Up,,Strength Training,Lats,Other,Expert,,
1463,Assisted Single-Arm Chin-Up,,Strength Training,Lats,Other,Expert,,
1464,Holman Renegade Punch-Under,,Strength Training,Lats,Other,Intermediate,,
1465,Holman Renegade Row to Split Jump,,Strength Training,Lats,Other,Intermediate,,
1466,Holman Dirty Dog to Renegade Row,,Strength Training,Lats,Other,Intermediate,,
1467,Holman Renegade Row to Side Punch to Forward Punch,,Strength Training,Lats,Other,Intermediate,,
1468,Standing dumbbell knee crunch,"Stojący chrupnięcie kolan hantli to świetny sposób na trenowanie mięśni brzucha podczas wstania.Ponadto naraziki są objęte, ponieważ podnośnik trzyma parę hantli nad głową.",Strength Training,Lats,Other,Intermediate,,
1469,Close-grip pull-down,"Zamknięte rozwinięcie się to odmiana wyciągnięcia LAT, która jest wykonywana z przyczepem i dłoni nieco bliżej niż szerokość ramion.Zwiększa to zakres ruchu poza szersze uchwyty i może zwiększyć czas pod napięciem w każdym powtórzeniu.Ta zmiana jest zwykle wykonywana dla umiarkowanych do wysokich powtórzeń w ramach treningu pleców lub górnego ciała.",Strength Training,Lats,Cable,Intermediate,8.9,Average
1470,Shotgun row,"Rząd strzelby to odmiana rzędu jednoramiennego z wykorzystaniem stosu kablowego w rozłożonej postawie.Kieruje się na mięśnie środkowego pleców, takie jak Lats (Latissimus dorsi) i romboids, ale także rdzeń.Zazwyczaj wykonuje się to w przypadku umiarkowanych do wysokich odpadów, co najmniej 8-15 powtórzeń na zestaw, w późniejszych etapach treningu pleców lub górnego ciała.",Strength Training,Lats,Cable,Intermediate,8.9,Average
1471,Close-Grip Front Lat Pulldown,"Zamknięte rozwinięcie się to odmiana rozciągnięcia LAT, działającej maszyny do ćwiczeń, która jest wszechobecna na siłowni na całym świecie.Ten konstruktor jest łatwy w nauce i wysoce skuteczny, co pozwala na zmienną opór w zależności od miejsca umieszczania szpilki w stosie.",Strength Training,Lats,Cable,Intermediate,8.8,Average
1472,Straight-arm rope pull-down,"Pokonanie liny prostej ramię to odmiana wyciągnięcia prostego ramienia Lat wykonanego za pomocą maszyny do stosu kablowego i uchwytu linowego.Można go wykonać w atletycznej pozycji pionowej, albo lekko zgięte.Zarówno rozciąga się, jak i kurczy mięśnie LATS (Latissimus dorsi), a także zapewnia dodatkową aktywację innych mięśni górnej części pleców i rdzenia.Ponieważ triceps są również izometrycznie zaangażowane w ruch, zwykle wykonuje się go dla wyższych powtórzeń, takich jak 8-15 powtórzeń lub więcej.",Strength Training,Lats,Cable,Intermediate,8.7,Average
1473,Lat pull-down,"Rozciągnięcie LAT to ćwiczenie kablowe, które jest wszechobecne na siłowni na całym świecie.Ten konstruktor jest łatwy w nauce i bardzo skuteczny w budowaniu wielkości i siły.Zazwyczaj jest szkolony w umiarkowanych do wysokich powtórzeniach, takich jak 8-12 powtórzeń na zestaw.Jeśli siła przyczepności jest ograniczeniem, możesz nosić paski na nadgarstek.",Strength Training,Lats,Cable,Intermediate,8.6,Average
1474,Straight-Arm Pulldown,"Wyprowadzony pręt z prostego ramienia to odmiana wyciągnięcia prostego ramienia, wykonanego za pomocą komputera z stosem kablowym.Można go wykonać w atletycznej pozycji pionowej, albo lekko zgięte.Zarówno rozciąga się, jak i kurczy mięśnie LATS (Latissimus dorsi), a także zapewnia dodatkową aktywację innych mięśni górnej części pleców i rdzenia.Ponieważ triceps są również izometrycznie zaangażowane w ruch, zwykle wykonuje się go dla wyższych powtórzeń, takich jak 8-15 powtórzeń lub więcej.",Strength Training,Lats,Cable,Intermediate,8.3,Average
1475,Single-arm kneeling lat pull-down,"Jedno ramionowe klęczący LAT to odmiana ćwiczeń LAT, które wykonało jedno ramię na raz, z kolanami na ziemi, zamiast siedzieć na ławce lub maszynie.Ma wszystkie te same zalety wyciągnięcia LAT wykonanego na ławce lub maszynie, oprócz zapewnienia dalszej aktywacji do rdzenia i dolnego korpusu.",Strength Training,Lats,Cable,Beginner,8.3,Average
1476,Elevated Cable Rows,"Kabel siedzący jest popularnym ćwiczeniem do trenowania mięśni górnej części pleców, w tym Lats (Latissimus dorsi), pułapek, romboidów i tylnych deltoidów za pomocą stosu kablowego.W mniejszym stopniu celuje w biceps.Rząd kablowy może działać dobrze w różnych ramach reprezentacji, ale jest najbardziej popularny w treningach budowania mięśni lub jako ruch akcesoriów do treningów siłowych.",Strength Training,Lats,Cable,Beginner,8.3,Average
1477,Full Range-Of-Motion Lat Pulldown,,Strength Training,Lats,Cable,Beginner,8.1,Average
1478,Kneeling lat pull-down,"Kneeling Lat rozciągnięta jest odmianą ćwiczeń Lat wykonanych z kolanami na ziemi, a nie siedzącą na ławce lub maszynie.Ma wszystkie te same zalety wyciągnięcia LAT wykonanego na ławce lub maszynie, oprócz zapewnienia dalszej aktywacji do rdzenia i dolnego korpusu.",Strength Training,Lats,Cable,Intermediate,7.9,Average
1479,Behind-the-neck pull-down,"Pokrycie zakulisowe to ćwiczenie kablowe mające na celu ukierunkowanie mięśni górnego i środkowego pleców.Jeśli masz wymaganą mobilność barku, może pomóc w ukierunkowaniu mięśni górnej części pleców, w tym trapezu i romboidów, a także lats (Latissimus gorsi).Jest popularny wśród elitarnych kulturystów i sportowców z sylwetki, ale niektórzy trenerzy uważają, że jest to niebezpieczne dla stawu barkowego, szczególnie w przypadku osób z istniejącymi problemami z ramionami.",Strength Training,Lats,Cable,Intermediate,7.1,Average
1480,Straight-arm cable pull-over,"Wyciąganie kabla prostego jest ćwiczeniem, które koncentruje się na mięśniach Lats (Latissimus dorsi) i klatce piersiowej za pomocą stosu kablowego i płaskiej ławki.Jest najczęściej stosowany dla wyższych powtórzeń, takich jak 10-15 lub więcej, w treningach budowania mięśni.Jest to również skuteczny substytut wyciągania hantli lub maszyny do ciągnięcia, jeśli nie masz do nich dostępu lub nasilają ramiona.",Strength Training,Lats,Cable,Intermediate,,
1481,Cable Straight-Arm Pulldown - Gethin Variation,"Wyprowadzony pręt z prostego ramienia to odmiana wyciągnięcia prostego ramienia, wykonanego za pomocą komputera z stosem kablowym.Można go wykonać w atletycznej pozycji pionowej, albo lekko zgięte.Zarówno rozciąga się, jak i kurczy mięśnie LATS (Latissimus dorsi), a także zapewnia dodatkową aktywację innych mięśni górnej części pleców i rdzenia.Ponieważ triceps są również izometrycznie zaangażowane w ruch, zwykle wykonuje się go dla wyższych powtórzeń, takich jak 8-15 powtórzeń lub więcej.",Strength Training,Lats,Cable,Intermediate,,
1482,Rope Lat Pull-down - Gethin Variation,"Zamknięte rozwinięcie się to odmiana rozciągnięcia LAT, działającej maszyny do ćwiczeń, która jest wszechobecna na siłowni na całym świecie.Ten konstruktor jest łatwy w nauce i wysoce skuteczny, co pozwala na zmienną opór w zależności od miejsca umieszczania szpilki w stosie.",Strength Training,Lats,Cable,Intermediate,,
1483,Straight-Arm Pull-Down - Gethin Variation,"Wyprowadzony pręt z prostego ramienia to odmiana wyciągnięcia prostego ramienia, wykonanego za pomocą komputera z stosem kablowym.Można go wykonać w atletycznej pozycji pionowej, albo lekko zgięte.Zarówno rozciąga się, jak i kurczy mięśnie LATS (Latissimus dorsi), a także zapewnia dodatkową aktywację innych mięśni górnej części pleców i rdzenia.Ponieważ triceps są również izometrycznie zaangażowane w ruch, zwykle wykonuje się go dla wyższych powtórzeń, takich jak 8-15 powtórzeń lub więcej.",Strength Training,Lats,Cable,Intermediate,,
1484,High-cable standing row,"Stojący rząd jest ćwiczeniem ukierunkowanym na LATS.Wysoka pozycja pozwala również na większe zaangażowanie górnej części pleców, w szczególności Rhomboids i Teres Major.",Strength Training,Lats,Cable,Intermediate,,
1485,Lat Pull-down - Gethin Variation,"Lat rozciąga się na kablową maszynę do ćwiczeń, która jest wszechobecna na siłowni na całym świecie.Ten konstruktor jest łatwy w nauce i wysoce skuteczny, co pozwala na zmienną opór w zależności od miejsca umieszczania szpilki w stosie.",Strength Training,Lats,Cable,Intermediate,,
1486,Wide-Grip Lat Pull-Down - Gethin Variation,"Lat rozciąga się na kablową maszynę do ćwiczeń, która jest wszechobecna na siłowni na całym świecie.Ten konstruktor jest łatwy w nauce i wysoce skuteczny, co pozwala na zmienną opór w zależności od miejsca umieszczania szpilki w stosie.",Strength Training,Lats,Cable,Intermediate,,
1487,Behind-The-Neck Pull-Down - Gethin Variation,"Pokrycie zakulisowe to ćwiczenie kablowe mające na celu ukierunkowanie mięśni górnego i środkowego pleców.Jeśli masz wymaganą mobilność ramion, może pomóc w ukierunkowaniu mięśni górnej części pleców, w tym trapezu i romboidów, a także lats (Latissimus dorsi).Jest popularny wśród elitarnych kulturystów i sportowców z sylwetki, ale niektórzy trenerzy uważają za niebezpieczne dla stawu barkowego, w szczególności dla osób z istniejącymi problemami z ramionami.",Strength Training,Lats,Cable,Intermediate,,
1488,Single-Arm Cable Row - Gethin Variation,"Rząd siedzący z jednoramiennym kablem to wersja ruchu rzędu kablowego, który trenuje mięśnie górnego tyłu po drugiej stronie.Kieruje się na szeroką gamę mięśni, w tym Lats (Latissimus gorsi), pułapki, romboidów i tylnych naramienników, a także biceps.Rząd jednoramienny może działać dobrze w różnych obokachach, ale jest najbardziej popularny w treningach budujących mięśnie lub jako ruch akcesoriów do treningów siłowych.",Strength Training,Lats,Cable,Intermediate,,
1489,Scapular Rows,,Strength Training,Lats,Cable,Intermediate,,
1490,Standing V-Grip Cable Rows,,Strength Training,Lats,Cable,Intermediate,,
1491,AM Close-Grip Pull-Down,"Zamknięte rozwinięcie się to odmiana rozciągnięcia LAT, działającej maszyny do ćwiczeń, która jest wszechobecna na siłowni na całym świecie.Ten konstruktor jest łatwy w nauce i wysoce skuteczny, co pozwala na zmienną opór w zależności od miejsca umieszczania szpilki w stosie.",Strength Training,Lats,Cable,Intermediate,,
1492,AM Wide-Grip Pull-Down,"Lat rozciąga się na kablową maszynę do ćwiczeń, która jest wszechobecna na siłowni na całym świecie.Ten konstruktor jest łatwy w nauce i wysoce skuteczny, co pozwala na zmienną opór w zależności od miejsca umieszczania szpilki w stosie.",Strength Training,Lats,Cable,Intermediate,,
1493,UP Lat Pull-Down,"Lat rozciąga się na kablową maszynę do ćwiczeń, która jest wszechobecna na siłowni na całym świecie.Ten konstruktor jest łatwy w nauce i wysoce skuteczny, co pozwala na zmienną opór w zależności od miejsca umieszczania szpilki w stosie.",Strength Training,Lats,Cable,Intermediate,,
1494,Reverse-grip lat pull-down,"Odwrotne rozciąganie LAT to zmienność LAT, która jest bardziej skierowana do niższych lats niż przyczepność.Ponieważ dłonie są stosunkowo blisko siebie, zwiększa również zakres ruchu poza rozciągniętą odmianami szerokiej chwytu.Można go wykonać dla niskich powtórzeń, takich jak 5-6 na zestaw, dla siły pleców lub dla wyższych powtórzeń dla wielkości.",Strength Training,Lats,Machine,Intermediate,8.5,Average
1495,Machine seated row,"Rząd siedzący maszyna jest popularnym ćwiczeniem ukierunkowanym na mięśnie pleców, zwłaszcza Lats (Latissimus dorsi), romboidów oraz środkowego i dolnego trapeza.Istnieje szeroka gama maszyn do siedzenia, ale większość z nich przybliża ruch swobodnego rzędu, ale w pozycji skierowanej do przodu.Zmiany wierszy maszynowych są często wykonywane dla umiarkowanych do wysokich powtórzeń, takich jak 8-12 powtórzeń na zestaw lub więcej, w ramach części treningu skoncentrowanego na górnej części lub wstecz.",Strength Training,Lats,Machine,Beginner,8.4,Average
1496,Machine-assisted pull-up,"Pull-up wspomagane maszynowo wymaga klasycznego ćwiczenia z tyłu i dodaje pomocy, aby ruch był łatwiejszy niż wersja masy ciała.Ilość pomocy można łatwo zmienić, przesuwając szpilkę w stosie.Podczas gdy niektórzy ludzie używają tej odmiany jako substytutu podciągnięć lub jako ćwiczenia pomocy podciągnięć, jest to również skuteczne jako sposób na wykonywanie ruchu podciągania w tradycyjnych zakresach budowania mięśni.Ta zmiana jest często wykonywana dla umiarkowanych do wysokich powtórzeń, takich jak 8-12 powtórzeń na zestaw lub więcej, w ramach treningu z udziałem górnej części ciała lub wstecznego.",Strength Training,Lats,Machine,Beginner,8.2,Average
1497,Single-arm pull-down,"Pociągnięcie jednoramienne to odmiana wyciągnięcia LAT, która jest wykonywana jedno ramię na raz, zwykle z uchwytem w kształcie litery D i stosem kablowym.Wielu podnośników uważa, że ​​czują, że mięśnie LAT (Latissimus Dorsi) działają lepiej z wariantami jednoramiennymi.",Strength Training,Lats,Machine,Intermediate,7.3,Average
1498,Chest-Supported Smith Machine Row - Gethin Variation,,Strength Training,Lats,Machine,Intermediate,,
1499,Single-arm machine high row,"Maszyna jednoramienna High Row to ćwiczenie maszynowe ukierunkowane na mięśnie tylne, w tym Lats, Rhomboids oraz pułapki środkowe i dolne.Zbliża się do ruchu rzędu swobodnego, ale wykorzystuje maszynę do przełączonego stosu ciężarowego lub obciążenia płytą.Wiele takich maszyn pozwala również wybierać między różnymi uchwytami i szerokościami przyczepności.Rzędy maszynowe są często wykonywane dla umiarkowanych do wysokich powtórzeń, takich jak 8-12 powtórzeń na zestaw lub więcej, w ramach części treningu skoncentrowanego na górnej lub tylnej części.",Strength Training,Lats,Machine,Intermediate,,
1500,Machine Pull-Over - Gethin Variation,,Strength Training,Lats,Machine,Intermediate,,
1501,Seated Machine Row - Gethin Variation,"Rząd siedzący maszyna jest ćwiczeniem skierowanym do mięśni tylnych, podkreślającego od średnią do górnej części.",Strength Training,Lats,Machine,Intermediate,,
1502,Wide-Grip Machine Row,,Strength Training,Lats,Machine,Intermediate,,
1503,King Maker Lat Pull-Down,"Lat rozciąga się na kablową maszynę do ćwiczeń, która jest wszechobecna na siłowni na całym świecie.Ten konstruktor jest łatwy w nauce i wysoce skuteczny, co pozwala na zmienną opór w zależności od miejsca umieszczania szpilki w stosie.",Strength Training,Lats,Machine,Intermediate,,
1504,Robertson Half-Kneeling Landmine Press,,Strength Training,Lats,Machine,Intermediate,,
1505,Pullups,"Podciąganie jest wielootorowym ćwiczeniem masy ciała, które buduje siłę i mięśnie w górnej części pleców, biceps i rdzeniu.Jest często stosowany jako narzędzie pomiarowe w wojskowych lub taktycznych testach sprawności i jest doskonałym miernikiem „siły względnej”, która jest siłą w stosunku do masy ciała.",Strength Training,Lats,Body Only,Intermediate,9.2,Average
1506,Pull-up,"Podciąganie jest wielostoponowym ćwiczeniem masy ciała, które buduje siłę i mięśnie w górnej części pleców, bicepsów i rdzenia.Jest często stosowany jako narzędzie pomiarowe w wojskowych lub taktycznych testach sprawności i jest doskonałym miernikiem „względnej siły”, która jest siłą w stosunku do masy ciała.",Strength Training,Lats,Body Only,Beginner,8.9,Average
1507,Muscle Up,,Strength Training,Lats,Body Only,Intermediate,8.9,Average
1508,Rope climb,"Wspinaczka linowa to ćwiczenie, które jest powszechnie stosowane w treningach CrossFit i jako test siły górnej części ciała.Został nawet zakwestionowany na Igrzyskach Olimpijskich na początku XX wieku.Kieruje się szerokim zakresem mięśni górnej części ciała, w tym rąk i przedramion, ramion, bicepsów, lats (Latissimus dorsi) i rdzenia.",Strength Training,Lats,Body Only,Intermediate,8.7,Average
1509,Wide-Grip Rear Pull-Up,,Strength Training,Lats,Body Only,Beginner,8.7,Average
1510,Side To Side Chins,,Strength Training,Lats,Body Only,Intermediate,8.4,Average
1511,Neutral-grip pull-up,"Neutralne podciąganie to wielostopniowe ćwiczenie masy ciała, w którym powtórzenia są wykonywane z dłoniami skierowanymi do siebie.Podobnie jak inne odmiany podciągania, buduje siłę i mięśnie w górnej części pleców, biceps i rdzeniu.Może być używany jako bardziej przyjazna dla ramion alternatywa dla podciągnięć prosto lub do pomocy w wykonywaniu większej liczby powtórzeń, niż możesz wykonać przepaść.",Strength Training,Lats,Body Only,Intermediate,8.2,Average
1512,Kipping Muscle Up,,Strength Training,Lats,Body Only,Intermediate,7.2,Average
1513,One Arm Against Wall,,Mobility and Stretching,Lats,Body Only,Intermediate,5.8,Average
1514,One Handed Hang,"Koszyka jednoramienna to ćwiczenie statyczne, które obejmuje zwisanie z baru jedną ręką.Jest to zaawansowane ćwiczenie wiszące, które wymaga ponadprzeciętnej stabilności barku i siły przyczepności i może nie być odpowiednie dla niektórych osób.Jeśli jednak ktoś jest wystarczająco silny i stabilny, aby go wykonać, ruch może pomóc w budowaniu tych samych cech.",Mobility and Stretching,Lats,Body Only,Intermediate,3.6,Average
1515,Standing side bend stretch,"Odcinek zakrętu stojącego jest rozciągającym ćwiczeniem ukierunkowanym na skośne, mięśnie biegające wzdłuż boku rdzenia.Jest to powszechne włączenie do dynamicznych rozgrzewek dla górnej części ciała, ale można go również wykonać, aby pomóc „Limber Up” w przypadku podnoszenia lub lekkoatletyki w dowolnym momencie.",Mobility and Stretching,Lats,Body Only,Intermediate,3.2,Average
1516,Burpee to pull-up,"Burpee do podciągnięcia to odmiana burpee w masie ciała, w której skok na górę każdego przedstawiciela prowadzi do podciągania.Jest popularny w treningach w stylu obwodów i MetCon.",HIIT,Lats,Body Only,Intermediate,0.0,
1517,Negative pull-up,"Negatywne podciąganie jest wielostoponowym ćwiczeniem masy ciała, które koncentruje się na zaledwie połowie tradycyjnego podciągnięcia: obniżonej, ekscentrycznej lub „negatywnej” części.Ponieważ mięśnie są silniejsze ekscentrycznie niż koncentrycznie, wiele osób może wykonywać negatywy, nawet jeśli nie mogą wykonywać pełnych podciągnięć.Z tego powodu jest to popularne narzędzie szkoleniowe, które pomaga ludziom zdobyć pierwszy przedstawiciel podciągnięcia lub jako ćwiczenie wycofujące się po pełnym podciągnięciu.",Strength Training,Lats,Body Only,Intermediate,0.0,Average
1518,Chin-Up,"Podbródek to odmiana ćwiczenia podciągania, w którym powtórzenia są wykonywane z dłoniami skierowanymi w kierunku ciała, w pozycji podstępnej, z uchwytem, ​​który jest węższy niż szerokość ramion.Podobnie jak inne odmiany podciągania, buduje siłę i mięsień w górnej części pleców, biceps i rdzeniu, ale wykorzystuje biceps nieco bardziej niż podciągania.Może być używany jako bardziej przyjazna dla ramion alternatywa dla podciągnięć prosto lub do pomocy w wykonywaniu większej liczby powtórzeń, niż możesz wykonać przepaść.",Strength Training,Lats,Body Only,Intermediate,,
1519,HM Superman Lat Pull,,Strength Training,Lats,Body Only,Intermediate,,
1520,AM Pull-Up,"Podciąganie jest wielootorowym ćwiczeniem masy ciała, które buduje siłę i mięśnie w górnej części pleców, biceps i rdzeniu.Jest często stosowany jako narzędzie pomiarowe w wojskowych lub taktycznych testach sprawności i jest doskonałym miernikiem „siły względnej”, która jest siłą w stosunku do masy ciała.",Strength Training,Lats,Body Only,Intermediate,,
1521,UP Chin-Up,,Strength Training,Lats,Body Only,Intermediate,,
1522,Holman Alternating Forward and Side Punch,,Strength Training,Lats,Body Only,Intermediate,,
1523,Jump to pull-up,"Skok do podciągania jest ćwiczeniem masy ciała, które są ukierunkowane na mięśnie pleców, biceps i, w mniejszym stopniu nogi.Obejmuje to przeskoczenie do podciągnięcia między przedstawicielami.Podobnie jak pchanie, nogi pomagają zasilać najtrudniejszą część podciągania, pozwalając na wykonanie większej liczby powtórzeń.Podciągania skaczące są często wykonywane dla umiarkowanych do wysokich powtórzeń, takich jak 8-12 powtórzeń na zestaw lub więcej, jako akcesorium do innego treningu ciągnego lub podciągania lub jako ruch pełnego ciała w obwodzie lub MetCon.",Strength Training,Lats,Body Only,Intermediate,,
1524,Bent-over scapular slide,"Zadańca zgięta jest ćwiczeniem górnego ciała, które pomaga w mobilności szkaplerza i barku.Jest powszechnie wykonywany dla czasu lub powtórzeń w ramach dynamicznego rozgrzewki dla górnej części ciała.",Strength Training,Lats,Body Only,Intermediate,,
1525,Iron cross stretch,"Odcinek żelaza to odcinek masy ciała, który koncentruje się na ruchliwości bioder i piersiowej kręgosłupa.",Strength Training,Lats,Body Only,Intermediate,,
1526,Total Fitness Standing Lat Stretch,,Strength Training,Lats,Body Only,Intermediate,,
1527,King Maker Pull-Up,"Podciąganie jest wielootorowym ćwiczeniem masy ciała, które buduje siłę i mięśnie w górnej części pleców, biceps i rdzeniu.Jest często stosowany jako narzędzie pomiarowe w wojskowych lub taktycznych testach sprawności i jest doskonałym miernikiem „siły względnej”, która jest siłą w stosunku do masy ciała.",Strength Training,Lats,Body Only,Intermediate,,
1528,Medicine ball slam,"Slam Ball Slam jest wybuchowym ćwiczeniem dla rozwijania mocy, siły i prędkości.Przepracowane mięśnie obejmują brzuch, nogi, triceps, ramiona i lats.Slamy są zwykle wykonywane szybko, aby ukończyć jeden zestaw.Może to być również element treningu obwodu skoncentrowanego na mocy lub atletyzmie.",HIIT,Lats,Medicine Ball,Intermediate,7.9,Average
1529,Catch and Overhead Throw,,HIIT,Lats,Medicine Ball,Beginner,5.8,Average
1530,FYR2 Bent-Over Medicine Ball Slam,,Strength Training,Lats,Medicine Ball,Intermediate,,
1531,Dynamic Back Stretch,,Mobility and Stretching,Lats,,Beginner,4.8,Average
1532,Chair Lower Back Stretch,,Mobility and Stretching,Lats,,Beginner,3.2,Average
1533,Side-Lying Floor Stretch,,Mobility and Stretching,Lats,,Beginner,1.0,Average
1534,Band good morning-,Zespół Good Morning to ćwiczenie skierowane do ścięgna i pośladków.Często występuje w szkoleniu w stylu podnoszenia mocy dla wysokich powtórzeń lub w miejscu dobrych poranków.,Strength Training,Lower Back,Bands,Intermediate,,
1535,FYR2 Monster Banded Good Morning,,Strength Training,Lower Back,Bands,Intermediate,,
1536,Band deadlift,"Martwy ciąg opaski jest ćwiczeniem dolnej części ciała, które głównie atakuje ścięgna podkolanowe, jednocześnie przynosząc korzyści pośladkom i latsowi przy użyciu odpowiedniego ruchu bioder.",Strength Training,Lower Back,Bands,Intermediate,,
1537,Lower back SMR,"Uwalnianie samozaprzyku dolnej części pleców (SMR) to samozadowolenie zabieg miękki, zwykle przy użyciu wałka piankowego, kulki lacrosse lub innego narzędzia do masażu „Punkt wyzwalania”.Strategicznie wywierając ciśnienie na mięśnie kwadratowe lub erector kręgosłupa (erector kręgosłup) dolnej części pleców, niektórzy uważają, że mogą one spowodować, że ten często bolesny i ciasny obszar się rozluźnij lub „uwolnienie”.SMR dolnej części pleców często towarzyszą SMR na mięśniach pośladkowych lub piriformis lub odcinkach skierowanych do piriformis lub bioder.Jednak niektórzy uważają, że SMR u dolnej części pleców może pogorszyć istniejący ból lub obrażenia, więc zachowaj ostrożność podczas jego wykonywania.",Mobility and Stretching,Lower Back,Foam Roll,Intermediate,4.5,Average
1538,Barbell deficit deadlift,"Martwy ciąg z deficytem Barbell jest złożonym ćwiczeniem ukierunkowanym na łańcuch tylny.Jest powszechnie wykorzystywany do treningu podnoszenia mocy, aby zbudować siłę z podłogi, ale jest także skutecznym ruchem budowania mięśni dla pośladków i ścięgien.Zazwyczaj wykonuje się go z lżejszą wagą i być może w przypadku wyższych powtórzeń, niż tradycyjne martwe ciąg.Jeśli sprawiają, że bolą się, zmniejsz deficyt i/lub noś pasek ciężarów.",Strength Training,Lower Back,Barbell,Beginner,9.4,Average
1539,Deadlift with Bands,,Strength Training,Lower Back,Barbell,Beginner,8.7,Average
1540,Deadlift with Chains,,Strength Training,Lower Back,Barbell,Beginner,8.6,Average
1541,Rack Pull with Bands,,Strength Training,Lower Back,Barbell,Beginner,8.5,Average
1542,Rack pull,"Pull stojak jest odmianą martwego ciąży wykonanego z podwyższonej wysokości, używając pudeł, pinów bezpieczeństwa lub bezpieczeństwa w przysiadach.Kieruje się na te same mięśnie, co martwy ciąg, w tym pośladki, ścięgna, górna część pleców, dolna część pleców i uchwyt.Można go użyć do wzmocnienia martwego blokady, ale także jako martwą alternatywę dla osób, które nie mogą martwy ciąg z podłogi bez bólu.",Strength Training,Lower Back,Barbell,Intermediate,8.3,Average
1543,Seated Good Mornings,,Strength Training,Lower Back,Barbell,Beginner,8.1,Average
1544,Stiff Leg Barbell Good Morning,,Strength Training,Lower Back,Barbell,Beginner,8.1,Average
1545,Reverse Band Deadlift,,Strength Training,Lower Back,Barbell,Beginner,0.0,Average
1546,Paul Carter Romanian Deadlift,"Martwy nogami szt. Brilellów jest skierowany do ścięgna, pośladków, dolnej i górnej części pleców, a także rdzenia.Jest to popularny ruch akcesoriów dla martwego ciąży, ale także ruch ścięgna podkolanowego.",Strength Training,Lower Back,Barbell,Intermediate,,
1547,TBS Good Morning,"Dzień dobry, jest ćwiczeniem atakującym pośladkę, ścięgno podkolanowe i rozwój dolnej części pleców.Często jest szkolony jako ruch akcesoriów do martwego ciąży, ale ma również wartość samodzielnie.Czasami jest wykonywany dla powtórzeń w tradycyjnych zakresach powtórzeń skoncentrowanych na sile, takich jak 5-8 powtórzeń na zestaw, ale ze względu na ryzyko stawiane do dolnej części pleców, rzadko traktuje się jako maksymalne podnoszenie pojedynczej reprezentacji.",Strength Training,Lower Back,Barbell,Intermediate,,
1548,TBS Romanian Deadlift,"Martwy nogami szt. Brilellów jest skierowany do ścięgna, pośladków, dolnej i górnej części pleców, a także rdzenia.Jest to popularny ruch akcesoriów dla martwego ciąży, ale także ruch ścięgna podkolanowego.",Strength Training,Lower Back,Barbell,Intermediate,,
1549,Barbell deadlift-,"Martwy rzut sztangowy jest złożonym ćwiczeniem stosowanym do rozwinięcia ogólnej wytrzymałości i wielkości w łańcuchu tylnym.Jest to winda konkurencyjna w sporcie podnoszenia mocy, ale jest również uważane za klasyczny punkt odniesienia ogólnej siły.Podczas wykonywania dłoni przed kolanami często nazywany jest „konwencjonalnym” martwym ciągiem.Kiedy stopy są szerokie, a dłonie są w kolanach, jest to martwy ciąg Sumo.",Strength Training,Lower Back,Barbell,Intermediate,,
1550,Deadlift - Gethin Variation,"Martwy rzut sztangowy jest złożonym ćwiczeniem stosowanym do rozwinięcia ogólnej wytrzymałości i wielkości w łańcuchu tylnym.Jest to winda konkurencyjna w sporcie podnoszenia mocy, ale jest również uważane za klasyczny punkt odniesienia ogólnej siły.Podczas wykonywania dłoni przed kolanami często nazywany jest „konwencjonalnym” martwym ciągiem.Kiedy stopy są szerokie, a dłonie są w kolanach, jest to martwy ciąg Sumo.",Strength Training,Lower Back,Barbell,Intermediate,,
1551,Barbell good morning,"Dzień dobry, jest ćwiczeniem atakującym pośladkę, ścięgno podkolanowe i rozwój dolnej części pleców.Często jest szkolony jako ruch akcesoriów do martwego ciąży, ale ma również wartość samodzielnie.Czasami jest wykonywany dla powtórzeń w tradycyjnych zakresach powtórzeń skoncentrowanych na sile, takich jak 5-8 powtórzeń na zestaw, ale ze względu na ryzyko stawiane do dolnej części pleców, rzadko traktuje się jako maksymalne podnoszenie pojedynczej reprezentacji.",Strength Training,Lower Back,Barbell,Intermediate,,
1552,UP Conventional Deadlift,"Martwy rzut sztangowy jest złożonym ćwiczeniem stosowanym do rozwinięcia ogólnej wytrzymałości i wielkości w łańcuchu tylnym.Jest to winda konkurencyjna w sporcie podnoszenia mocy, ale jest również uważane za klasyczny punkt odniesienia ogólnej siły.Podczas wykonywania dłoni przed kolanami często nazywany jest „konwencjonalnym” martwym ciągiem.Kiedy stopy są szerokie, a dłonie są w kolanach, jest to martwy ciąg Sumo.",Strength Training,Lower Back,Barbell,Intermediate,,
1553,30 Day Back Barbell Rack Pull,,Strength Training,Lower Back,Barbell,Intermediate,,
1554,FYR Sumo Deadlift High Pull,"Martwy ciąg w Kettlebell Sumo High Cull to dynamiczne ćwiczenie kettlebell, które koncentruje się na mięśniach tylnego łańcucha, w tym na ścięgnach, pośladkach, pułapkach, tylnych deltach i górnej części pleców.Można to zrobić w niższych powtórzeniach w celu uzyskania mocy lub siły lub wyższych powtórzeń w celu kondycjonowania i utraty tłuszczu.Może to być również element treningu kettlebell w stylu obwodu, zarówno w przypadku czasu lub powtórzeń.",Strength Training,Lower Back,Kettlebells,Intermediate,,
1555,Kettlebell deadlift,"Martwy ciąg Kettlebell to fundamentalny ruch w szkoleniu Kettlebell.Często uczy się go jako gromadzenia się lub regresji huśtawki kettlebell, a także poinstruować ruch „zawiasu biodrowego” w bardziej przystępny sposób niż z sztangą.",Strength Training,Lower Back,Kettlebells,Intermediate,,
1556,HM Kettlebell Swing,,Strength Training,Lower Back,Kettlebells,Intermediate,,
1557,KV Romanian Deadlift with Kettlebell,,Strength Training,Lower Back,Kettlebells,Intermediate,,
1558,FYR2 Kettlebell Good Morning,,Strength Training,Lower Back,Kettlebells,Intermediate,,
1559,FYR2 Kettlebell Romanian Deadlift,,Strength Training,Lower Back,Kettlebells,Intermediate,,
1560,FYR2 Kettlebell Staggered-Stance Deadlift,,Strength Training,Lower Back,Kettlebells,Intermediate,,
1561,Dumbbell Fix Dumbbell Deadlift,,Strength Training,Lower Back,Dumbbell,Intermediate,,
1562,Dumbbell skier,"Jak sama nazwa wskazuje, narciarz hantli bierze ruch narciarski i zastępuje słupy hantlami.Ruch biodra i tułowia jest podobny do huśtawki kettlebell, podobnie jak mięśnie, które są ukierunkowane, w tym ścięgna, pośladki, górne plecy i uchwyt.Jednak w przeciwieństwie do tradycyjnego huśtawki kettlebell ramiona są poza kolanami.Ruch ten może być wykonywany przez czas lub dla przedstawicieli, ale zwykle jest wykonywany dla stosunkowo wysokich powtórzeń, takich jak 8-12 zestawów na powtórzenie lub więcej, w ramach obwodu lub treningu skoncentrowanego na tłuszczu lub atletyzmie.",Strength Training,Lower Back,Dumbbell,Intermediate,,
1563,TBS Dumbbell Romanian Deadlift,"Sztywne nogie hantle norcowe skierowane są na ścięgna, pośladki, niskie i górne plecy, a także rdzeń.Celem sztywnych nogawek, w przeciwieństwie do rumuńskiego martwego ciągu z lekko zgiętymi kolanami, jest angażowanie ścięgna i niskiego stopnia w jeszcze większym stopniu.",Strength Training,Lower Back,Dumbbell,Intermediate,,
1564,Stiff-Legged Dumbbell Deadlift - Gethin Variation,"Sztywne nogie hantle norcowe skierowane są na ścięgna, pośladki, niskie i górne plecy, a także rdzeń.Celem sztywnych nogawek, w przeciwieństwie do rumuńskiego martwego ciągu z lekko zgiętymi kolanami, jest angażowanie ścięgna i niskiego stopnia w jeszcze większym stopniu.",Strength Training,Lower Back,Dumbbell,Intermediate,,
1565,UNS Dumbbell Romanian Deadlift,,Strength Training,Lower Back,Dumbbell,Intermediate,,
1566,Holman Slow Deadlift,,Strength Training,Lower Back,Dumbbell,Intermediate,,
1567,Holman Deadlift to Overhead Press,,Strength Training,Lower Back,Dumbbell,Intermediate,,
1568,Holman Staggered-Stance Deadlift,,Strength Training,Lower Back,Dumbbell,Intermediate,,
1569,Holman Deadlift to Front Raise,,Strength Training,Lower Back,Dumbbell,Intermediate,,
1570,Holman Deadlift to Chest Press,,Strength Training,Lower Back,Dumbbell,Intermediate,,
1571,Holman Deadlift to Squat Thrust,,Strength Training,Lower Back,Dumbbell,Intermediate,,
1572,Holman Deadlift to Biceps Curl,,Strength Training,Lower Back,Dumbbell,Intermediate,,
1573,Dumbbell kickstand deadlift,"Martwy ciąg kopania hantli to ruch ukierunkowany na mięśnie ścięgna, pośladków i pleców.Pozycja kopalnia może pomóc skupić się na rozciągnięciu i skurczu na każdej nodze, podobnie jak jednorazowy rumuński martwy ciąg, jednocześnie prezentując mniej wyzwania równowagi.Można go wykonywać w niskich powtórzeniach, takich jak 5-8 powtórzeń na zestaw, w celu wzmocnienia łańcucha tylnego lub dla wyższych powtórzeń dla wzrostu mięśni.",Strength Training,Lower Back,Dumbbell,Intermediate,,
1574,Single-leg stiff-legged deadlift to row,"W martwym nogach jednorazowych na jednorazowy nogawki do rzędu wymaga dwóch popularnych ruchów siły i łączy je w jeden blaster całego ciała.Pomiędzy martwym ciągiem a rzędem będziesz atakować pośladki, ścięgna podkolanowe, quady, tylne i biceps.Ponieważ równowaga może być wyzwaniem, ruch ten odbywa się zwykle przy stosunkowo lekkich ciężarach dla wysokich powtórzeń, takich jak 8-12 powtórzeń na zestaw lub więcej.",Strength Training,Lower Back,Dumbbell,Intermediate,,
1575,FYR2 Dumbbell Deadlift,,Strength Training,Lower Back,Dumbbell,Intermediate,,
1576,FYR2 Dumbbell Deadlift to Dumbbell Upright Row,,Strength Training,Lower Back,Dumbbell,Intermediate,,
1577,Atlas Stones,,Strength Training,Lower Back,Other,Intermediate,9.5,Average
1578,Axle Deadlift,,Strength Training,Lower Back,Other,Beginner,9.1,Average
1579,Atlas Stone Trainer,,Strength Training,Lower Back,Other,Beginner,6.4,Average
1580,Partner Flat-Bench Back Extension,"Partner Bench Back Extension jest sprytnym sposobem wykonania tego ćwiczenia, które pracuje erektorami kręgosłupa w dolnej części pleców.Istnieją maszyny i urządzenia kątowe, które pozwalają temu ćwiczeniu wykonać solo;Ale brakuje ich, wszystko, czego potrzebujesz, to ławka i partner treningowy.",Strength Training,Lower Back,Other,Beginner,0.0,
1581,Keg Load,,Strength Training,Lower Back,Other,Beginner,0.0,Average
1582,Partner bench back extension,"Partner Bench Back Extension to sprytny sposób ukierunkowania na pośladki i mięśnie erektora kręgosłupa.Istnieją maszyny i kątowe ławki, które umożliwiają wykonywanie tego ćwiczenia solo, ale brakuje ich, wszystko, czego potrzebujesz, to ławka i partner treningowy.Zwykle odbywa się to dla wysokich powtórzeń jako ruch wypalenie lub akcesoria do treningu dolnego ciała.",Strength Training,Lower Back,Other,Beginner,0.0,
1583,Rack Pull - Gethin Variation,"Pull stojak jest odmianą martwego ciąży wykonanego z podwyższonej wysokości, używając pudeł, pinów bezpieczeństwa lub bezpieczeństwa w przysiadach.Kieruje się na te same mięśnie, co martwy ciąg, w tym pośladki, ścięgna, górna część pleców, dolna część pleców i uchwyt.Można go używać do wzmocnienia martwej blokady, ale także jako martwą alternatywę dla osób, które nie mogą martwy ciąg z podłogi bez bólu.",Strength Training,Lower Back,Other,Intermediate,,
1584,Hex Bar Deadlift - Gethin Variation,"Martwy ciąg sześciokątny to różnorodne martwe ciągi wykonywane w sześciokątnej sztangach znanym również jako bar pułapki.Pasek jest trzymany z równoległym (dłoniami) uchwytem na zewnątrz nóg.Biomechanicalnie różni się od martwego entuka sztangowego, ponieważ ustawia się z środkiem ciężkości podnośnika, zamiast umieszczać go przed ich ciałem.Martwy ciąg pułapki można trenować w zakresie tradycyjnej siły i zasięgu powtórzeń skoncentrowanych na mięśniach lub dla wyższych powtórzeń.Aktywuje wszystkie te same grupy mięśni, co martwe ciągłe lub sumo, w tym pośladki, quady, ścięgna podkolanowe, dolna część pleców, Lats, górna część pleców i chwyt.",Strength Training,Lower Back,Other,Intermediate,,
1585,Holman Deadlift,,Strength Training,Lower Back,Other,Intermediate,,
1586,ACFT Low-handle trap bar deadlift,"Martwy ciąg w pułapce niskiej rękojeści to różnorodne martwe ciągi wykonywane w sześciokątnej sztangi znanej również jako bar pułapki.To konkretne ćwiczenie jest częścią nowego testu fitness armii lub ACFT.Pasek jest trzymany z równoległym (dłoniami) uchwytem na zewnątrz nóg.Biomechanicalnie różni się od martwego ciąży sztangi, ponieważ ustawia się z środkiem grawitacji podnośnika, zamiast kłaść ciężar przed ich ciałem.Aktywuje wszystkie te same grupy mięśni, co martwe ciągłe lub sumo, w tym pośladki, quady, ścięgna podkolanowe, dolne plecy, Lats, górna część pleców i chwyt.",Strength Training,Lower Back,Other,Intermediate,,
1587,Neutral-grip lat pull-down,"Neutral-Grip Lat rozciąga się, to odmiana wyciągnięcia LAT, która wykorzystuje uchwyt z neutralnym (dłoniami skierowanymi).Ten układ pomaga budować szerokość LAT i celować w górne Lats.Ruch ten jest zwykle wykonywany dla umiarkowanych do wysokich powtórzeń, takich jak 8-12 na zestaw lub wyższy, w ramach treningu skoncentrowanego na górnym ciele lub wstecznym.",Strength Training,Lower Back,Cable,Intermediate,,
1588,Seated cable deadlift,"Martwy ciąg kabli to wersja martwego lub ruchu zawiasu biodrowego, który jest wykonywany na siedzącym maszynie do rzędu kablowego.Podobnie jak w martwym nogach lub przedłużeniu 45 stopni, celuje w mięśnie dolnej części pleców, a także pośladki i górne tył w mniejszym stopniu.Zazwyczaj jest wykorzystywany w wyższych zakresach powtórzeń, co najmniej 8-12 powtórzeń na zestaw, w dniu budowania mięśni skoncentrowanych na tylnej części lub jako podnoszenie akcesoriów w celu wzmocnienia dolnej części pleców.",Strength Training,Lower Back,Cable,Intermediate,,
1589,Cable stiff-legged deadlift,"Martwy Ćwiczenie z sztywnym nogami kabla jest ćwiczeniem dolnej części ciała, które głównie atakuje ścięgna podkolanowe, a jednocześnie korzysta z pośladków przy użyciu odpowiedniego ruchu biodrowego.",Strength Training,Lower Back,Cable,Intermediate,,
1590,Single-leg cable stiff-legged deadlift,"Martwy Ćwiczenie z sztywnym nogawkiem z jednorazową nogą jest ćwiczeniem dolnej części ciała, które głównie atakuje ścięgna podkolanowe, a jednocześnie korzysta z pośladków przy użyciu odpowiedniego ruchu biodrowego.Szkolenie jednej nogi na raz pozwala na opracowanie nierównowagi.",Strength Training,Lower Back,Cable,Intermediate,,
1591,UNS Banded Dumbbell Romanian Deadlift,,Strength Training,Lower Back,Cable,Intermediate,,
1592,Seated Back Extension,,Strength Training,Lower Back,Machine,Beginner,8.2,Average
1593,Back extension,"Rozszerzenie tylnej jest ćwiczeniem stosowanym do budowania siły dolnej części pleców, które również ukierunkowuje ścięgna podkolanowe i pośladki.Często występuje na 45 stopni z zakotwiczonymi stopami.Nieważne przedłużenia wsteczne są często wykonywane dla wysokich powtórzeń, takich jak 15-20 powtórzeń lub więcej, ale ruch można również wykonać z dodatkową wagą w niższych zakresach powtórzeń, takich jak 8-12 powtórzeń na zestaw.",Strength Training,Lower Back,Body Only,Intermediate,9.1,Average
1594,Hyperextensions With No Hyperextension Bench,,Strength Training,Lower Back,Body Only,Beginner,8.8,Average
1595,Superman,"Superman jest ćwiczeniem masy ciała, które składa się z izometrycznych holdów w przedłużonej pozycji kręgosłupa.Kieruje się na mięśnie tylnego łańcucha, w tym mięśnie pośladków, erekcji kręgosłupa i górnej części pleców.Może być wykonywany jako część dynamicznego rozgrzewki lub aktywacji mięśni lub mobilności w dowolnym momencie.",Mobility and Stretching,Lower Back,Body Only,Intermediate,8.3,Average
1596,Hug A Ball,,Mobility and Stretching,Lower Back,Body Only,Intermediate,5.4,Average
1597,Child's pose,"Pozycja dziecka to tradycyjna pozycja jogi, która jest również popularna w treningu fitness i siłowym.Kieruje się na ruchliwość kręgosłupa klatki piersiowej i kontrolę kolumny kręgowej.Można go wykonywać dla czasu lub powtórzeń w ramach dynamicznego rozgrzewki lub jako mobilność lub ćwiczenie naprawcze w dowolnym momencie.Może również działać w ramach sekwencji jogi lub masy ciała z innymi pozami.",Mobility and Stretching,Lower Back,Body Only,Intermediate,5.3,Average
1598,Pelvic Tilt Into Bridge,,Mobility and Stretching,Lower Back,Body Only,Intermediate,5.1,Average
1599,Hug Knees To Chest,,Mobility and Stretching,Lower Back,Body Only,Intermediate,4.4,Average
1600,Pyramid,,Mobility and Stretching,Lower Back,Body Only,Intermediate,1.0,Average
1601,Partner Superman with alternating high-five,"Partner Superman z naprzemienną piątką jest ćwiczeniem, w którym obaj partnerzy wykonują izometryczne podtrzymywanie powtórzeń, wysoko obchodzących się między nimi.Kieruje się na mięśnie tylnego łańcucha, w tym mięśnie pośladków, erekcji kręgosłupa i górnej części pleców.Można go wykonywać jako część dynamicznego rozgrzewki lub jako część treningu lub finiszera zorientowanego na rdzeń lub wsteczną.",Strength Training,Lower Back,Body Only,Beginner,0.0,
1602,Yoga plex,"Plex jogi to odcinek, który łączy elementy jogi psa skierowanego w dół z „największym odcinkiem na świecie”.Jest najczęściej wykonywany jako część dynamicznego rozgrzewki, aby unosić mięśnie od stóp do głów, podnieść temperaturę rdzenia ciała i zmobilizować biodra, górną część pleców i ramion.",Mobility and Stretching,Lower Back,Body Only,Intermediate,,
1603,TBS Back Extension,"Rozszerzenie tylnej jest ćwiczeniem stosowanym do budowania siły dolnej części pleców, które również ukierunkowuje ścięgna podkolanowe i pośladki.Często występuje na 45 stopni z zakotwiczonymi stopami.Nieważne przedłużenia wsteczne są często wykonywane dla wysokich powtórzeń, takich jak 15-20 powtórzeń lub więcej, ale ruch można również wykonać z dodatkową wagą w niższych zakresach powtórzeń, takich jak 8-12 powtórzeń na zestaw.",Strength Training,Lower Back,Body Only,Intermediate,,
1604,Lower Back Stretch - Yates Variation,"Leżący krzyżowy odcinek dolnej części pleców to prosty odcinek masy ciała ukierunkowany na dolną część pleców, bioder i tułów.Polega na obracaniu nóg podczas leżenia płasko na plecach.Jest powszechnie zawarty w dynamicznych rozgrzewkach, ale można go również wykonywać jako mobilność całego ciała w dowolnym momencie.",Strength Training,Lower Back,Body Only,Intermediate,,
1605,Hyperextension - Gethin Variation,"Rozszerzenie tylnej jest ćwiczeniem stosowanym do budowania siły dolnej części pleców, które również ukierunkowuje ścięgna podkolanowe i pośladki.Często występuje na 45 stopni z zakotwiczonymi stopami.Nieważne przedłużenia wsteczne są często wykonywane dla wysokich powtórzeń, takich jak 15-20 powtórzeń lub więcej, ale ruch można również wykonać z dodatkową wagą w niższych zakresach powtórzeń, takich jak 8-12 powtórzeń na zestaw.",Strength Training,Lower Back,Body Only,Intermediate,,
1606,Back Extension - Gethin Variation,"Rozszerzenie tylnej jest ćwiczeniem stosowanym do budowania siły dolnej części pleców, które również ukierunkowuje ścięgna podkolanowe i pośladki.Często występuje na 45 stopni z zakotwiczonymi stopami.Nieważne przedłużenia wsteczne są często wykonywane dla wysokich powtórzeń, takich jak 15-20 powtórzeń lub więcej, ale ruch można również wykonać z dodatkową wagą w niższych zakresach powtórzeń, takich jak 8-12 powtórzeń na zestaw.",Strength Training,Lower Back,Body Only,Intermediate,,
1607,HM Banana Stretch,,Strength Training,Lower Back,Body Only,Intermediate,,
1608,HM T-Spine Stretch on Wall,,Mobility and Stretching,Lower Back,Body Only,Intermediate,,
1609,HM Child's Pose,,Strength Training,Lower Back,Body Only,Intermediate,,
1610,HM Cobra,,Strength Training,Lower Back,Body Only,Intermediate,,
1611,HM Cobra With Arm Retraction,,Strength Training,Lower Back,Body Only,Intermediate,,
1612,HM Dive-Bomber,,Strength Training,Lower Back,Body Only,Intermediate,,
1613,HM Downward-Facing Dog Pose,,Strength Training,Lower Back,Body Only,Intermediate,,
1614,HM Downward Dog To Left Leg Extension To Warrior Pose,,Strength Training,Lower Back,Body Only,Intermediate,,
1615,HM Downward Dog To Right Leg Extension To Warrior Pose,,Strength Training,Lower Back,Body Only,Intermediate,,
1616,HM Spine Twist,,Strength Training,Lower Back,Body Only,Intermediate,,
1617,HM Good Morning,,Strength Training,Lower Back,Body Only,Intermediate,,
1618,HM Rag Doll,,Strength Training,Lower Back,Body Only,Intermediate,,
1619,HM Upward-Facing Dog Pose,,Strength Training,Lower Back,Body Only,Intermediate,,
1620,Superman-,"Superman jest ćwiczeniem masy ciała, które składa się z izometrycznych holdów w przedłużonej pozycji kręgosłupa.Kieruje się na mięśnie tylnego łańcucha, w tym mięśnie pośladków, erekcji kręgosłupa i górnej części pleców.Może być wykonywany jako część dynamicznego rozgrzewki lub aktywacji mięśni lub mobilności w dowolnym momencie.",Strength Training,Lower Back,Body Only,Intermediate,,
1621,Weighted back extension,"Ważone przedłużenie pleców jest ćwiczeniem ukierunkowanym na wyprostowanie kręgosłupa, a także pośladki i ścięgna podkolanowe.Rozszerzenia tylne są często wykonywane dla wysokich powtórzeń bez wagi, ale po zakończeniu wagi mogą być doskonałym ruchem akcesoriów pod kątem siły martwego, a także ogólnym budowniczym siły tylnej łańcucha.Ponieważ twoje plecy są czynnikiem ograniczającym, nadal jest to ćwiczenie, które jest zwykle wykonywane dla umiarkowanych do wysokich powtórzeń, takich jak 8-12 powtórzeń na zestaw lub wyższy.Możesz go ważyć talerzem lub trzymając hantle lub inną ciężar w dłoniach.",Strength Training,Lower Back,Body Only,Intermediate,,
1622,MetaBurn Alternating Superman,,Strength Training,Lower Back,Body Only,Intermediate,,
1623,MetaBurn Swimmer,,Strength Training,Lower Back,Body Only,Intermediate,,
1624,Dancer's Stretch,,Mobility and Stretching,Lower Back,,Beginner,5.4,Average
1625,Cat Stretch,,Mobility and Stretching,Lower Back,,Beginner,4.9,Average
1626,Crossover Reverse Lunge,,Mobility and Stretching,Lower Back,,Beginner,3.9,Average
1627,Standing Pelvic Tilt,,Mobility and Stretching,Lower Back,,Beginner,3.1,Average
1628,Exercise ball weighted hyperextension,"Hiperextension ważony w piłce do ćwiczeń to ćwiczenie, które wzmacnia dolną część pleców.Jeśli problem jest problemem, poproś o to, aby ktoś trzymał twoje stopy.",Strength Training,Lower Back,Exercise Ball,Beginner,8.3,Average
1629,Exercise ball rear delt fly,"Tylna mucha delt z piłką ćwiczeń to ćwiczenie hantli skierowane do tylnych głów ramion, a także mięśnie górnej średniej.Leżące podatne na piłkę do ćwiczeń oferuje wsparcie w wykonywaniu ruchu.Jest to ogólnie wykonywane dla umiarkowanych do wysokich powtórzeń w ramach treningu górnego ciała lub ramion.",Strength Training,Lower Back,Exercise Ball,Intermediate,,
1630,Lying rear delt Y,"Leżąca tylna delt Y działa w ramionach, w szczególności tylne głowy, a także dolne mięśnie trapezu.Na szczycie ruchu ramiona i tułów tworzą Y - stąd nazwa.Odmiany ramion są zwykle wykonywane z lekkimi ciężarami jako ruch rozgrzewki lub prehab do treningu górnego ciała lub wypalenie w dniu barku.",Strength Training,Lower Back,Exercise Ball,Intermediate,,
1631,Partner Facing Feet-Elevated Side Plank With Band Row,,Strength Training,Middle Back,Bands,Beginner,0.0,
1632,Partner side plank band row,"Partner Part Plank Row to ćwiczenie brzucha, w którym dwóch partnerów wykonuje deski boczne, jednocześnie ciągnąc przeciwne końce zespołu ćwiczeń.Ta technika może być wykonana dla czasu lub powtórzeń podczas każdego treningu zorientowanego na A.",Strength Training,Middle Back,Bands,Intermediate,0.0,
1633,Band-assisted chin-up,"Podbródka wspomagana pasmem jest odmianą ćwiczeń podciągania, w której powtórzenia są wykonywane z dłoniami skierowanymi w kierunku ciała w pozycji podstępnej, z opaską zapętloną wokół stóp lub kolan.Zmniejsza to wagę i opór u dołu reprezentacji, jednocześnie zwiększając ją w kierunku góry.Podobnie jak inne odmiany podciągania, buduje siłę i mięsień w górnej części pleców, biceps i rdzeniu, ale wykorzystuje biceps nieco bardziej niż podciąganie wspomagane pasmem.",Strength Training,Middle Back,Bands,Intermediate,,
1634,30 Back Band-Assisted Pull-Up,,Strength Training,Middle Back,Bands,Intermediate,,
1635,30 Back Reverse-Grip Band-Assisted Pull-Up,,Strength Training,Middle Back,Bands,Intermediate,,
1636,Band bent-over row,"Pasmo wygięte w rzędu jest ćwiczeniem do rozwijania i wzmocnienia mięśni górnego i środkowego pleców, takich jak Latissimus (LAT), dolny trapez i tylne naramienniki.Pasma zapewniają dynamiczną odporność i mogą działać równie dobrze pod względem siły, budowania mięśni lub treningów tłuszczu tłuszczowego lub obwodu.",Strength Training,Middle Back,Bands,Intermediate,,
1637,Heavy band bent-over row,"Ciężki opaska wygięte rzędu to odmiana popularnego ćwiczenia sztangi do rozwoju i wzmocnienia mięśni górnego i środkowego pleców, takich jak Latissimus (LATS), dolny trapez i tylne naraziki.Może działać równie dobrze pod względem siły, budowania mięśni lub treningów tłuszczowych w stylu obwodu.",Strength Training,Middle Back,Bands,Intermediate,,
1638,Reverse-grip bent-over row,"Rząd wygięty w odwróconym chwytaku jest ćwiczeniem złożonym stosowanym do budowania siły i wielkości zarówno w dolnej, jak i górnej części pleców.Celuje prawie wszystkie mięśnie z tyłu, ale szczególnie Lats, Rhomboids i dolne plecy.Uważa się, że ukierunkuje na biceps i Lats nieco bardziej bezpośrednio niż rzędy sztangi.Ponieważ można go mocno załadować, jest to popularny ruch siły i treningów z głębi ciała.",Strength Training,Middle Back,Barbell,Intermediate,9.2,Average
1639,One-Arm Long Bar Row,"Jednokazałowy gniewny rząd lądowy jest ćwiczeniem sztangowym skupionym na mięśniach środkowego pleców, takich jak Lats (Latissimus gorsi) i romboids.Kieruje się również na biceps i chwyt.Wykorzystuje urządzenie lądowe, które zakotwicza jeden koniec sztangi w pobliżu ziemi, ale można go również przybliżać, umieszczając sztangę w rogu pokoju.",Strength Training,Middle Back,Barbell,Intermediate,9.0,Average
1640,Bent Over Barbell Row,"Zgięty rząd Barbell jest złożonym ćwiczeniem stosowanym do budowania siły i wielkości zarówno w dolnej, jak i górnej części pleców.Celuje prawie wszystkie mięśnie z tyłu, ale szczególnie Lats, Rhomboids i dolne plecy.Jest powszechnie wykorzystywany jako ruch akcesorialny do martwego ciąży w podnoszeniu mocy, ale jest również popularny pod względem siły i treningów z udziałem mięśni.",Strength Training,Middle Back,Barbell,Intermediate,8.7,Average
1641,Yates Row Reverse Grip,,Strength Training,Middle Back,Barbell,Beginner,8.3,Average
1642,Pendlay Row,"Pendlay Row, nazwany na cześć znanego trenera siły Glenn Pendlay, jest odmianą rzędu wygiętej, w której każdy przedstawiciel zaczyna od sztangi spoczywających na ziemi.To eliminuje odruch rozciągający i zmusza podnośnik do ciągnięcia mocy i wygiętym kręgosłupem.Pendlay Row można wykonać ciężkie dla niskich powtórzeń, ale zwykle jest wykonywane dla umiarkowanych powtórzeń, takich jak 5-8 na zestaw.",Strength Training,Middle Back,Barbell,Intermediate,8.2,Average
1643,Straight Bar Bench Mid Rows,,Strength Training,Middle Back,Barbell,Beginner,6.5,Average
1644,Barbell seal row,"Rząd uszczelniający jest ważonym ćwiczeniem ukierunkowanym na mięśnie środkowego pleców, w tym Lats (Latissimus dorsi) i romboids.Można go wykonać na specjalnej podwyższonej ławce, na ławce umieszczonej na pudełkach lub ławkach lub na ławce z lekkim nachyleniem.Im wyższy ławka, tym większy zakres ruchu i rozciąganie na dnie ruchu.Zwykle wykonuje się to jako ruch pomocy dla siły pleców i wzrostu mięśni, w zakresie powtórzeń 8-12 powtórzeń na zestaw lub wyższy.",Strength Training,Middle Back,Barbell,Intermediate,6.2,Average
1645,Yates Row,,Strength Training,Middle Back,Barbell,Beginner,0.0,Average
1646,Plate Row,,Strength Training,Middle Back,Barbell,Beginner,0.0,Average
1647,Barbell Deadlift Bent Row Complex,"Brilell Deadlift Dane kompleks rzędu łączy dwa ruchy, aby ukierunkować się na łańcuch tylny.Wymaga użycia lżejszej wagi, niż można było sobie poradzić w samym ciężkim martwym ciąży, ale podwaja aktywację w górnej części pleców, dolnej części pleców i pośladkach.",Strength Training,Middle Back,Barbell,Beginner,0.0,
1648,Single-Arm Landmine Row,,Strength Training,Middle Back,Barbell,Beginner,0.0,Average
1649,TBS T-Bar Row,,Strength Training,Middle Back,Barbell,Intermediate,,
1650,TBS Deficit Deadlift,Martwy ciąg z deficytem Barbell jest złożonym ćwiczeniem ukierunkowanym na łańcuch tylny.,Strength Training,Middle Back,Barbell,Intermediate,,
1651,Bent-Over Barbell Row - Gethin Variation,"Zgięty rząd Barbell jest złożonym ćwiczeniem stosowanym do budowania siły i wielkości zarówno w dolnej, jak i górnej części pleców.Celuje prawie wszystkie mięśnie z tyłu, ale szczególnie Lats, Rhomboids i dolne plecy.Jest powszechnie wykorzystywany jako ruch akcesorialny do martwego ciąży w podnoszeniu mocy, ale jest również popularny pod względem siły i treningów z udziałem mięśni.",Strength Training,Middle Back,Barbell,Intermediate,,
1652,Barbell bent-over row,"Zgięty rząd Barbell jest złożonym ćwiczeniem stosowanym do budowania siły i wielkości zarówno w dolnej, jak i górnej części pleców.Celuje prawie wszystkie mięśnie z tyłu, ale szczególnie Lats, Rhomboids i dolne plecy.Jest powszechnie wykorzystywany jako ruch akcesorialny do martwego ciąży w podnoszeniu mocy, ale jest również popularny pod względem siły i treningów z udziałem mięśni.",Strength Training,Middle Back,Barbell,Intermediate,,
1653,UN Barbell Rack Pull,,Strength Training,Middle Back,Barbell,Intermediate,,
1654,UN Barbell Scrape The Rack,,Strength Training,Middle Back,Barbell,Intermediate,,
1655,Barbell deadlift bent-over row complex,"Brilell Deadlift Dane kompleks rzędu łączy dwa ruchy, aby ukierunkować się na łańcuch tylny.Wymaga użycia lżejszej wagi, niż można było sobie poradzić w samym ciężkim martwym ciąży, ale podwaja aktywację w górnej części pleców, dolnej części pleców i pośladkach.",Strength Training,Middle Back,Barbell,Intermediate,,
1656,30 Back Barbell Deadlift,,Strength Training,Middle Back,Barbell,Intermediate,,
1657,30 Back Bent-Over Barbell Row,,Strength Training,Middle Back,Barbell,Intermediate,,
1658,30 Back T-Bar Row,,Strength Training,Middle Back,Barbell,Intermediate,,
1659,30 Back Underhand Bent-Over Barbell Row,,Strength Training,Middle Back,Barbell,Intermediate,,
1660,Kettlebell alternating renegade row,"Kettlebell na przemian Rengade Row łączy wioślarstwo i trening podstawowy w jeden trudny ruch.Jest popularny pod względem wydajnym w czasie siły i treningów budowania mięśni, a także w treningu w stylu obwodowym.",Strength Training,Middle Back,Kettlebells,Intermediate,8.5,Average
1661,Alternating Kettlebell Row,,Strength Training,Middle Back,Kettlebells,Intermediate,7.9,Average
1662,Two-Arm Kettlebell Row,,Strength Training,Middle Back,Kettlebells,Beginner,7.3,Average
1663,Kettlebell bent-over row to clean,"Kettlebell wygięty rząd do czyszczenia to ćwiczenie kettlebell, które atakuje wiele mięśni górnej części ciała, w tym Lats (Latissimus dorsi), biceps, ramiona i rdzeń.Wzmacnia również i trenuje moc wyjściową dolnej części ciała.Można to zrobić w przypadku powtórzeń lub czasu jako kompleks zorientowany na siłę lub mięśnie lub w treningu w stylu obwodowym w celu kondycjonowania lub utraty tłuszczu.",Strength Training,Middle Back,Kettlebells,Intermediate,,
1664,UP Deficit Kettlebell Stiff-Legged Deadlift,"Deadlift deficytu Kettlebell to bardziej zaawansowana wersja ruchu Madebell Deadlift, który jest wykonywany na schodach lub pudełkach.Można to zrobić, aby budować siłę lub mobilność bioder dla przysiadów lub martwych ciąży, w wysokich powtórzeniach lub w bardziej tradycyjnych zakresach powtórzeń siły i mięśni.",Strength Training,Middle Back,Kettlebells,Intermediate,,
1665,FYR2 Dagger-Grip Double-Kettlebell Gorilla Row,,Strength Training,Middle Back,Kettlebells,Intermediate,,
1666,FYR2 Double-Kettlebell Swing Clean,,Strength Training,Middle Back,Kettlebells,Intermediate,,
1667,Single-arm kettlebell row-,"Row jednoczesny Kettlebell jest popularnym ćwiczeniem budowania mięśni i siły, które jednocześnie wykonuje mięśnie pleców i rdzenia.Ma wszystkie te same korzyści jak jednoramienne rzędu hantli, ale niektórzy uważają, że podczas ruchu podczas ruchu jest bardziej komfortowy.",Strength Training,Middle Back,Kettlebells,Intermediate,,
1668,FYR2 Ascending-Rep Swing-Squat Complex,,Strength Training,Middle Back,Kettlebells,Intermediate,,
1669,One-Arm Dumbbell Row,"Rząd z ławki jednoramiennej jest popularnym ćwiczeniem do budowy Latissimus dorsi lub Lat, mięśni pleców.Ławka jest używana do wsparcia podczas ruchu wioślarstwa.",Strength Training,Middle Back,Dumbbell,Intermediate,9.0,Average
1670,Incline dumbbell row,"Rząd hantli nachylenia jest ćwiczeniem górnego ciała ukierunkowanego na Lats (Latissimus dorsi) i mięśnie górnego tyłu, a także biceps.Wykonanie go na ławce nachyleniu pomaga w szczególności ukierunkować niższe LATS.Odmiany rzędu hantli są zwykle wykonywane dla umiarkowanych do wysokich powtórzeń, takich jak 8-12 powtórzeń na zestaw lub więcej, w ramach części treningu skoncentrowanego na górnym ciele lub wstecz.",Strength Training,Middle Back,Dumbbell,Intermediate,8.8,Average
1671,Bent Over Two-Dumbbell Row With Palms In,,Strength Training,Middle Back,Dumbbell,Beginner,8.8,Average
1672,Man-maker,"Mężczyzator jest sekwencją ćwiczeń łączących przysiad z przodu hantli, prasę wojskową, Rengade Row i rozciągniętą.Pomiędzy tymi ruchami kwestionuje mięśnie w całym ciele, wraz z układem sercowo -naczyniowym.Można go wykonywać na rundy lub na czas jako jedno ćwiczenie pełnego ciała lub jako część treningu skoncentrowanego na tłuszczu lub atletyzmie.",Strength Training,Middle Back,Dumbbell,Intermediate,8.4,Average
1673,Dumbbell bent-over row,"Gięty rząd hantli jest popularnym ćwiczeniem do rozwijania i wzmacniania mięśni górnego i środkowego pleców, takich jak Latissimus (Lat), dolny trapez i tylne naramienniki.Może działać równie dobrze pod względem siły, budowania mięśni lub treningów tłuszczowych w stylu obwodu.",Strength Training,Middle Back,Dumbbell,Intermediate,8.3,Average
1674,Middle Back Shrug,,Strength Training,Middle Back,Dumbbell,Beginner,8.3,Average
1675,Dumbbell pull-over to skullcrusher,"Pobranie hantli do Skullcrusher to kompleks, który łączy dwa popularne ćwiczenia w jedną sekwencję, która pracuje znaczna część górnej części ciała, szczególnie klatki piersiowej, tricepsów i mięśni przednich Serratus.Ponieważ ciągnięcie określi ilość wagi, której możesz użyć, ten ruch jest zwykle wykonywany dla umiarkowanych do wysokich powtórzeń, takich jak 8-12 powtórzeń na zestaw lub więcej, w ramach części treningu górnego ciała.",Strength Training,Middle Back,Dumbbell,Intermediate,,
1676,Dumbbell Fix Single-Arm Dumbbell Row,,Strength Training,Middle Back,Dumbbell,Intermediate,,
1677,Dumbbell Fix Bent-Over Dumbbell Row,,Strength Training,Middle Back,Dumbbell,Intermediate,,
1678,Dumbbell Seal Row - Gethin Variation,"Rząd pieczęci hantli jest ważonym ćwiczeniem ukierunkowanym na mięśnie środkowego pleców, w tym Lats (Latissimus dorsi) i romboids.Można go wykonać na specjalnej podwyższonej ławce, na ławce umieszczonej na pudełkach lub ławkach lub na ławce z lekkim nachyleniem.Im wyższy ławka, tym większy zakres ruchu i rozciąganie na dnie ruchu.Zwykle wykonuje się to jako ruch pomocy dla siły pleców i wzrostu mięśni, w zakresie powtórzeń 8-12 powtórzeń na zestaw lub wyższy.",Strength Training,Middle Back,Dumbbell,Intermediate,,
1679,Decline dumbbell chest fly,"Spadek muchy klatki piersiowej hantli jest ćwiczeniem w górnym ciele skierowanym do mięśni klatki piersiowej, szczególnie dolnej klatki piersiowej.Będzie wymagał mniejszej wagi niż prasa spadła, co czyni go świetnym ćwiczeniem przerostowym z wysokimi powtórzeniami.Wariacje much są zwykle wykonywane dla umiarkowanych do wysokich powtórzeń, takich jak 8-12 powtórzeń na zestaw lub więcej.",Strength Training,Middle Back,Dumbbell,Intermediate,,
1680,TBS Bent-Over Dumbbell Row,"Gięty rząd hantli jest popularnym ćwiczeniem do rozwijania i wzmacniania mięśni górnego i środkowego pleców, takich jak Latissimus (Lat), dolny trapez i tylne naramienniki.Może działać równie dobrze pod względem siły, budowania mięśni lub treningów tłuszczowych w stylu obwodu.",Strength Training,Middle Back,Dumbbell,Intermediate,,
1681,HM Alternating Bent-Over Quick Row,,Strength Training,Middle Back,Dumbbell,Intermediate,,
1682,HM Bent-Over Dumbbell Row,,Strength Training,Middle Back,Dumbbell,Intermediate,,
1683,AM Single Arm Row,"Rząd z ławki jednoramiennej jest popularnym ćwiczeniem do budowy Latissimus dorsi lub Lat, mięśni pleców.Ławka jest używana do wsparcia podczas ruchu wioślarstwa.",Strength Training,Middle Back,Dumbbell,Intermediate,,
1684,Dumbbell stiff-legged deadlift,"Sztywne nogie hantle norgi to ćwiczenie hantli, które są ukierunkowane na ścięgna, pośladki, dolne i górne plecy oraz rdzeń.Różnica między martwym nogawkiem a rumuńskim martwym ciążeniem jest przede wszystkim ilość zakrętu kolanowego.Kolana są tylko lekko zgięte w sztywnym nogach martwym, podczas gdy bardziej zginają się w rumuńsku.W martwym czasie sztywne nogawki są zwykle wykonywane dla niskich do umiarkowanych powtórzeń, takich jak 8-10 powtórzeń na zestaw, z naciskiem na maksymalizację odcinka ścięgna ścięgna, a nie na poruszaniu ciężkiej ciężaru.Zapraszam do noszenia pasa wagowego, aby chronić dolne plecy.",Strength Training,Middle Back,Dumbbell,Intermediate,,
1685,Single-arm bench dumbbell row,"Rząd z ławki jednoramiennej jest popularnym ćwiczeniem do budowy Latissimus dorsi lub Lat, mięśni pleców.Ławka jest używana do wsparcia podczas ruchu wioślarstwa.",Strength Training,Middle Back,Dumbbell,Intermediate,,
1686,UN Bent-Over Dumbbell Row,,Strength Training,Middle Back,Dumbbell,Intermediate,,
1687,UN Dumbbell RDL,,Strength Training,Middle Back,Dumbbell,Intermediate,,
1688,UN Chest Supported Row,,Strength Training,Middle Back,Dumbbell,Intermediate,,
1689,MetaBurn Bent-Over Renegade Row,,Strength Training,Middle Back,Dumbbell,Intermediate,,
1690,30 Back Bent-Over Dumbbell Row,,Strength Training,Middle Back,Dumbbell,Intermediate,,
1691,30 Back Dumbbell Pull-Over,,Strength Training,Middle Back,Dumbbell,Intermediate,,
1692,30 Back Incline Dumbbell Row,,Strength Training,Middle Back,Dumbbell,Intermediate,,
1693,30 Back Single-Arm Dumbbell Row,,Strength Training,Middle Back,Dumbbell,Intermediate,,
1694,30 Back Single-Arm Dumbbell Swing Row,,Strength Training,Middle Back,Dumbbell,Intermediate,,
1695,T-Bar Row with Handle,,Strength Training,Middle Back,Other,Intermediate,9.5,Average
1696,T-Bar Row,,Strength Training,Middle Back,Other,Intermediate,8.9,Average
1697,Alternating sit-through with crunch,"Naprzemiennie usikanie z chrupnięciem to ruch całego ciała, który zaczyna się w pozycji pełzającej niedźwiedzie, a kończy się nogą wyrzuconą na bok.Pomiędzy przedstawicielami wykonujesz chrupnięcie.Jest to powszechnie wykonywane dla powtórzeń lub czasu w obwodach masy ciała i przepływach w stylu zwierząt, ale może również działać samodzielnie lub jako część dynamicznej sekwencji rozgrzewki lub mobilności.",Strength Training,Middle Back,Other,Intermediate,8.9,Average
1698,Seated Cable Rows,"Kabel siedzący jest popularnym ćwiczeniem do trenowania mięśni górnej części pleców, w tym Lats (Latissimus dorsi), pułapek, romboidów i tylnych deltoidów za pomocą stosu kablowego.W mniejszym stopniu celuje w biceps.Rząd kablowy może działać dobrze w różnych ramach reprezentacji, ale jest najbardziej popularny w treningach budowania mięśni lub jako ruch akcesoriów do treningów siłowych.",Strength Training,Middle Back,Cable,Intermediate,8.8,Average
1699,Upside-down pull-up,"Podciąganie do góry nogami jest zaawansowane ćwiczenie w masie ciała, które zwykle wykonywane jest na pary pierścieni gimnastycznych.Polega na ciągnięciu ciała w kierunku sufitu w odwróconej pozycji.Kieruje się na te same mięśnie, co tradycyjne podciągnięcia, w tym Lats (Latissimus dorsi), biceps i rdzeń.Jednak kąt ciągnięcia jest bardziej podobny do wygiętego rzędu lub wiersza pionowego, w zależności od kąta bioder.",Strength Training,Middle Back,Other,Intermediate,8.8,Average
1700,Smith machine inverted row,"Inverted Row Machine Smith Machine to ćwiczenie masy ciała skierowane do mięśni Lats (Latissimus dorsi) i górnej części pleców, za pomocą paska maszyny Smitha do powieszenia i odciągania.Możesz zmienić wysokość paska, aby dostosować poziom trudności i pożądany kąt rzędu.Ta zmiana jest zwykle wykonywana dla umiarkowanych do wysokich powtórzeń, takich jak 8-12 powtórzeń na zestaw lub więcej.",Strength Training,Middle Back,Other,Intermediate,8.2,Average
1701,Lying T-Bar Row,,Strength Training,Middle Back,Other,Intermediate,7.9,Average
1702,Suspended row,"Zawieszony rząd to ćwiczenie ciągnięcia masy ciała, które koncentruje się na mięśniach środkowej i górnej pleców, a także na bicepsach.Można go szkolić w tradycyjnych zakresach przedstawiających mięśni lub dla wyższych powtórzeń.Może również działać w ramach dynamicznego rozgrzewki podczas treningu prasowego lub ciągniętego.",Strength Training,Middle Back,Other,Intermediate,7.6,Average
1703,Inverted Row with Straps,,Strength Training,Middle Back,Other,Beginner,6.4,Average
1704,One Arm Chin-Up,,Strength Training,Middle Back,Other,Beginner,6.3,Average
1705,Sled Row,,Strength Training,Middle Back,Other,Beginner,0.0,
1706,Paul Carter T-Bar Row,,Strength Training,Middle Back,Other,Intermediate,,
1707,Single-Arm Bent-Over Rear Delt Raise - Gethin Variation,"Jednokazałowy zgięty tylna delt lub tylna delt jest popularnym ćwiczeniem górnego ciała, które atakuje mięśnie z tyłu stawu barkowego, w szczególności tylną głowę naramiennika.Ponieważ ruchy prasowe budują przód i (w mniejszym stopniu) boczne główki naramienne, ten ruch jest często wykonywany w celu promowania zrównoważonego rozwoju barku.Zazwyczaj wykonuje się to dla wysokich powtórzeń, takich jak 10-15 powtórzeń na zestaw lub więcej, w ramach treningu barku lub górnego ciała.",Strength Training,Middle Back,Other,Intermediate,,
1708,30 Back Plate Hyperextension,,Strength Training,Middle Back,Other,Intermediate,,
1709,Seated Cable Rows,"Kabel siedzący jest popularnym ćwiczeniem do trenowania mięśni górnej części pleców, w tym Lats (Latissimus dorsi), pułapek, romboidów i tylnych deltoidów za pomocą stosu kablowego.W mniejszym stopniu celuje w biceps.Rząd kablowy może działać dobrze w różnych ramach reprezentacji, ale jest najbardziej popularny w treningach budowania mięśni lub jako ruch akcesoriów do treningów siłowych.",Strength Training,Middle Back,Cable,Intermediate,8.8,Average
1710,Single-arm cable seated row,"Rząd siedzący z jednoramiennym kablem to wersja ruchu rzędu kablowego, który trenuje mięśnie górnego tyłu po drugiej stronie.Kieruje się na szeroką gamę mięśni, w tym Lats (Latissimus gorsi), pułapki, romboidów i tylnych naramienników.W mniejszym stopniu celuje w biceps.Rząd jednoramienny może działać dobrze w różnych zakresach powtórzeń, ale jest najbardziej popularny w treningach budowania mięśni lub jako ruch akcesoriów do treningów siłowych.",Strength Training,Middle Back,Cable,Intermediate,8.5,Average
1711,Paul Carter Lat Pull-Down,"Lat rozciąga się na kablową maszynę do ćwiczeń, która jest wszechobecna na siłowni na całym świecie.Ten konstruktor jest łatwy w nauce i wysoce skuteczny, co pozwala na zmienną opór w zależności od miejsca umieszczania szpilki w stosie.",Strength Training,Middle Back,Cable,Intermediate,,
1712,TBS Lat Pull-Down,,Strength Training,Middle Back,Cable,Intermediate,,
1713,One-Arm Cable Read Delt Fly - Gethin Variation,"Jednokazałowy zgięty kabel tylny mucha delt jest ćwiczeniem skierowanym do tylnych naramienników.Jest to świetny sposób na odizolowanie tego obszaru ramienia i niezależnie zaatakowanie każdej strony.Zazwyczaj wykonuje się to dla umiarkowanych do wysokich powtórzeń, co najmniej 8-12 powtórzeń na zestaw, w ramach treningu skoncentrowanego na górnym ciele lub ramion.",Strength Training,Middle Back,Cable,Intermediate,,
1714,UP Seated Cable Row,"Kabel siedzący jest popularnym ćwiczeniem do trenowania mięśni górnej części pleców, w tym Lats (Latissimus dorsi), pułapek, romboidów i tylnych deltoidów za pomocą stosu kablowego.W mniejszym stopniu celuje w biceps.Rząd kablowy może działać dobrze w różnych ramach reprezentacji, ale jest najbardziej popularny w treningach budowania mięśni lub jako ruch akcesoriów do treningów siłowych.",Strength Training,Middle Back,Cable,Intermediate,,
1715,UP Cable Straight-Arm Pull-Down,"Pokonanie liny prostej ramię to odmiana wyciągnięcia prostego ramienia Lat wykonanego za pomocą maszyny do stosu kablowego i uchwytu linowego.Można go wykonać w atletycznej pozycji pionowej, albo lekko zgięte.Zarówno rozciąga się, jak i kurczy mięśnie LATS (Latissimus dorsi), a także zapewnia dodatkową aktywację innych mięśni górnej części pleców i rdzenia.Ponieważ triceps są również izometrycznie zaangażowane w ruch, zwykle wykonuje się go dla wyższych powtórzeń, takich jak 8-15 powtórzeń lub więcej.",Strength Training,Middle Back,Cable,Intermediate,,
1716,UN Cable Pull-Through,,Strength Training,Middle Back,Cable,Intermediate,,
1717,30 Back Close-Grip Seated Cable Row,,Strength Training,Middle Back,Cable,Intermediate,,
1718,30 Back Incline Face-Up Cable Pull-Down,,Strength Training,Middle Back,Cable,Intermediate,,
1719,30 Back Kneeling High Cable Pull-Down,,Strength Training,Middle Back,Cable,Intermediate,,
1720,30 Back Leaning V-Bar Pull-Down,,Strength Training,Middle Back,Cable,Intermediate,,
1721,30 Back Reverse-Grip Pull-Down,,Strength Training,Middle Back,Cable,Intermediate,,
1722,30 Back Standing Low Cable Bar Row,,Strength Training,Middle Back,Cable,Intermediate,,
1723,30 Back Standing Low Cable Rope Row,,Strength Training,Middle Back,Cable,Intermediate,,
1724,30 Back Straight-Arm Bar Pull-Down,,Strength Training,Middle Back,Cable,Intermediate,,
1725,30 Back Straight-Arm Rope Pull-Down,,Strength Training,Middle Back,Cable,Intermediate,,
1726,30 Back Wide-Grip Behind-The-Head Pull-Down,,Strength Training,Middle Back,Cable,Intermediate,,
1727,30 Back Wide-Grip Pull-Down,,Strength Training,Middle Back,Cable,Intermediate,,
1728,30 back Wide-Grip Seated Cable Row,,Strength Training,Middle Back,Cable,Intermediate,,
1729,Rower,"Wioślarz to popularna maszyna do siłowni, która jest poważną pracą sercowo -naczyniową, ale także atakuje mięśnie nóg, pleców i ramion.To świetny sposób na budowę ogólnej sprawności aerobowej i muskularnej.Jest popularny w treningach w stylu Crossfit, ale jest również podstawą we wszystkich rodzajach siłowni.Może być równie skuteczny w treningach w stylu HIIT lub w pracy wytrzymałościowej.",Cardio,Middle Back,Machine,Intermediate,8.9,Average
1730,Seated Cable Rows,"Kabel siedzący jest popularnym ćwiczeniem do trenowania mięśni górnej części pleców, w tym Lats (Latissimus dorsi), pułapek, romboidów i tylnych deltoidów za pomocą stosu kablowego.W mniejszym stopniu celuje w biceps.Rząd kablowy może działać dobrze w różnych ramach reprezentacji, ale jest najbardziej popularny w treningach budowania mięśni lub jako ruch akcesoriów do treningów siłowych.",Strength Training,Middle Back,Cable,Intermediate,8.8,Average
1731,Smith machine bent-over row,"Smith Machine wygięty rzęd jest ćwiczeniem górnego ciała ukierunkowanego na mięśnie pleców, szczególnie Lats (Latissimus dorsi).Ten ruch można zaprogramować w niskich powtórzeniach pod kątem wytrzymałości siły lub wyższej dla wytrzymałości mięśni i siły.Często jest wykonywany dla umiarkowanych do wysokich powtórzeń, takich jak 8-12 powtórzeń na zestaw lub więcej, w ramach treningu skoncentrowanego na górnym ciele lub wstecznym.",Strength Training,Middle Back,Machine,Intermediate,8.1,Average
1732,Leverage High Row,Maszyna High Row to ćwiczenie ukierunkowane na LATS i działa ogółem.,Strength Training,Middle Back,Machine,Beginner,7.9,Average
1733,Machine Low Row,Maszyna Low Row to ćwiczenie skierowane do mięśni tylnych.,Strength Training,Middle Back,Machine,Intermediate,,
1734,Standing lat pull-down,"Stałe wyciągnięcie LAT to odmiana rozciągnięcia Lat wykonanego stojącego obok stosu kablowego, a nie siedzącego na ławce lub maszynie.Ma wszystkie te same zalety wyciągnięcia LAT wykonanego na ławce lub maszynie, oprócz zapewnienia dalszej aktywacji do rdzenia i dolnego korpusu.Jeśli jesteś zbyt wysoki, aby wykonać ten ruch, klęczący LAT wyciąga wszystkie te same korzyści.",Strength Training,Middle Back,Machine,Intermediate,,
1735,30 Back Machine Seated Row,,Strength Training,Middle Back,Machine,Intermediate,,
1736,30 Back Smith Machine Push-Up,,Strength Training,Middle Back,Machine,Intermediate,,
1737,Mixed Grip Chin,,Strength Training,Middle Back,Body Only,Intermediate,8.2,Average
1738,Rhomboids SMR,"Rhomboids Ulanie się samoziarniste (SMR) to samozadowolenie tkanki miękkiej dla górnej części ciała, zwykle przy użyciu wałka z pianki, kulki lacrosse lub innego narzędzia do masażu „Punkt wyzwalającego”.Strategicznie wywierając presję na mięśnie romboidowe w połowie pleców, niektórzy uważają, że mogą powodować, że ten często bolesny i ciasny obszar się zrelaksuje lub „uwolnić się”.Rhomboids SMR często towarzyszy SMR na LATS lub odcinki skierowane do romboidów lub lats.",Mobility and Stretching,Middle Back,Body Only,Intermediate,5.7,Average
1739,Spinal Stretch,,Mobility and Stretching,Middle Back,Body Only,Intermediate,5.3,Average
1740,Upper Back Stretch,,Mobility and Stretching,Middle Back,Body Only,Intermediate,4.2,Average
1741,Middle Back Stretch,,Mobility and Stretching,Middle Back,Body Only,Intermediate,3.8,Average
1742,TBS Pull-Up,,Strength Training,Middle Back,Body Only,Intermediate,,
1743,HM Angel Stretch,,Strength Training,Middle Back,Body Only,Intermediate,,
1744,UNS Foam Roll Upper Back,,Strength Training,Middle Back,Body Only,Intermediate,,
1745,30 Back Neutral-Grip Pull-Down,,Strength Training,Middle Back,Body Only,Intermediate,,
1746,30 Back Pull-Up,,Strength Training,Middle Back,Body Only,Intermediate,,
1747,30 Back Reverse-Grip Pull-Up,,Strength Training,Middle Back,Body Only,Intermediate,,
1748,ACFT Medicine ball overhead power throw,"Rzuty mocy z piłką medycyny to wybuchowe ćwiczenie ukierunkowane na brzuch i biodra.To konkretne ćwiczenie jest częścią nowego testu fitness armii lub ACFT.Można go wykonywać dla niższych powtórzeń, koncentrując się na mocy lub dla wyższych powtórzeń, z naciskiem na utratę tłuszczu i kondycjonowanie.Zaczyna się w pozycji półksiężycowej trzymającej piłkę lekarską, która następnie „zgarnia” i rzuca naprzód w jednym ciągłym ruchu.",Strength Training,Middle Back,Medicine Ball,Intermediate,,
1749,Upright Row - With Bands,,Strength Training,Traps,Bands,Beginner,7.8,Average
1750,Band seated row,"Zespół siedzący rzęd jest alternatywą dla popularnych ćwiczeń kablowych i trenuje mięśnie górnego pleców, w tym Lats (Latissimus Dorsi), pułapki, romboidów i tylnych naruszeń.W mniejszym stopniu celuje w biceps.Rząd zespołu może dobrze działać w różnych zakresach powtórzeń, wymagając cięższego opaski do budowania mięśni i treningów siłowych oraz lżejszego opaski do pracy w zakresie odchudzania i jako ruch akcesoriów.",Strength Training,Traps,Bands,Intermediate,,
1751,Barbell shrug,"Rzuty ramion to ćwiczenie skierowane do pułapek (mięśnie trapezu).Jest popularny pod względem siły i treningu skoncentrowanego na mięśniach górnego ciała i jest często trenowany w dniu ramię.Za pomocą pasków można go mocno załadować, ale nadal jest zwykle wykonywane dla umiarkowanych do wysokich powtórzeń, takich jak 8-10 powtórzeń na zestaw.",Strength Training,Traps,Barbell,Intermediate,8.4,Average
1752,Barbell behind-the-back shrug,"Rzuty wzruszające na sztangę to ćwiczenie skierowane do pułapek.Poszczona pasek pomaga utrzymać podciąganie ramion w górę i do tyłu, a nie zaokrąglone do przodu.Jest popularny pod względem siły i treningu skoncentrowanego na mięśniach górnego ciała i jest często trenowany w dniu ramię.Za pomocą pasków można go mocno załadować, ale nadal jest zwykle wykonywane dla umiarkowanych do wysokich powtórzeń, takich jak 8-10 powtórzeń na zestaw.",Strength Training,Traps,Barbell,Intermediate,8.3,Average
1753,Clean Shrug,,Strength Training,Traps,Barbell,Beginner,6.8,Average
1754,Snatch Shrug,,Strength Training,Traps,Barbell,Beginner,6.2,Average
1755,Single-arm inverted row,"Odwrócony rząd jednoramienny jest ćwiczeniem masy ciała ukierunkowanych na mięśnie Lats (Latissimus dorsi) i górnej części pleców, używając paska maszyny Smitha do powieszenia i odciągania.Możesz zmienić wysokość paska, aby dostosować poziom trudności i pożądany kąt rzędu.",Strength Training,Traps,Barbell,Intermediate,,
1756,Kettlebell sumo deadlift high pull,"Martwy ciąg w Kettlebell Sumo High Cull to dynamiczne ćwiczenie kettlebell, które koncentruje się na mięśniach tylnego łańcucha, w tym na ścięgnach, pośladkach, pułapkach, tylnych deltach i górnej części pleców.Można to zrobić w niższych powtórzeniach w celu uzyskania mocy lub siły lub wyższych powtórzeń w celu kondycjonowania i utraty tłuszczu.Może to być również element treningu kettlebell w stylu obwodu, zarówno w przypadku czasu lub powtórzeń.",Strength Training,Traps,Kettlebells,Intermediate,8.7,Average
1757,Standing dumbbell shrug,"Rzurzanie hantli stojące jest popularnym ruchem do budowy i wzmocnienia mięśni trapezu.Często jest szkolony w dniu treningu w stylu kulturystycznym lub pleców, ale może również dobrze działać podczas treningu na całe ciało lub siłę.",Strength Training,Traps,Dumbbell,Intermediate,8.7,Average
1758,Standing dumbbell upright row,"Stojący hantle hantle Row jest popularnym ruchem budowania silniejszych i większych pułapek i ramion.Wielu podnośników łączy ten ruch z treningiem pleców lub ramion, ponieważ obejmuje oba części ciała.Jest to ogólnie wykonywane dla umiarkowanych do wysokich powtórzeń, takich jak 8-12 powtórzeń na zestaw lub więcej.",Strength Training,Traps,Dumbbell,Intermediate,8.7,Average
1759,Dumbbell pull-over,"Pokrycie hantli jest popularnym ćwiczeniem mięśni i wytrzymałości, które są ukierunkowane na mięśnie klatki piersiowej, górnej części pleców, LATS i Serratus przednich.Był ulubieńcem oldschoolowych kulturystów, którzy wierzyli, że wyciąganie o wysokiej zawartości pomogły zbudować kształt V-Taper w tułowiu.",Strength Training,Traps,Dumbbell,Intermediate,,
1760,Standing Dumbbell Shrug - Gethin Variation,"Rzurzanie hantli stojące jest popularnym ruchem do budowy i wzmocnienia mięśni trapezu.Jest to często wyszkolony w dniu treningu w stylu kulturystyki lub pleców, ale może również dobrze działać podczas treningu na całe ciało lub siłę.",Strength Training,Traps,Dumbbell,Intermediate,,
1761,Single-arm dumbbell row,"Rząd hantli jednoramiennej jest popularnym ćwiczeniem do budowy Latissimus gorsi lub lat, mięśni pleców.Najczęściej wykonuje się to dla umiarkowanych do wysokich powtórzeń, takich jak 8-12 powtórzeń na ramię lub więcej, w ramach budowania mięśni lub części treningu.",Strength Training,Traps,Dumbbell,Intermediate,,
1762,Lying Face Down Plate Neck Resistance,,Strength Training,Neck,Other,Beginner,9.3,Average
1763,Lying Face Up Plate Neck Resistance,,Strength Training,Neck,Other,Beginner,8.4,Average
1764,Seated Head Harness Neck Resistance,,Strength Training,Neck,Other,Beginner,7.6,Average
1765,Cable straight-bar upright row,"Kabel prosty bar pionowy jest ćwiczeniem izolacyjnym pułapek i środkowych naramienników.Może to nie być odpowiednie dla wszystkich podnośników w zależności od ich zdrowia ramion i historii obrażeń.Zazwyczaj wykonuje się to dla umiarkowanych do wysokich powtórzeń, takich jak 8-12 powtórzeń na zestaw lub więcej, w ramach treningu skoncentrowanego na górnym ciele lub ramion.",Strength Training,Traps,Cable,Intermediate,8.1,Average
1766,Cable shrug,"Kabel wzruszony ramionami jest ćwiczeniem ukierunkowanym na pułapki, a także uderzanie w ramiona i górną część pleców.Kable pozwalają na lżejsze ładowanie, które jest korzystne dla zestawów o wyższych powtórzeniach.",Strength Training,Traps,Cable,Intermediate,7.9,Average
1767,Smith machine shrug,"Maszyna Smitha wzrusza ramionami, jest ćwiczeniem górnego ciała ukierunkowanego na pułapki (mięśnie trapezu).Zazwyczaj wykonuje się to dla umiarkowanych do wysokich powtórzeń, takich jak 8-12 powtórzeń na zestaw lub więcej, w ramach szkolenia skoncentrowanego na ramię lub pułapki.",Strength Training,Traps,Machine,Intermediate,9.2,Average
1768,Leverage Shrug,,Strength Training,Traps,Machine,Intermediate,9.1,Average
1769,Calf-Machine Shoulder Shrug,,Strength Training,Traps,Machine,Beginner,8.7,Average
1770,Smith machine behind-the-back shrug,"Maszyna Smitha za obrońcą wzruszając ramionami to ćwiczenie górnego ciała skierowane do pułapek (mięśnie trapezu).Zazwyczaj wykonuje się to dla umiarkowanych do wysokich powtórzeń, takich jak 8-12 powtórzeń na zestaw lub więcej, w ramach szkolenia skoncentrowanego na ramię lub pułapki.",Strength Training,Traps,Machine,Intermediate,7.8,Average
1771,Smith machine upright row,"Smith Machine Row jest ćwiczeniem górnym ciała skierowanym do mięśni pułapek i ramion.Ruch ten jest często wykonywany dla umiarkowanych do wysokich powtórzeń, takich jak 8-12 powtórzeń na zestaw lub więcej, w ramach treningu skoncentrowanego na górnym ciele lub ramion.",Strength Training,Traps,Machine,Intermediate,7.3,Average
1772,Machine low row-,"Maszyna Low Row to popularne ćwiczenie ukierunkowane na mięśnie pleców, szczególnie Lats (Latissimus dorsi), romboids oraz środkowy i dolny trapez.Zmiany wierszy maszynowych są często wykonywane dla umiarkowanych do wysokich powtórzeń, takich jak 8-12 powtórzeń na zestaw lub więcej, w ramach części treningu skoncentrowanego na górnej części lub wstecz.",Strength Training,Traps,Machine,Intermediate,,
1773,Machine Shrug - Gethin Variation,,Strength Training,Traps,Machine,Intermediate,,
1774,Smith machine single-arm shrug,"Smith Machine Redrug wzrusza ramionami, jest ćwiczeniem górnego ciała ukierunkowanego na pułapki (mięśnie trapezu).Zazwyczaj wykonuje się to dla umiarkowanych do wysokich powtórzeń, takich jak 8-12 powtórzeń na zestaw lub więcej, w ramach szkolenia skoncentrowanego na ramię lub pułapki.",Strength Training,Traps,Machine,Intermediate,,
1775,Isometric Neck Exercise - Sides,,Strength Training,Neck,Body Only,Beginner,7.4,Average
1776,Isometric Neck Exercise - Front And Back,,Strength Training,Neck,Body Only,Beginner,6.4,Average
1777,Neck Bridge Prone,,Strength Training,Neck,Body Only,Beginner,5.7,Average
1778,Side Neck Stretch,,Mobility and Stretching,Neck,Body Only,Intermediate,4.8,Average
1779,Neck-SMR,,Mobility and Stretching,Neck,Body Only,Intermediate,2.8,Average
1780,Scapular Pull-Up,,Strength Training,Traps,,Beginner,6.6,Average
1781,Single-leg depth squat,"Przysiady na głębokości jednopoziomowe to ćwiczenie ukierunkowane na mięśnie dolnej części ciała, w tym quady, pośladki i ścięgna podkolanowe.Czasami jest stosowany jako substytut przysiadu w pistolecie, ponieważ nie wymaga tego samego poziomu elastyczności do wykonywania.Zwykle wykonuje się to dla powtórzeń o niskich do umiarkowanych, z naciskiem na właściwą formę i kontrolę.",Strength Training,Quadriceps,Bands,Intermediate,9.0,Average
1782,Squats - With Bands,,Strength Training,Quadriceps,Bands,Beginner,5.8,Average
1783,Hip Flexion with Band,,Strength Training,Quadriceps,Bands,Beginner,0.0,
1784,Forward Band Walk,,Strength Training,Quadriceps,Bands,Beginner,0.0,
1785,Boss Everline Resistance-Band Pull Sprint,,Strength Training,Quadriceps,Bands,Intermediate,,
1786,Banded jump squat,"Pasowane przysiad to wybuchowa wariacja przysiadu w masie ciała wykonywana z opaską wokół ud nad kolanami.Zwiększa to aktywację mięśni w biodrach i pośladkach, podczas gdy przysiad celuje w quady, ścięgna podkolanowe i pośladki.Paskowane przysiady można wykonać dla niskich powtórzeń jako ćwiczenie skoncentrowane na mocy lub dla wyższych powtórzeń do budowy mięśni w dolnej części ciała, kondycjonowaniu wyzwań i spalania tłuszczu.",Strength Training,Quadriceps,Bands,Intermediate,,
1787,Speed Box Squat,"Pasowane przysiady sztangi to wytrzymałość i moc skierowana do dolnej części ciała.Jest popularny w treningu podnoszenia mocy, albo wykonywanego z lekkimi ciężarami jako ćwiczenie mocy i prędkości, albo cięższe dla siły.Zazwyczaj wykonuje się to do pudełka o wysokości, która wymaga squattera do przyzwoitego do równoległości.",Strength Training,Quadriceps,Bands,Intermediate,,
1788,HM Banded Squat Toe Tap,,Strength Training,Quadriceps,Bands,Intermediate,,
1789,UP Band Abducted Squat,,Strength Training,Quadriceps,Bands,Intermediate,,
1790,FYR2 Lateral Band Walk,,Strength Training,Quadriceps,Bands,Intermediate,,
1791,FYR2 Banded Squat Hold-Pulse-Jump Complex,,Strength Training,Quadriceps,Bands,Intermediate,,
1792,Band split squat,"Przysady podzielone zespołem to ruch zespołu atakujący quady, pośladki i ścięgna podkolanowe.Można go wykonywać dla czasu lub powtórzeń i często jest włączony w ramach treningu obwodu skoncentrowanego na tłuszczu lub atletyzmie.Pochylenie się do tyłu kładzie większy nacisk na pośladki i ścięgna podkolanowe, a jednocześnie stojąc prosto w kształcie quady.",Strength Training,Quadriceps,Bands,Intermediate,,
1793,Band front squat,"Przysady z przodu jest popularnym ćwiczeniem do atakowania mięśni dolnej części ciała, w tym czworogłów, pośladków i ścięgien.Trzymanie opaski w pozycji zanurzonej działa również na mięśnie rdzenia i górnej części obrońcy, aby utrzymać postawę podczas poruszania się dolnej części ciała.Ponieważ napięcie pasma zmienia się w miarę rozciągania, opór bardziej odpowiada naturalnej krzywej siły przysiadu.Ten ruch jest zwykle wykonywany dla umiarkowanych do wysokich powtórzeń, co najmniej 8-12 powtórzeń na zestaw lub więcej.Jeśli ten ruch boli cię kolana, spróbuj wykonać go z szerszą postawą.",Strength Training,Quadriceps,Bands,Intermediate,,
1794,Squat hold with band pull-apart,"Puksyjne przyciski pasmowe to połączenie przysiadu i opaski.Obejmuje utrzymanie pozycji przysiadu za pomocą ud lub poniżej równolegle do ziemi podczas wykonywania opaski.Pull-rozprzestrzenianie się jest ćwiczeniem skierowanym do mięśni górnej części pleców, w tym trapezu, tylnych deltów i romboidów.Pull-rozprzestrzenianie się przysiadu można wykonać w celu mobilności lub w celu zwiększenia czasu w napięciu mięśni dolnego ciała, w tym quadów, pośladków i ścięgien.",Strength Training,Quadriceps,Bands,Intermediate,,
1795,Banded squat toe tap,"Pasowane przysiadowe kranu to opasowana odmiana klasycznego przysiadu, ale z bocznym dotknięciem, aby dodać dodatkowego skupienia mięśni stabilizatora wokół bioder.Można go wykonywać dla czasu lub dla przedstawicieli w ramach dynamicznego rozgrzewki dla dolnej części ciała lub w dowolnej części treningu dolnego ciała.",Strength Training,Quadriceps,Bands,Intermediate,,
1796,Band overhead squat,"Pas przysiadów nad głową jest ruchem funkcjonalnym całego ciała, który działa w celu budowania siły i stabilności całego ciała.Jest to odmiana klasycznego ćwiczenia sztangowego i może być używana do szkolenia siły rdzenia i stabilności w zakresie olimpijskiego podnoszenia ciężarów lub CrossFit.",Strength Training,Quadriceps,Bands,Intermediate,,
1797,Quadriceps SMR,"Samo-Myofatial uwalnianie (SMR) jest samowystarczalnym leczeniem tkanki miękkiej dla dolnej części ciała, zwykle przy użyciu wałka piankowego, kulki lacrosse lub innego narzędzia do masażu „punktowa punktowa punkt”.Strategicznie wywierając ciśnienie na mięśnie czterokrotnie w górnej nodze, niektórzy uważają, że mogą powodować, że tak często bolesna i ciasna grupa mięśni się rozluźnia lub „uwolnienie”.Kwadriceps SMR często towarzyszą SMR na mięśniach łydki, pośladków lub bioder lub odcinkami skierowanymi do cieląt lub quadów.",Mobility and Stretching,Quadriceps,Foam Roll,Intermediate,5.4,Average
1798,Clean from Blocks,,Strength Training,Quadriceps,Barbell,Beginner,9.5,Average
1799,Barbell Full Squat,"Przysiady Backlell Back to popularny ruch złożony, który podkreśla budowanie grup mięśni dolnego ciała i ogólną siłę.To klasyczny sposób na rozpoczęcie dnia nóg i jest godnym centralnym elementem programu treningowego do niższego ciała.Squat jest konkurencyjnym windą w sporcie podnoszenia mocy, ale jest także klasycznym pomiarem siły dolnej części ciała.Gdy sztangę strzały na pułapkach lub górnej części pleców, nacisk kładzie się na tylny łańcuch, ale całe ciało jest pracowane.Przysiady tylne można trenować we wszystkim, od ciężkich singli po zestawy 20 powtórzeń lub wyższych.",Strength Training,Quadriceps,Barbell,Intermediate,9.4,Average
1800,Barbell back squat to box,"Puksyjne do pudełka z tyłu to popularna wersja klasycznego ćwiczenia dolnego ciała, które wykorzystuje pudełko w dolnej pozycji ruchu.Umożliwia to podnośnik dostosowanie głębokości przysiadu, a także ograniczenie odruchu rozciągającego na dole przysiadu.Ruch celuje w czworobok, pośladki i ścięgna podkolanowe.Przysiad do pudełka można wykonać dla niskich powtórzeń w celu budowy siły lub mocy lub dla wyższych powtórzeń do budowy mięśni.",Strength Training,Quadriceps,Barbell,Intermediate,9.3,Average
1801,Push-press,"Push-naciśnięcie jest napowietrzną odmianą prasową, w której sztanga jest popychana w górę z pomocą dolnej części ciała.To „pchnięcie” pomaga przemieszczać wagę przez punkt przyklejania ścisłej prasy.Push-Press jest powszechnie wykonywana jako część kompleksów sztangowych, trening energetyczny dla wszystkich rodzajów lekkoatletyki lub jako potężne ćwiczenie barkowe.",Strength Training,Quadriceps,Barbell,Intermediate,9.3,Average
1802,Power snatch-,"Straszka zasilania to podnoszenie całego ciała, w którym pręt jest wyciągany z podłogi z szerokim uchwytem do pozycji napowietrznej w jednym ruchu.Pasek jest odbierany w pozycji „mocy”, z biodrami wyższymi niż pozycja przysiadu w pełnej głębokości.Straszka mocy może być używana jako narzędzie do nauki dla pełnego chwytania lub do samodzielnego trenowania mocy i siły muskularnej.Zwykle odbywa się to dla niskich powtórzeń, koncentrując się na jakości i jakości ruchu.",Strength Training,Quadriceps,Barbell,Expert,9.3,Average
1803,Hang Clean,,Strength Training,Quadriceps,Barbell,Beginner,9.3,Average
1804,Barbell walking lunge,"Brilell Wassing Lunge testuje twoją zdolność do utrzymania równowagi, jednocześnie kwestionując quady, pośladki i ścięgna podkolanowe, a także mięśnie podstawowe.Korzystanie z sztangi pozwala przeciążyć ćwiczenie.Można go wykonać dla umiarkowanych powtórzeń, takich jak 8-15 na zestaw lub w całej siłowni lub dla wyższych powtórzeń jako wyzwanie kondycjonujące i wytrzymałości psychiczne.",Strength Training,Quadriceps,Barbell,Intermediate,9.2,Average
1805,Olympic Squat,,Strength Training,Quadriceps,Barbell,Beginner,9.1,Average
1806,Narrow-stance squat,"Puksyzm wąski-stał jest ćwiczeniem skierowanym do dolnej części ciała z naciskiem na quady.Wiele osób odkryje, że nie mogą iść tak głęboko w wąskim przysiadom, jak w przypadku szerszego przysiadu, co jest normalne.Przysiady wąskostronne można wykonywać dla czasu lub powtórzeń podczas każdego treningu.",Strength Training,Quadriceps,Barbell,Expert,9.0,Average
1807,Box Squat with Bands,,Strength Training,Quadriceps,Barbell,Beginner,9.0,Average
1808,Weighted Jump Squat,,Strength Training,Quadriceps,Barbell,Beginner,9.0,Average
1809,Squat with Chains,,Strength Training,Quadriceps,Barbell,Beginner,9.0,Average
1810,Barbell Squat,"Przysiady Backlell Back to popularny ruch złożony, który podkreśla budowanie grup mięśni dolnego ciała i ogólną siłę.To klasyczny sposób na rozpoczęcie dnia nóg i jest godnym centralnym elementem programu treningowego do niższego ciała.Squat jest konkurencyjnym windą w sporcie podnoszenia mocy, ale jest także klasycznym pomiarem siły dolnej części ciała.Gdy sztangę strzały na pułapkach lub górnej części pleców, nacisk kładzie się na tylny łańcuch, ale całe ciało jest pracowane.Przysiady tylne można trenować we wszystkim, od ciężkich singli po zestawy 20 powtórzeń lub wyższych.",Strength Training,Quadriceps,Barbell,Intermediate,8.9,Average
1811,Barbell front squat,"Przysady z przodu to ruch złożony, który podkreśla budowanie grup mięśni dolnego ciała.Z sztangą strąconą przed ciałem na przednich deltach, przednie przysiady podkreśla quady i pośladki, ale także wytrzymałość górną i rdzenia, aby pozostać pionowa.Przysiady przednie mogą być trenowane jako alternatywa dla przysiadów, jako ruch akcesoriów dla przysiadów lub martwych ciągów lub samodzielnie dla siły i mięśni.Wielu podnośników i sportowców woli je od przysiadów, chociaż początkowo mogą być niewygodne i trudne do nauczenia się.",Strength Training,Quadriceps,Barbell,Intermediate,8.9,Average
1812,Barbell forward lunge,"Lunge do przodu Barbell to popularne ćwiczenie dolnej części ciała ukierunkowane na quady, pośladki i ścięgna podkolanowe.Używanie sztangi pozwala przeciążyć ćwiczenie poza masą ciała i wykonywać ruch w sile lub zakresach powtórzeń skoncentrowanych na mięśniach.Lunge do przodu może być wykonywany jako część kompleksu Barbell, w obwodzie lub samodzielnie w części dolnej części każdego treningu.",Strength Training,Quadriceps,Barbell,Expert,8.8,Average
1813,Smith machine box squat,"Squat Smith Machine Box to ćwiczenie maszynowe ukierunkowane na quady, pośladki i ścięgna podkolanowe.Smith Machine naśladuje sztangę, ale zapewnia większą stabilność.Ten ruch można zaprogramować w niskich powtórzeniach pod kątem siły lub mocy lub wyższych powtórzeń dla wytrzymałości mięśni i siły.Często wykonuje się to dla umiarkowanych do wysokich powtórzeń, takich jak 8-12 powtórzeń na zestaw lub więcej, w ramach treningu całego ciała lub dolnego ciała.",Strength Training,Quadriceps,Barbell,Intermediate,8.8,Average
1814,Barbell step-up,"Zabranie sztangi jest świetnym ćwiczeniem do budowania siły i mocy dolnego ciała.Kieruje się na wszystkie te same mięśnie, co stopnie masy ciała, takie jak quady, pośladki i ścięgna podkolanowe, ale pozwala na większe przeciążenie mięśni.",Strength Training,Quadriceps,Barbell,Intermediate,8.7,Average
1815,Barbell Bulgarian split squat,"Bułgarski przysiad w bułgarii to ćwiczenie jednokierunkowe ukierunkowane na quady, pośladki i ścięgna podkolanowe.Łatwiej jest przeciążyć sztangą niż podczas używania hantli.Jeśli równowaga jest problemem, rozważ użycie maszyny Smitha lub trzymanie hantli po twojej stronie.",Strength Training,Quadriceps,Barbell,Intermediate,8.5,Average
1816,Hang Clean - Below the Knees,,Strength Training,Quadriceps,Barbell,Beginner,8.5,Average
1817,Barbell hack squat,"Puksyjne hacki Barbell to różnorodne martwe ciągi wykonane z sztangą za nogami.To zmusza podnośnik do pozycji ciała podobnej do przysiadu i atakuje quady i pośladki.Nazwa pochodzi od słynnego siłacza George'a Hackenschmidta, który wykonał go jako ogólne ćwiczenie budujące nogi.Puksyjne hacka na sztanście może być używane jako substytut przysiadu do hacku maszynowego lub samodzielnego ruchu siły i wielkości dolnej części ciała.",Strength Training,Quadriceps,Barbell,Expert,8.5,Average
1818,Hack Squat,"Hack Squat to ćwiczenie maszynowe, które są ukierunkowane na mięśnie nóg, szczególnie czworogłowe.Jest często używany jako akcesoria do przysiadów, ale może być również głównym ruchem dolnej części ciała podczas treningu.Często wykonuje się to dla umiarkowanych do wysokich powtórzeń, takich jak 8-12 powtórzeń na zestaw lub więcej.",Strength Training,Quadriceps,Barbell,Intermediate,8.4,Average
1819,Barbell thruster,"Brązowy sztopów jest ćwiczeniem całego ciała, które obejmuje zarówno kucanie, jak i naciskanie w jednym ruchu funkcjonalnym.Jest to szczególnie powszechne we współczesnych treningach CrossFit, ale także w ogólnym treningu siłowym.Sztangę jest zwykle czyszczona na swoim miejscu, ale można go wykonać zaczerpnięcie z przysiadu w pozycji na pierwszym miejscu.Tętop jest wykonywany w tradycyjnych zakresach powtórzeń zorientowanych na wytrzymałość, aby budować siłę w prasie lub w wyższych powtórzeniach w celu uwarunkowania całego ciała.",Strength Training,Quadriceps,Barbell,Intermediate,8.3,Average
1820,Split Jerk,,Strength Training,Quadriceps,Barbell,Beginner,8.3,Average
1821,Push-jerk,"Push-herk to ruch, w którym sztanga jest popychana z przedniej pozycji stojaka do nad głową z pomocą nóg.Różni się od prasy, ponieważ podnośnik zanurza się pod paskiem, a nie po prostu popycha go.Jest popularny w treningach CrossFit i olimpijskim podnoszeniu ciężarów, a także w szkoleniu energetycznym dla lekkoatletyki.Zwykle odbywa się to dla niskich powtórzeń, koncentrując się na jakości i jakości ruchu.",Strength Training,Quadriceps,Barbell,Intermediate,8.2,Average
1822,Barbell back squat,"Przysiady Backlell Back to popularny ruch złożony, który podkreśla budowanie grup mięśni dolnego ciała i ogólną siłę.To klasyczny sposób na rozpoczęcie dnia nóg i jest godnym centralnym elementem programu treningowego do niższego ciała.Squat jest konkurencyjnym windą w sporcie podnoszenia mocy, ale jest także klasycznym pomiarem siły dolnej części ciała.Gdy sztangę strzały na pułapkach lub górnej części pleców, nacisk kładzie się na tylny łańcuch, ale całe ciało jest pracowane.Przysiady tylne można trenować we wszystkim, od ciężkich singli po zestawy 20 powtórzeń lub wyższych.",Strength Training,Quadriceps,Barbell,Intermediate,8.2,Average
1823,Zercher squat,"Squat Zercher to ćwiczenie sztangowe, w którym pręt jest umieszczany w załamaniu łokci podczas wykonywania normalnego przysiadu.Ten ruch może być początkowo niezręczny, ale jest niezwykle skuteczny w budowaniu zarówno wielkości, jak i siły.",Strength Training,Quadriceps,Barbell,Intermediate,8.1,Average
1824,Jefferson Squats,,Strength Training,Quadriceps,Barbell,Beginner,8.0,Average
1825,Jerk Dip Squat,,Strength Training,Quadriceps,Barbell,Beginner,8.0,Average
1826,Barbell side split squat,"Przysady podzielony z boku Barbell to odmiana dzielonego przysiadu, która jest ukierunkowana na dolną część ciała, w szczególności quady, i wymaga dobrej mobilności bioder.",Strength Training,Quadriceps,Barbell,Intermediate,7.8,Average
1827,Frankenstein Squat,,Strength Training,Quadriceps,Barbell,Beginner,7.7,Average
1828,Barbell speed squat,"Puksyjne przysiady szalone są ukierunkowane na grupy mięśni dolnego ciała za pomocą lżejszych ciężarów do wykonania szybkich przysiadów tylnych.Przysiady prędkości są popularne w niektórych metodologiach treningowych podnoszenia mocy jako sposobu na wygrywanie formy i prędkości podnoszenia, które mogą przenieść do maksymalnych wyciągów.W tym podejściu są one zwykle wykonywane w wielu zestawach 3-5 powtórzeń z odpowiednim odpoczynkiem pomiędzy nimi.Przysiady prędkości są również czasami wykonywane z pasmami lub łańcuchami, które dodają dodatkowej odporności na górną połowę podnoszenia.",Strength Training,Quadriceps,Barbell,Intermediate,7.7,Average
1829,Single-arm side deadlift,"Martwy Ćwiczenie po stronie jednoramiennej to ćwiczenie złożone, które wzmacnia pośladki, quady, ścięgna podkolanowe, plecy i rdzeń.Ma większą podstawową stabilność i składnik przeciwzętowy niż inne odmiany martwego ciągnięcia.Martwy ciąg boczny odbywa się zwykle w przypadku powtórzeń o niskich lub umiarkowanych, takich jak 5-8 powtórzeń na stronę, z naciskiem na postawę i jakość ruchu.",Strength Training,Quadriceps,Barbell,Expert,7.5,Average
1830,Barbell Squat To A Bench,"Puksyjne do pudełka z tyłu sztangi wymaga klasycznego ćwiczenia złożonego w celu opracowania dolnej części ciała i dodaje element pudełkowy.Przepracowane mięśnie obejmują quady, biodra, pośladki i górne ścięgna podkolanowe.",Strength Training,Quadriceps,Barbell,Intermediate,7.4,Average
1831,Clean Pull,,Strength Training,Quadriceps,Barbell,Beginner,7.2,Average
1832,Front Barbell Squat To A Bench,,Strength Training,Quadriceps,Barbell,Beginner,5.3,Average
1833,Barbell reverse lunge,"Odwrotne lęgie sztangowe jest popularnym ćwiczeniem dolnej części ciała ukierunkowanego na quady, pośladki i ścięgna podkolanowe.Używanie sztangi pozwala przeciążyć ćwiczenie poza masą ciała i wykonywać ruch w sile lub zakresach powtórzeń skoncentrowanych na mięśniach.Odwrotne lunge można wykonywać jako część kompleksu Barbell, w obwodzie lub samodzielnie w części każdego treningu.",Strength Training,Quadriceps,Barbell,Intermediate,0.0,Average
1834,Split Clean,,Strength Training,Quadriceps,Barbell,Beginner,0.0,Average
1835,Close-stance dumbbell front squat,"Przysady z przodu hantli z bliskiej sytuacji jest popularnym ćwiczeniem do atakowania mięśni dolnej części ciała, w szczególności mięśnia czworogłowego.Trzymanie hantli w pozycji zanurzonej działa również w mięśnie rdzenia i górnej części obrońcy, aby utrzymać postawę podczas poruszania się dolnej części ciała.Ponieważ ilość wagi, którą możesz użyć, będzie ograniczona przez to, co można wyczyścić do pozycji stojaka, ten ruch jest zwykle wykonywany dla umiarkowanych do wysokich powtórzeń, co najmniej 8-12 powtórzeń na zestaw lub więcej.Jeśli ten ruch boli cię kolana, spróbuj wykonać go z szerszą postawą.",Strength Training,Quadriceps,Barbell,Intermediate,0.0,
1836,Front Squat (Clean Grip),,Strength Training,Quadriceps,Barbell,Beginner,0.0,Average
1837,Barbell front squat to back squat,"Puksyjne przysiad z przodu do back to kompleks, który łączy dwa podstawowe ruchy przysiadów z sztangi z prasą pomiędzy budową ogólnej siły, koordynacji i wytrzymałości.Ta kombinacja uderza w każdy mięsień w dolnej części ciała, ale także poważnie rzuca wyzwanie mięśniom górnej części ciała w celu kontrolowania i przejścia na wagę.",Strength Training,Quadriceps,Barbell,Intermediate,0.0,
1838,Squat Jerk,,Strength Training,Quadriceps,Barbell,Beginner,0.0,Average
1839,Barbell Front-To-Back Squat,"Puksyjne przysiad z przodu do back to kompleks, który łączy dwa podstawowe ruchy przysiadów z sztangi z prasą pomiędzy budową ogólnej siły, koordynacji i wytrzymałości.Ta kombinacja uderza w każdy mięsień w dolnej części ciała, ale także poważnie rzuca wyzwanie mięśniom górnej części ciała w celu kontrolowania i przejścia na wagę.",Strength Training,Quadriceps,Barbell,Intermediate,0.0,
1840,Box Squat with Chains,,Strength Training,Quadriceps,Barbell,Beginner,0.0,Average
1841,Snatch from Blocks,,Strength Training,Quadriceps,Barbell,Beginner,0.0,Average
1842,Power Snatch from Blocks,,Strength Training,Quadriceps,Barbell,Beginner,0.0,Average
1843,Front Squat (Bodybuilder),"Przysady z przodu to ruch złożony, który podkreśla budowanie grup mięśni dolnego ciała.Z sztangą strąconą przed ciałem na przednich deltach, przednie przysiady podkreśla quady i pośladki, ale także wytrzymałość górną i rdzenia, aby pozostać pionowa.Przysiady przednie mogą być trenowane jako alternatywa dla przysiadów, jako ruch akcesoriów dla przysiadów lub martwych ciągów lub samodzielnie dla siły i mięśni.Wielu podnośników i sportowców woli je od przysiadów, chociaż początkowo mogą być niewygodne i trudne do nauczenia się.",Strength Training,Quadriceps,Barbell,Intermediate,0.0,Average
1844,Barbell step-down reverse lunge,"Odwrotne longe z sztangą jest ćwiczeniem skierowanym do dolnej części ciała, szczególnie pośladków i ścięgna podkolanowych.Przednia stopa jest lekko podwyższona podczas tego ruchu, co sprawia, że ​​późniejsze przesuwanie jest bardziej wyraźne i trudne.Są one zwykle wykonywane dla czasu lub dla stosunkowo wysokich powtórzeń, takich jak 10 powtórzeń lub więcej na zestaw.",Strength Training,Quadriceps,Barbell,Intermediate,0.0,
1845,Squat with Bands,,Strength Training,Quadriceps,Barbell,Beginner,0.0,Average
1846,Heaving Snatch Balance,,Strength Training,Quadriceps,Barbell,Beginner,0.0,Average
1847,Snatch Balance,,Strength Training,Quadriceps,Barbell,Beginner,0.0,Average
1848,Reverse Band Power Squat,,Strength Training,Quadriceps,Barbell,Beginner,0.0,Average
1849,Paul Carter Back Squat,"Przysiady Backlell Back to popularny ruch złożony, który podkreśla budowanie grup mięśni dolnego ciała i ogólną siłę.To klasyczny sposób na rozpoczęcie dnia nóg i jest godnym centralnym elementem programu treningowego do niższego ciała.Squat jest konkurencyjnym windą w sporcie podnoszenia mocy, ale jest także klasycznym pomiarem siły dolnej części ciała.Gdy sztangę strzały na pułapkach lub górnej części pleców, nacisk kładzie się na tylny łańcuch, ale całe ciało jest pracowane.Przysiady tylne można trenować we wszystkim, od ciężkich singli po zestawy 20 powtórzeń lub wyższych.",Strength Training,Quadriceps,Barbell,Intermediate,,
1850,Paul Carter Barbell Split Squat,"Bułgarski przysiad w bułgarach to jednoosobowe ćwiczenie całego ciała ukierunkowane na quady, pośladki i ścięgna podkolanowe.Łatwiej jest przeciążyć sztangą, w przeciwieństwie do używania hantli.",Strength Training,Quadriceps,Barbell,Intermediate,,
1851,TBS High-Bar Back Squat,"Przysiady Backlell Back to popularny ruch złożony, który podkreśla budowanie grup mięśni dolnego ciała i ogólną siłę.To klasyczny sposób na rozpoczęcie dnia nóg i jest godnym centralnym elementem programu treningowego do niższego ciała.Squat jest konkurencyjnym windą w sporcie podnoszenia mocy, ale jest także klasycznym pomiarem siły dolnej części ciała.Gdy sztangę strzały na pułapkach lub górnej części pleców, nacisk kładzie się na tylny łańcuch, ale całe ciało jest pracowane.Przysiady tylne można trenować we wszystkim, od ciężkich singli po zestawy 20 powtórzeń lub wyższych.",Strength Training,Quadriceps,Barbell,Intermediate,,
1852,TBS Barbell Front Squat,"Przysady z przodu to ruch złożony, który podkreśla budowanie grup mięśni dolnego ciała.Z sztangą strąconą przed ciałem na przednich deltach, przednie przysiady podkreśla quady i pośladki, ale także wytrzymałość górną i rdzenia, aby pozostać pionowa.Przysiady przednie mogą być trenowane jako alternatywa dla przysiadów, jako ruch akcesoriów dla przysiadów lub martwych ciągów lub samodzielnie dla siły i mięśni.Wielu podnośników i sportowców woli je od przysiadów, chociaż początkowo mogą być niewygodne i trudne do nauczenia się.",Strength Training,Quadriceps,Barbell,Intermediate,,
1853,Squat - Gethin Variation,"Przysiady Backlell Back to popularny ruch złożony, który podkreśla budowanie grup mięśni dolnego ciała i ogólną siłę.To klasyczny sposób na rozpoczęcie dnia nóg i jest godnym centralnym elementem programu treningowego do niższego ciała.Squat jest konkurencyjnym windą w sporcie podnoszenia mocy, ale jest także klasycznym pomiarem siły dolnej części ciała.Gdy sztangę strzały na pułapkach lub górnej części pleców, nacisk kładzie się na tylny łańcuch, ale całe ciało jest pracowane.Przysiady tylne można trenować we wszystkim, od ciężkich singli po zestawy 20 powtórzeń lub wyższych.",Strength Training,Quadriceps,Barbell,Intermediate,,
1854,Front-To-Back Barbell Squat,,Strength Training,Quadriceps,Barbell,Intermediate,,
1855,Barbell Lunge - Gethin Variation,"Lunge do przodu Barbell to popularne ćwiczenie dolnej części ciała ukierunkowane na quady, pośladki i ścięgna podkolanowe.Używanie sztangi pozwala przeciążyć ćwiczenie poza masą ciała i wykonywać ruch w sile lub zakresach powtórzeń skoncentrowanych na mięśniach.Lunge do przodu może być wykonywany jako część kompleksu Barbell, w obwodzie lub samodzielnie w części dolnej części każdego treningu.",Strength Training,Quadriceps,Barbell,Intermediate,,
1856,Rack Deadlift - Gethin Variation,"Pull stojak jest odmianą martwego ciąży wykonanego z podwyższonej wysokości, używając pudeł, pinów bezpieczeństwa lub bezpieczeństwa w przysiadach.Kieruje się na te same mięśnie, co martwy ciąg, w tym pośladki, ścięgna, górna część pleców, dolna część pleców i uchwyt.Można go używać do wzmocnienia martwej blokady, ale także jako martwą alternatywę dla osób, które nie mogą martwy ciąg z podłogi bez bólu.",Strength Training,Quadriceps,Barbell,Intermediate,,
1857,Barbell Squat - Gethin Variation,"Przysiady Backlell Back to popularny ruch złożony, który podkreśla budowanie grup mięśni dolnego ciała i ogólną siłę.To klasyczny sposób na rozpoczęcie dnia nóg i jest godnym centralnym elementem programu treningowego do niższego ciała.Squat jest konkurencyjnym windą w sporcie podnoszenia mocy, ale jest także klasycznym pomiarem siły dolnej części ciała.Gdy sztangę strzały na pułapkach lub górnej części pleców, nacisk kładzie się na tylny łańcuch, ale całe ciało jest pracowane.Przysiady tylne można trenować we wszystkim, od ciężkich singli po zestawy 20 powtórzeń lub wyższych.",Strength Training,Quadriceps,Barbell,Intermediate,,
1858,Barbell Good Morning - Gethin Variation,"Dzień dobry, jest ćwiczeniem atakującym pośladkę, ścięgno podkolanowe i rozwój dolnej części pleców.Często jest szkolony jako ruch akcesoriów do martwego ciąży, ale ma również wartość samodzielnie.Czasami jest wykonywany dla powtórzeń w tradycyjnych zakresach powtórzeń skoncentrowanych na sile, takich jak 5-8 powtórzeń na zestaw, ale ze względu na ryzyko stawiane do dolnej części pleców, rzadko traktuje się jako maksymalne podnoszenie pojedynczej reprezentacji.",Strength Training,Quadriceps,Barbell,Intermediate,,
1859,AM Barbell Squat,"Przysiady Backlell Back to popularny ruch złożony, który podkreśla budowanie grup mięśni dolnego ciała i ogólną siłę.To klasyczny sposób na rozpoczęcie dnia nóg i jest godnym centralnym elementem programu treningowego do niższego ciała.Squat jest konkurencyjnym windą w sporcie podnoszenia mocy, ale jest także klasycznym pomiarem siły dolnej części ciała.Gdy sztangę strzały na pułapkach lub górnej części pleców, nacisk kładzie się na tylny łańcuch, ale całe ciało jest pracowane.Przysiady tylne można trenować we wszystkim, od ciężkich singli po zestawy 20 powtórzeń lub wyższych.",Strength Training,Quadriceps,Barbell,Intermediate,,
1860,Plyometric Power Clean,,Strength Training,Quadriceps,Barbell,Intermediate,,
1861,Banded Split Jerk,,Strength Training,Quadriceps,Barbell,Intermediate,,
1862,UP Squat,"Przysiady Backlell Back to popularny ruch złożony, który podkreśla budowanie grup mięśni dolnego ciała i ogólną siłę.To klasyczny sposób na rozpoczęcie dnia nóg i jest godnym centralnym elementem programu treningowego do niższego ciała.Squat jest konkurencyjnym windą w sporcie podnoszenia mocy, ale jest także klasycznym pomiarem siły dolnej części ciała.Gdy sztangę strzały na pułapkach lub górnej części pleców, nacisk kładzie się na tylny łańcuch, ale całe ciało jest pracowane.Przysiady tylne można trenować we wszystkim, od ciężkich singli po zestawy 20 powtórzeń lub wyższych.",Strength Training,Quadriceps,Barbell,Intermediate,,
1863,UN Barbell Back Squat,,Strength Training,Quadriceps,Barbell,Intermediate,,
1864,UN Barbell Box Squat,,Strength Training,Quadriceps,Barbell,Intermediate,,
1865,UN Barbell Front Squat,,Strength Training,Quadriceps,Barbell,Intermediate,,
1866,KV Bulgarian Split Squat,,Strength Training,Quadriceps,Barbell,Intermediate,,
1867,King Maker Barbell Back Squat,"Przysiady Backlell Back to popularny ruch złożony, który podkreśla budowanie grup mięśni dolnego ciała i ogólną siłę.To klasyczny sposób na rozpoczęcie dnia nóg i jest godnym centralnym elementem programu treningowego do niższego ciała.Squat jest konkurencyjnym windą w sporcie podnoszenia mocy, ale jest także klasycznym pomiarem siły dolnej części ciała.Gdy sztangę strzały na pułapkach lub górnej części pleców, nacisk kładzie się na tylny łańcuch, ale całe ciało jest pracowane.Przysiady tylne można trenować we wszystkim, od ciężkich singli po zestawy 20 powtórzeń lub wyższych.",Strength Training,Quadriceps,Barbell,Intermediate,,
1868,King Maker Barbell Deadlift,"Martwy rzut sztangowy jest złożonym ćwiczeniem stosowanym do rozwinięcia ogólnej wytrzymałości i wielkości w łańcuchu tylnym.Jest to winda konkurencyjna w sporcie podnoszenia mocy, ale jest również uważane za klasyczny punkt odniesienia ogólnej siły.Podczas wykonywania dłoni przed kolanami często nazywany jest „konwencjonalnym” martwym ciągiem.Kiedy stopy są szerokie, a dłonie są w kolanach, jest to martwy ciąg Sumo.",Strength Training,Quadriceps,Barbell,Intermediate,,
1869,30 Legs Barbell Back Squat,,Strength Training,Quadriceps,Barbell,Intermediate,,
1870,30 Legs Barbell Front Squat,,Strength Training,Quadriceps,Barbell,Intermediate,,
1871,Barbell Back Squats,,Strength Training,Quadriceps,Barbell,Intermediate,,
1872,Front Squats With Two Kettlebells,,Strength Training,Quadriceps,Kettlebells,Beginner,9.2,Average
1873,Kettlebell Pistol Squat,,Strength Training,Quadriceps,Kettlebells,Beginner,9.1,Average
1874,Goblet Squat,"Puksyjna jest popularnym ćwiczeniem dolnej części ciała, w którym trzymasz kettlebell lub hantle przed klatką piersiową, jakbyś wspierał ciężki kubek lub kielich.Może pomóc podnośnikom na wszystkich poziomach poprawić technikę przysiadu i mobilność bioder, ale może również działać jako budowanie mięśni lub ruchy dodatkowe dla doświadczonych sportowców.Działa również dobrze w kombinacjach, kompleksach i przepływach z innymi ruchami kettlebell, takimi jak huśtawki, prasy i czyszczenia.",Strength Training,Quadriceps,Kettlebells,Intermediate,8.7,Average
1875,Kettlebell Curtsy Lunge,,Strength Training,Quadriceps,Kettlebells,Beginner,7.7,Average
1876,Single-arm kettlebell overhead squat,"Squat z jednym ramieniem kettlebell to popularny ruch kettlebell wykonany podczas trzymania jednego kettlebell w zamkniętej pozycji napowietrznej.Dynamicznie atakuje mięśnie dolnej części ciała, jednocześnie trudne i budując stabilność barku i mobilność górnej części.Można go szkolić w tradycyjnych zakresach wytrzymałości lub budowy mięśni, w treningu obwodowym lub tłuszczu lub w ramach kombinacji kettlebell lub złożonej.",Strength Training,Quadriceps,Kettlebells,Expert,7.0,Average
1877,Kettlebell side squat,"Przysady z kettlebell to popularny ruch budowy mobilności i siły bocznej w biodrach.Można go wykonywać przez czas lub dla powtórzeń, samodzielnie lub jako część obwodu kettlebell, złożonego lub przepływu.",Strength Training,Quadriceps,Kettlebells,Intermediate,0.0,
1878,Kettlebell sumo squat,"Squat Kettlebell Sumo to ruch dolnego ciała podkreślający mięśnie bioder, pośladków i quadów.Dzieli atrybuty zarówno z martwym ciągiem Kettlebell, jak i przysiadu do kieszeni, ale zwykle jest wykonywany z szerszą postawą, a stopy wskazywały na bardziej na zewnątrz, podobnie jak martwy ciąg Sumo.Jego wyjątkowa postawa pomaga podnośnikowi utrzymać tułów pionowych, a także podkreślać rozciąganie bioder i mięśni adduktora.",Strength Training,Quadriceps,Kettlebells,Intermediate,0.0,Average
1879,Kettlebell thruster progression,"Progresja pędów kettlebell to ruch kombinacji Kettlebell, który obejmuje przysiad, loki, prasę i napowietrzne przedłużenie w jednej sekwencji.Może dobrze działać z lekką lub umiarkowaną wagą dla czasu lub powtórzeń, treningu w stylu obwodowym lub jako pojedynczym „przepływem” kettlebell.",Strength Training,Quadriceps,Kettlebells,Intermediate,0.0,
1880,Kettlebell power clean,"Kettlebell Power Clean to wybuchowe ćwiczenie kettlebell, w którym podnośnik przyciąga ciężar do poziomu ramion z lekkim huśtawką między nogami.Jest często stosowany jako wiertło do nauczania techniki czystej kettlebell, ale jest również cennym ćwiczeniem mocy w sobie.Można go wykonywać w niskich zakresach powtórzeń w celu uzyskania siły lub wyższych zakresów REP w zakresie praktyki techniki lub wzrostu mięśni.",Strength Training,Quadriceps,Kettlebells,Intermediate,0.0,
1881,Kettlebell fire feet,"Kettlebell Fire Feet to dynamiczny ruch, który jednocześnie pracuje w większości głównych grup mięśni w ciele, jednocześnie podnosząc tętno.Jest to świetny ruch, który obejmuje trening kettlebell lub obwód masy ciała w celu zwiększenia zmęczenia i spalania poważnych kalorii.",HIIT,Quadriceps,Kettlebells,Intermediate,0.0,
1882,Single Arm Overhead Kettlebell Squat,"Squat z jednym ramieniem kettlebell to popularny ruch kettlebell wykonany podczas trzymania jednego kettlebell w zamkniętej pozycji napowietrznej.Dynamicznie atakuje mięśnie dolnej części ciała, jednocześnie trudne i budując stabilność barku i mobilność górnej części.Można go szkolić w tradycyjnych zakresach wytrzymałości lub budowy mięśni, w treningu obwodowym lub tłuszczu lub w ramach kombinacji kettlebell lub złożonej.",Strength Training,Quadriceps,Kettlebells,Intermediate,0.0,Average
1883,Pulsing goblet squat,"Pulsyjne przysiad to prosty sposób na uczynienie popularnej odmiany przysiadu bardziej opodatkowania dla dolnego ciała i układu sercowo -naczyniowego.Można je wykonać dla czasu lub powtórzeń, co pozwala uzyskać znaczący efekt treningowy z lekkiego treningu w stylu obwodów.",Strength Training,Quadriceps,Kettlebells,Intermediate,,
1884,Double-kettlebell alternating lunge to clean,"Przemienne lunge do czyszczenia podwójnego kettlebell to połączenie ruchów kettlebell w jednej sekwencji.Ta kombinacja może być wykonywana przez czas lub dla powtórzeń, często jako trening w stylu obwodowym w celu kondycjonowania lub utraty tłuszczu lub w kompleksie kettlebell lub przepływu.",Strength Training,Quadriceps,Kettlebells,Intermediate,,
1885,FYR Goblet Squat,"Puksyjna jest popularnym ćwiczeniem dolnej części ciała, w którym trzymasz kettlebell lub hantle przed klatką piersiową, jakbyś wspierał ciężki kubek lub kielich.Może pomóc podnośnikom na wszystkich poziomach poprawić technikę przysiadu i mobilność bioder, ale może również działać jako budowanie mięśni lub ruchy dodatkowe dla doświadczonych sportowców.Działa również dobrze w kombinacjach, kompleksach i przepływach z innymi ruchami kettlebell, takimi jak huśtawki, prasy i czyszczenia.",Strength Training,Quadriceps,Kettlebells,Intermediate,,
1886,FYR Kettlebell Sumo Squat,"Squat Kettlebell Sumo to ruch dolnego ciała podkreślający mięśnie bioder, pośladków i quadów.Dzieli atrybuty zarówno z martwym ciągiem Kettlebell, jak i przysiadu do kieszeni, ale zwykle jest wykonywany z szerszą postawą, a stopy wskazywały na bardziej na zewnątrz, podobnie jak martwy ciąg Sumo.Jego wyjątkowa postawa pomaga podnośnikowi utrzymać tułów pionowych, a także podkreślać rozciąganie bioder i mięśni adduktora.",Strength Training,Quadriceps,Kettlebells,Intermediate,,
1887,Double-kettlebell front squat,"Przysady z przodu podwójnego kettlebell to popularny ruch kettlebell wykonywany podczas trzymania dwóch kettlebell w pozycji z przodu.Dynamicznie atakuje mięśnie dolnej części ciała, a mięśnie górnej części pleców i rdzenia izometrycznie.Można go trenować w zakresie tradycyjnych zakresów powtórzeń siły lub budowy mięśni, w treningu obwodu lub tłuszczu lub w ramach większej kombinacji kettlebell lub złożonej.",Strength Training,Quadriceps,Kettlebells,Intermediate,,
1888,FYR Kettlebell Squat Clean,"Kettlebell Squat Clean to wybuchowe ćwiczenie kettlebell, w którym podnośnik pociąga ciężar do poziomu ramion z lekkim huśtawką między nogami.Jest często stosowany jako wiertło do nauczania techniki czystej kettlebell, ale jest również cennym ćwiczeniem mocy w sobie.Można go wykonywać w niskich zakresach powtórzeń w celu uzyskania siły lub wyższych zakresów REP w zakresie praktyki techniki lub wzrostu mięśni.",Strength Training,Quadriceps,Kettlebells,Intermediate,,
1889,Single-arm kettlebell front squat,"Squat z pierwszego ramienia kettlebell to popularny ruch kettlebell wykonany podczas trzymania jednego kettlebell w pozycji z przodu.Dynamicznie atakuje mięśnie dolnej części ciała, a mięśnie górnej części pleców i rdzenia izometrycznie.Można go szkolić w tradycyjnych zakresach wytrzymałości lub budowy mięśni, w treningu obwodowym lub tłuszczu lub w ramach kombinacji kettlebell lub złożonej.",Strength Training,Quadriceps,Kettlebells,Intermediate,,
1890,Kettlebell front rack lunge,"Kettlebell Front Rack Lunge to dynamiczne ćwiczenie nogi i rdzenia, w którym podnośnik wykonuje rzutu, trzymając pojedynczy kettlebell w pozycji z przodu.Jest to wyjątkowe wyzwanie koordynacyjne, ale także trudne dla mięśni brzuch, dolnej części ciała, ramion i górnej części pleców.Najczęściej wykonuje się go dla wyższych powtórzeń, takich jak 10-15 powtórzeń na stronę lub dla czasu.Może pracować w treningach w stylu obwodów, a także w treningach mięśni lub siły.",Strength Training,Quadriceps,Kettlebells,Intermediate,,
1891,HM Turkish Get-Up,,Strength Training,Quadriceps,Kettlebells,Intermediate,,
1892,HM Single-Leg Romanian Deadlift,,Strength Training,Quadriceps,Kettlebells,Intermediate,,
1893,Taylor Single-Arm Kettlebell Front Squat,,Strength Training,Quadriceps,Kettlebells,Intermediate,,
1894,Taylor Kettlebell Goblet Squat,,Strength Training,Quadriceps,Kettlebells,Intermediate,,
1895,Goblet squat-,"Puksyjna jest popularnym ćwiczeniem dolnej części ciała, w którym trzymasz kettlebell lub hantle przed klatką piersiową, jakbyś wspierał ciężki kubek lub kielich.Może pomóc podnośnikom na wszystkich poziomach poprawić technikę przysiadu i mobilność bioder, ale może również działać jako budowanie mięśni lub ruchy dodatkowe dla doświadczonych sportowców.Działa również dobrze w kombinacjach, kompleksach i przepływach z innymi ruchami kettlebell, takimi jak huśtawki, prasy i czyszczenia.",Strength Training,Quadriceps,Kettlebells,Intermediate,,
1896,Holman Kettlebell Squat Clean,,Strength Training,Quadriceps,Kettlebells,Intermediate,,
1897,Holman Kettlebell Swing,,Strength Training,Quadriceps,Kettlebells,Intermediate,,
1898,Holman Kettlebell Swing Transfer,,Strength Training,Quadriceps,Kettlebells,Intermediate,,
1899,Dumbbell goblet squat-,"Puksyjka jest popularnym ćwiczeniem dolnej części ciała, w którym hantl lub kettlebell trzyma się przed klatką piersiową z dwoma rękami, przybliżając, jak możesz trzymać ciężki kielich.Jest używany jako narzędzie dydaktyczne, które pomaga pouczyć i rozwijać odpowiednią formę przysiadu, ale jest również skuteczny w zakresie wielkości budowania w quadach, pośladkach i ścięgnach podkolanowych.Można go wykonać dla niskich powtórzeń w celu budowania siły lub dla wyższych powtórzeń, aby budować mięśnie i kondycjonowanie.",Strength Training,Quadriceps,Kettlebells,Intermediate,,
1900,Robertson Kettlebell Jump,,Strength Training,Quadriceps,Kettlebells,Intermediate,,
1901,FYR2 Alternating Kettlebell Squat Clean,,Strength Training,Quadriceps,Kettlebells,Intermediate,,
1902,FYR2 Banded Double-Kettlebell Squat Pulse,,Strength Training,Quadriceps,Kettlebells,Intermediate,,
1903,FYR2 Double-Kettlebell Ballin' Lunge,,Strength Training,Quadriceps,Kettlebells,Intermediate,,
1904,FYR2 Double-Kettlebell Front Rack Lunge,,Strength Training,Quadriceps,Kettlebells,Intermediate,,
1905,FYR2 Double-Kettlebell Front Squat,,Strength Training,Quadriceps,Kettlebells,Intermediate,,
1906,FYR2 Explosive Kettlebell Jump Squat,,Strength Training,Quadriceps,Kettlebells,Intermediate,,
1907,FYR2 Kettlebell Goblet Squat,,Strength Training,Quadriceps,Kettlebells,Intermediate,,
1908,FYR2 Kettlebell Reverse Lunge Switch Grip,,Strength Training,Quadriceps,Kettlebells,Intermediate,,
1909,FYR2 Kettlebell Reverse Lunge to Kneeling Press,,Strength Training,Quadriceps,Kettlebells,Intermediate,,
1910,FYR2 Kettlebell Sumo Squat Pulse,,Strength Training,Quadriceps,Kettlebells,Intermediate,,
1911,FYR2 Reverse Lunge to Single-Leg Kettlebell Deadlift,,Strength Training,Quadriceps,Kettlebells,Intermediate,,
1912,FYR2 Kettlebell Goblet-Squat-Deadlift Complex,,Strength Training,Quadriceps,Kettlebells,Intermediate,,
1913,FYR2 Kettlebell Squat-Press-Deadlift Complex,,Strength Training,Quadriceps,Kettlebells,Intermediate,,
1914,Goblet Squats,,Strength Training,Quadriceps,Kettlebells,Intermediate,,
1915,Dumbbell Goblet Squat,"Puksyp kubek jest powszechnym ćwiczeniem stosowanym na wczesnych etapach nauki przysiadu lub jako ruch w ogólnych programach treningowych do budowania wielkości quadów, pośladków i ścięgien.",Strength Training,Quadriceps,Dumbbell,Intermediate,8.9,Average
1916,Dumbbell squat,"Puksyzm hantli to klasyczne ćwiczenie dolnego ciała, które są ukierunkowane na czworokąt, ścięgna podkolanowe i pośladki.Podczas gdy ta zmiana jest zwykle wykonywana ze stosunkowo lekkimi ciężarami dla wysokich powtórzeń, może być również stosowana jako substytut przysiadów lub martwego ciąży w pułapce w każdym treningu.",Strength Training,Quadriceps,Dumbbell,Intermediate,8.9,Average
1917,Dumbbell Lunges,"Przysady podzielony hantle to popularne ćwiczenie dolnego ciała do budowania siły i mięśni jednej nogi na raz.Można go używać do nauczania właściwej formy Lunge, ale jest również cenny, gdy jest szkolenia w tradycyjnych zakresach powtórzeń zorientowanych na siłę, takich jak 5-8 powtórzeń na zestaw lub dla wyższych powtórzeń do budowy mięśni lub do kondycji.",Strength Training,Quadriceps,Dumbbell,Intermediate,8.8,Average
1918,Dumbbell reverse lunge,"Odwrotne lunge hantli to popularny ruch dolnego ciała, który atakuje mięśnie quadów, pośladków, ścięgien i bioder.Działa również na mięśnie rdzenia i górnej części, aby utrzymać postawę podczas poruszania się dolnej części ciała.Różnice Lunge są często wykonywane dla umiarkowanych do wysokich powtórzeń, takich jak 8-12 powtórzeń na nogę lub więcej, w ramach części treningu dolnego ciała.Jeśli ten ruch boli cię kolana, spróbuj zamiast tego wykonać dzielone przysiady.",Strength Training,Quadriceps,Dumbbell,Intermediate,8.7,Average
1919,Split Squat with Dumbbells,"Przysady podzielone w Bułgaria Dubbell Bułgaria to ćwiczenie jednokierunkowe ukierunkowane na quady, pośladki i ścięgna podkolanowe.",Strength Training,Quadriceps,Dumbbell,Intermediate,8.6,Average
1920,Dumbbell sumo squat,"Przysiady hantli Sumo to popularny ruch dolnego ciała przy użyciu pojedynczego hantli trzymanego przed nogami.Jest wykonywany z szerszą postawą szerokości ramion, co zwiększa zapotrzebowanie na pośladki, ścięgna podkolanowe i adduktory, jednocześnie korzystając z quadów, rdzenia i górnej części ciała.Zazwyczaj wykonuje się to dla umiarkowanych do wysokich powtórzeń, co najmniej 8-12 powtórzeń na zestaw, w ramach części treningu dolnej części ciała.",Strength Training,Quadriceps,Dumbbell,Intermediate,8.3,Average
1921,Dumbbell seated box jump,"Skok do siedzenia hantle to wybuchowe ćwiczenie, które buduje mięśnie czworogłowe, a także ogólną siłę i wybuch dolnego ciała.Wszystko, czego potrzebujesz, to pudełko, ławka i lekka hantle.Wykonanie go z pozycji siedzącej eliminuje odruch rozciągający w dolnej części ciała, zmuszając do generowania większej mocy.Jest to zaawansowany ruch, więc rozważ od rozpoczęcia skoków lub skoków przysiadów przed przejściem do tego.",HIIT,Quadriceps,Dumbbell,Intermediate,8.3,Average
1922,Dumbbell step-up,"Hantle-Up jest świetnym ćwiczeniem do budowania siły i mocy dolnego ciała.Kieruje się na wszystkie te same mięśnie, co stopnie masy ciała, takie jak quady, pośladki i ścięgna podkolanowe, ale pozwala na większe przeciążenie mięśni.",Strength Training,Quadriceps,Dumbbell,Intermediate,8.2,Average
1923,Dumbbell Walking Lunge,"Walking hantle chodzący testuje twoją zdolność do utrzymania równowagi, jednocześnie kwestionując quady, pośladki i ścięgna podkolanowe, a także mięśnie rdzeniowe.",Strength Training,Quadriceps,Dumbbell,Intermediate,7.3,Average
1924,Dumbbell Squat To A Bench,,Strength Training,Quadriceps,Dumbbell,Beginner,7.0,Average
1925,Dumbbell thruster,"Drust hantliczny, który zaczyna się od przysiadu i kończy się na prasie napowietrznej, działa jednocześnie całe ciało w jednym ruchu płynu.To ćwiczenie jest często wykonywane z kettlebellami, ale hantle są również świetną opcją.",Strength Training,Quadriceps,Dumbbell,Intermediate,0.0,Average
1926,Dumbbell front squat,"Przysady z przodu hantli jest popularnym ćwiczeniem do atakowania mięśni dolnej części ciała, w tym mięśnia czworogłowego, pośladków i ścięgien.Trzymanie hantli w pozycji zanurzonej działa również w mięśnie rdzenia i górnej części obrońcy, aby utrzymać postawę podczas poruszania się dolnej części ciała.Ponieważ ilość wagi, którą możesz użyć, będzie ograniczona przez to, co można wyczyścić do pozycji stojaka, ten ruch jest zwykle wykonywany dla umiarkowanych do wysokich powtórzeń, co najmniej 8-12 powtórzeń na zestaw lub więcej.Jeśli ten ruch boli cię kolana, spróbuj wykonać go z szerszą postawą.",Strength Training,Quadriceps,Dumbbell,Intermediate,0.0,
1927,Single-Arm Dumbbell Overhead Squat,,Strength Training,Quadriceps,Dumbbell,Beginner,0.0,
1928,Dumbbell lateral hop,"Boczny chmie hantle to wybuchowe ćwiczenie, które atakuje mięśnie bioder i nóg.Dodanie hantli dodaje również wyzwania do rdzenia.Ponieważ równowaga może być wyzwaniem, jest zwykle wykonywana ze stosunkowo lekkimi ciężarami, często jako składnik treningu tłuszczu lub treningu sportowego.",HIIT,Quadriceps,Dumbbell,Intermediate,0.0,
1929,Dumbbell lunge with biceps curl,"Lnowe hantle z lokami bicepsów łączy izometryczne obrębie u dołu lunge z lokami bicepsów hantli.Dwa ćwiczenia łączą się, aby ukierunkować nogi, rdzeń i biceps.Curl określi ilość wagi, której możesz użyć, ale nawet lekka waga sprawi, że Lunge utrzyma poważne wyzwanie.",Strength Training,Quadriceps,Dumbbell,Intermediate,0.0,
1930,Dumbbell Pistol Squat,,Strength Training,Quadriceps,Dumbbell,Beginner,0.0,
1931,Dumbbell Squat Snatch,,Strength Training,Quadriceps,Dumbbell,Beginner,0.0,
1932,Dumbbell Alternating Lunge,,Strength Training,Quadriceps,Dumbbell,Beginner,0.0,
1933,Dumbbell jump squat,"Przysięganie skoku hantli to popularny ruch łączący wybuchowy ruch dolnego ciała z dodatkowym ładowaniem górnego ciała w postaci hantli trzymanych w rękach.Wykonane z większymi ciężarami, można go szkolić w przypadku niskich powtórzeń z ostrożnością.Przy lekkich ciężarach często odbywa się to dla wyższych powtórzeń w celu utraty tłuszczu i kondycjonowania.",HIIT,Quadriceps,Dumbbell,Intermediate,0.0,
1934,Dumbbell Side Lunge,,Strength Training,Quadriceps,Dumbbell,Beginner,0.0,Average
1935,Boss Everline Dumbbell Lunge Jump,,Strength Training,Quadriceps,Dumbbell,Intermediate,,
1936,Dumbbell Fix Dumbbell Split Squat,,Strength Training,Quadriceps,Dumbbell,Intermediate,,
1937,Single-leg dumbbell Romanian deadlift,"Rumuński martwy ciąg hantli jednorazowy jest ruchem ukierunkowanym na mięśnie ścięgna ścięgna, pośladków i pleców.Różnica między rumuńskim martwym ciągiem a martwym nogą jest ilość zakrętu kolanowego.Kolana są tylko lekko zgięte w sztywnym nogach martwym, podczas gdy bardziej zginają się w rumuńsku.Martwy ciąg na jednorazgach jest zwykle wykonywany dla powtórzeń o niskich lub umiarkowanych, takich jak 8-10 powtórzeń na zestaw, z naciskiem na maksymalizację rozciągnięcia ścięgna ścięgna zamiast poruszania ciężkiej masy.Jeśli równowaga jest wyzwaniem, ruch ten jest nadal bardzo skuteczny, jeśli jest wykonywany, trzymając się stabilnego obiektu do wsparcia.",Strength Training,Quadriceps,Dumbbell,Intermediate,,
1938,Dumbbell Fix Dumbbell Alternating Reverse Lunge,,Strength Training,Quadriceps,Dumbbell,Intermediate,,
1939,Dumbbell Fix Turkish Get-Up,,Strength Training,Quadriceps,Dumbbell,Intermediate,,
1940,Seesaw lunge,"Szybka lunge jest ćwiczeniem masy ciała, które łączy zarówno napastnik, jak i do tyłu.Można go również wykonać, trzymając hantle lub inne ciężary.Można go wykonywać dla czasu lub powtórzeń w części dolnej części każdego treningu.",Strength Training,Quadriceps,Dumbbell,Intermediate,,
1941,FYR Dumbbell Front Squat,"Przysiady z przodu hantli celują w quady, pośladki i ścięgna podkolanowe, a także górną część ciała i trudną stabilność rdzenia do budowania całkowitej siły ciała.",Strength Training,Quadriceps,Dumbbell,Intermediate,,
1942,Dumbbell split squat,"Przysady podzielony hantle to popularne ćwiczenie dolnego ciała do budowania siły i mięśni jednej nogi na raz.Można go używać do nauczania właściwej formy Lunge, ale jest również cenny, gdy jest szkolenia w tradycyjnych zakresach powtórzeń zorientowanych na siłę, takich jak 5-8 powtórzeń na zestaw lub dla wyższych powtórzeń do budowy mięśni lub do kondycji.",Strength Training,Quadriceps,Dumbbell,Intermediate,,
1943,Dumbbell deadlift,"Martwy ciąg hantli to ruch, który atakuje ścięgna, pośladki i mięśnie pleców.Choć można go wykonywać na całej ziemi, w stylu martwego ciągnięcia sztangi, częściej wykonuje się z góry na rumuński martwy ciąg.Martwy ciąg hantli można wykonywać w niskich zakresach powtórzeń w celu budowy siły tylnej lub w celu umiarkowanych do wysokich powtórzeń w celu budowy mięśni i wytrzymałości.",Strength Training,Quadriceps,Dumbbell,Intermediate,,
1944,Single-arm stiff-legged deadlift,"Martwy ciąg w pojedynczych ramkach jest ćwiczeniem hantli, które są ukierunkowane na ścięgna, pośladki, dolne i górne plecy oraz rdzeń.Różnica między martwym nogawkiem a rumuńskim martwym ciążeniem jest przede wszystkim ilość zakrętu kolanowego.Kolana są tylko lekko zgięte w sztywnym nogach martwym, podczas gdy bardziej zginają się w rumuńsku.W martwym czasie sztywne nogawki są zwykle wykonywane dla niskich do umiarkowanych powtórzeń, takich jak 8-10 powtórzeń na zestaw, z naciskiem na maksymalizację odcinka ścięgna ścięgna, a nie na poruszaniu ciężkiej ciężaru.Zapraszam do noszenia pasa wagowego, aby chronić dolne plecy.",Strength Training,Quadriceps,Dumbbell,Intermediate,,
1945,HM Dumbbell Overhead Squat,,Strength Training,Quadriceps,Dumbbell,Intermediate,,
1946,HM Dumbbell Squat,,Strength Training,Quadriceps,Dumbbell,Intermediate,,
1947,UNS Dumbbell Goblet Squat,,Strength Training,Quadriceps,Dumbbell,Intermediate,,
1948,Single-Arm Dumbbell Snatch,,Strength Training,Quadriceps,Dumbbell,Intermediate,,
1949,KV Dumbbell Lunges,,Strength Training,Quadriceps,Dumbbell,Intermediate,,
1950,Holman Squat to Biceps Curl,,Strength Training,Quadriceps,Dumbbell,Intermediate,,
1951,Holman Burpee to Biceps Curl,,Strength Training,Quadriceps,Dumbbell,Intermediate,,
1952,Holman Slow Weighted Reverse Lunge,,Strength Training,Quadriceps,Dumbbell,Intermediate,,
1953,Holman Slow Weighted Plie Squat,,Strength Training,Quadriceps,Dumbbell,Intermediate,,
1954,Holman Weighted Lunge Jump with Biceps Curl,,Strength Training,Quadriceps,Dumbbell,Intermediate,,
1955,Holman Left Reverse Lunge Chest Press to Left Knee-Up Chest Press,,Strength Training,Quadriceps,Dumbbell,Intermediate,,
1956,Holman Weighted Lunge Jump with Chest Press,,Strength Training,Quadriceps,Dumbbell,Intermediate,,
1957,Holman Weighted Half Jack to Biceps Curl,,Strength Training,Quadriceps,Dumbbell,Intermediate,,
1958,Holman Weighted Half Jack to Chest Press,,Strength Training,Quadriceps,Dumbbell,Intermediate,,
1959,Holman 180 Jump to Renegade Side Raise,,Strength Training,Quadriceps,Dumbbell,Intermediate,,
1960,Holman Right Reverse Lunge Biceps Curl to Right Knee-Up Biceps Curl,,Strength Training,Quadriceps,Dumbbell,Intermediate,,
1961,Holman Roll-Back to Squat Thrust to Renegade Row,,Strength Training,Quadriceps,Dumbbell,Intermediate,,
1962,Holman Roll-Back to Squat Thrust to Renegade Triceps Press,,Strength Training,Quadriceps,Dumbbell,Intermediate,,
1963,Holman Weighted Narrow Squat Jump,,Strength Training,Quadriceps,Dumbbell,Intermediate,,
1964,Holman Diagonal Deadlift,,Strength Training,Quadriceps,Dumbbell,Intermediate,,
1965,Holman Weighted Burpee to Triceps Press,,Strength Training,Quadriceps,Dumbbell,Intermediate,,
1966,Holman Squat Thrust Overhead Press,,Strength Training,Quadriceps,Dumbbell,Intermediate,,
1967,Holman Weighted Burpee to Chest Press,,Strength Training,Quadriceps,Dumbbell,Intermediate,,
1968,Holman Squat to Right-Arm Overhead Press,,Strength Training,Quadriceps,Dumbbell,Intermediate,,
1969,Holman Right Lunge Jump with Right Overhead Press,,Strength Training,Quadriceps,Dumbbell,Intermediate,,
1970,Holman Left Lunge Jump with Left Overhead Press,,Strength Training,Quadriceps,Dumbbell,Intermediate,,
1971,Holman Heavy Hip Drive,,Strength Training,Quadriceps,Dumbbell,Intermediate,,
1972,Holman Squat to Left-Arm Overhead Press,,Strength Training,Quadriceps,Dumbbell,Intermediate,,
1973,Holman Weighted Lunge Jump to Floor Lunge Jump,,Strength Training,Quadriceps,Dumbbell,Intermediate,,
1974,Holman Alternating Weighted Lunge Jump to Chest Press,,Strength Training,Quadriceps,Dumbbell,Intermediate,,
1975,Holman Weighted Burpee to Overhead Alternating Reverse Lunge,,Strength Training,Quadriceps,Dumbbell,Intermediate,,
1976,Holman Weighted 180 Jump to Chest Press,,Strength Training,Quadriceps,Dumbbell,Intermediate,,
1977,Holman Alternating Side Squat Overhead Press,,Strength Training,Quadriceps,Dumbbell,Intermediate,,
1978,Holman Right Lunge with Right Biceps Curl,,Strength Training,Quadriceps,Dumbbell,Intermediate,,
1979,Holman Left Lunge with Left Biceps Curl,,Strength Training,Quadriceps,Dumbbell,Intermediate,,
1980,Holman Squat Thrust to Alternating Front Raise,,Strength Training,Quadriceps,Dumbbell,Intermediate,,
1981,Dumbbell racked reverse lunge,"Odwrotne longe z hantlami jest popularnym ruchem dolnego ciała, który atakuje mięśnie quadów, pośladków, ścięgien i bioder.Utrzymanie hantli w pozycji zanurzonej dodatkowo rzuca wyzwanie mięśni rdzenia i górnej części obrońcy, aby utrzymać postawę podczas poruszania się dolnej części ciała.Różnice Lunge są często wykonywane dla umiarkowanych do wysokich powtórzeń, takich jak 8-12 powtórzeń na nogę lub więcej, w ramach części treningu dolnego ciała.Jeśli ten ruch boli cię kolana, spróbuj zamiast tego wykonać dzielone przysiady.",Strength Training,Quadriceps,Dumbbell,Intermediate,,
1982,Total Fitness Dumbbell Reverse Lunge,"Odwrotne lunge hantli to świetny ruch jednorazowy, który wzmacnia i buduje quady, ścięgna podkolanowe i pośladki.",Strength Training,Quadriceps,Dumbbell,Intermediate,,
1983,Single-arm dumbbell snatch-,"Stoi hantlowe jednoramienne to wybuchowe ćwiczenie, które buduje moc całego ciała i atakuje mięśnie bioder, pleców i ramion.Polega na podniesieniu hantli z ziemi do górnej części w jednym ruchu.Można go wykonywać dla niskich powtórzeń z naciskiem na moc i prędkość lub dla wyższych powtórzeń do budowy mięśni lub jako części metabolicznego obwodu kondycjonowania.",Strength Training,Quadriceps,Dumbbell,Intermediate,,
1984,Total Fitness Dumbbell Step-Up,"Hantle-Up jest świetnym ćwiczeniem do budowania siły i mocy dolnego ciała.Wersja hantli jest lepsza dla średnich i zaawansowanych podnośników niż początkujący, którzy powinni zacząć od wykonania tych nieważonych.",Strength Training,Quadriceps,Dumbbell,Intermediate,,
1985,Single-arm dumbbell front squat,"Przysady z hantli z pojedynczym ramię jest ćwiczeniem atakującym quady, pośladki i ścięgna podkolanowe, a także górną część ciała.Rzuca również wyzwanie wytrzymałości ukośnej z powodu obciążenia przesunięcia.Można go wykonywać w treningach zorientowanych na siły i mięśniach, w treningu obwodowym lub jako część większego kompleksu hantli z ruchami takimi jak czysto hantli.",Strength Training,Quadriceps,Dumbbell,Intermediate,,
1986,King Maker Weighted Jump Squat,"Puksyjne przysiad z hantli wymaga klasycznego ruchu kulturystyki, przysiadu i dodaje element plyometryczny, skok.Buduje nie tylko siłę niższego ciała, ale także wybuchowość.",Strength Training,Quadriceps,Dumbbell,Intermediate,,
1987,3D dumbbell lunge,"Longe hantli 3D jest sekwencją ćwiczeń dolnego ciała, które kierują się na mięśnie pośladków, quadów i ścięgien pod różnymi kątami.Składa się z jednego curtysy z każdą nogą, a następnie jedną odwrotną lunge z każdą nogą.Ta zmienność Lunge jest najczęściej wykonywana dla wielu rund w ramach obwodu lub treningu dolnego ciała.",Strength Training,Quadriceps,Dumbbell,Intermediate,,
1988,MetaBurn Dumbbell Burpee,,Strength Training,Quadriceps,Dumbbell,Intermediate,,
1989,Dumbbell jump squat with rotation,"Puksyjne przysiad z hantli z obrotem jest popularnym ruchem łączącym wybuchowy ruch dolnego ciała z dodatkowym obciążeniem górnego ciała w postaci hantli trzymanych w dłoni.Każdy skok kończy się na korpusie skręconym 90 stopni, dodając do podnoszenia komponent mocy obrotowej.Zazwyczaj wykonuje się to z lekkimi ciężarami dla wysokich powtórzeń w treningach tłuszczu i kondycji.",Strength Training,Quadriceps,Dumbbell,Intermediate,,
1990,MetaBurn Dumbbell Wide Squat to Rack,,Strength Training,Quadriceps,Dumbbell,Intermediate,,
1991,MetaBurn Reverse Lunge To High Pull,,Strength Training,Quadriceps,Dumbbell,Intermediate,,
1992,MetaBurn Reverse Lunge With Overhead Raise,,Strength Training,Quadriceps,Dumbbell,Intermediate,,
1993,MetaBurn Squat to Triceps Extension,,Strength Training,Quadriceps,Dumbbell,Intermediate,,
1994,30 Legs Dumbbell Goblet Squat,,Strength Training,Quadriceps,Dumbbell,Intermediate,,
1995,30 Legs Dumbbell Squat,,Strength Training,Quadriceps,Dumbbell,Intermediate,,
1996,Dumbbell step-down reverse lunge,"Odwrotne longe z hantlami jest ćwiczenie ukierunkowane na dolne ciało, szczególnie pośladki i ścięgna podkolanowe.Przednia stopa jest lekko podwyższona podczas tego ruchu, co sprawia, że ​​późniejsze przesuwanie jest bardziej wyraźne i trudne.Są one zwykle wykonywane dla czasu lub dla stosunkowo wysokich powtórzeń, takich jak 10 powtórzeń lub więcej na stronę.",Strength Training,Quadriceps,Dumbbell,Intermediate,,
1997,Tire flip,"Odwrotka opon to ćwiczenie, które pracuje przez całe ciało, zaczynając od pozycji martwej i kończącej się przewracaniem gigantycznej opony.Każde klapki porusza oponę dalej w jednym kierunku, aż zestaw zostanie ukończony.Można go wykonywać dla czasu lub powtórzeń w ramach funkcjonalnej fitness lub treningu skoncentrowanego na atletyzmie.",Strength Training,Quadriceps,Other,Intermediate,9.4,Average
1998,Single Leg Push-off,,HIIT,Quadriceps,Other,Beginner,9.2,Average
1999,Bear crawl sled drag,"Opór sanków odczołgania niedźwiedzia jest zaawansowaną odmianą ćwiczeń pełzających niedźwiedzie obejmujących dodatkową opór z sanków lub innej wagi.Jeśli nie są dostępne sanki, inne opłacalne opcje obejmują łańcuch przeciągania, płytkę sztangową lub oponę.Przeciąganie sanków niedźwiedzi to intensywny ruch całego ciała, który jest ukierunkowany na układ sercowo-naczyniowy, a także szeroki zakres grup mięśni, zwłaszcza ramion, rdzenia i nóg.Można to zrobić w krótkich seriach treningu mocy lub obwodu lub w przypadku dłuższego okresu kondycjonowania sercowo -naczyniowego.",Strength Training,Quadriceps,Other,Intermediate,9.0,Average
2000,Bicycling,,Cardio,Quadriceps,Other,Intermediate,8.9,Average
2001,Hex-bar deadlift,"Martwy ciąg sześciokątny to różnorodne martwe ciągi wykonywane w sześciokątnej sztangach znanym również jako bar pułapki.Pasek jest trzymany z równoległym (dłoniami) uchwytem na zewnątrz nóg.Biomechanicalnie różni się od martwego ciąży sztangi, ponieważ ustawia się z środkiem grawitacji podnośnika, zamiast kłaść ciężar przed ich ciałem.Aktywuje wszystkie te same grupy mięśni, co martwe ciągłe lub sumo, w tym pośladki, quady, ścięgna podkolanowe, dolne plecy, Lats, górna część pleców i chwyt.",Strength Training,Quadriceps,Other,Intermediate,8.8,Average
2002,Skating,,Cardio,Quadriceps,Other,Beginner,8.4,Average
2003,Weighted sissy squat,"Ważona przysiad sissy jest ćwiczeniem ukierunkowanym głównie na mięśnia czworogłowe.W przysiadach Sissy kolana przemieszczają się nad palcami, umieszczając quady pod dość ekstremalnym odcinkiem.Zazwyczaj są one wykonywane dla umiarkowanych do wysokich powtórzeń w ramach sesji treningowej dolnego ciała.",Strength Training,Quadriceps,Other,Intermediate,8.4,Average
2004,Dumbbell step-up,"Hantle-Up jest świetnym ćwiczeniem do budowania siły i mocy dolnego ciała.Kieruje się na wszystkie te same mięśnie, co stopnie masy ciała, takie jak quady, pośladki i ścięgna podkolanowe, ale pozwala na większe przeciążenie mięśni.",Strength Training,Quadriceps,Dumbbell,Intermediate,8.2,Average
2005,Yoke Walk,,Strength Training,Quadriceps,Other,Beginner,8.0,Average
2006,Front Cone Hops (or hurdle hops),,HIIT,Quadriceps,Other,Beginner,7.3,Average
2007,Weighted Squat,,Strength Training,Quadriceps,Other,Beginner,7.2,Average
2008,Bench skip,"Pomijanie ławki jest wybuchowym ćwiczeniem dolnej części ciała, które obejmuje naprzemiennie pozycję stóp na ławce.Kieruje się przede wszystkim na mięśnie dolnej części ciała, ale jest również poważnym wyzwaniem sercowo -naczyniowym.Jest często wykonywany dla wysokich powtórzeń lub czasu w ramach treningu lub obwodu skoncentrowanego na tłuszczu lub atletyzmie.",HIIT,Quadriceps,Other,Intermediate,7.0,Average
2009,Backward Drag,,Strength Training,Quadriceps,Other,Beginner,6.9,Average
2010,Sled Push,"Push na sankach jest ćwiczeniem kondycjonującym, które są ukierunkowane na układ sercowo -naczyniowy i mięśnie dolnej części ciała.Polega na popchnięciu sań wzdłuż murawy lub innej płaskiej powierzchni w czasie lub odległości.W zależności od rodzaju sprzętu możesz naciskać uchwyty lub paski przed sankami.Może być używany jako część dynamicznego rozgrzewki lub do treningu energetycznego, jako finiszer lub jako część treningu lub obwodu.",Strength Training,Quadriceps,Other,Intermediate,6.8,Average
2011,Barbell squat with plate slide,"Puksyzm z szkiełkiem płytowym jest ćwiczeniem ukierunkowanym na mięśnia czworogłowe, a slajd płyty działa również na adduktory i porywacze.Może pomóc Ci uzyskać więcej rozwinięcia ogółem i biodrem z przysiadów, ale prawdopodobnie nie jest to coś, co chcesz zrobić z poważnym ciężkim obciążeniem na plecach.",Strength Training,Quadriceps,Other,Intermediate,6.7,Average
2012,Suspended split squat,"Zawieszony przysiad jest jedną nogawką przysiadową wykonaną z tylną nogą w systemie paska zawieszenia.To pozwala tylnej nogi poruszać się nieco bardziej naturalnie niż byłaby w stanie na ławce.Ćwiczenie jest skierowane do mięśni quadów, ścięgna i pośladków na przedniej nodze, ale także podatki i rozciąga quady na tylnej nodze.",Strength Training,Quadriceps,Other,Intermediate,6.5,Average
2013,Intermediate Hip Flexor and Quad Stretch,,Mobility and Stretching,Quadriceps,Other,Beginner,6.3,Average
2014,Sled Drag - Harness,,Strength Training,Quadriceps,Other,Intermediate,0.0,Average
2015,Burpee over barbell,"Burpee nad Barbell to ćwiczenie, które zabiera burpee, popularny ruch fitness i oddziela każdy przedstawiciel bocznym skokiem przez sztanga.Działa układ sercowo -naczyniowy, ale także klatkę piersiową, quady, pośladki, ścięgna podkolanowe i ABS.To ćwiczenie jest ulubieńcem wielu sportowców, w tym uczestników rasy przeszkód.",HIIT,Quadriceps,Other,Intermediate,0.0,
2016,Dumbbell walking lunge-,"Walking Lunge hantle to popularny ruch dolnego ciała, który atakuje mięśnie quadów, pośladków, ścięgien i bioder.Działa również na mięśnie rdzenia i górnej części, aby utrzymać postawę podczas poruszania się dolnej części ciała.Chodzący hantle jest często wykonywany dla umiarkowanych do wysokich powtórzeń, takich jak 8-12 powtórzeń na nogę lub więcej, w ramach części treningu dolnej części ciała.Jeśli ten ruch boli cię kolana, spróbuj zamiast tego wykonać odwrotne rzuty lub podziel przysiad.",Strength Training,Quadriceps,Other,Intermediate,0.0,Average
2017,Single-Leg Box Jump,,HIIT,Quadriceps,Other,Beginner,0.0,Average
2018,Conan's Wheel,,Strength Training,Quadriceps,Other,Beginner,0.0,Average
2019,Single-Leg Hop Progression,,HIIT,Quadriceps,Other,Beginner,0.0,Average
2020,Rickshaw Deadlift,,Strength Training,Quadriceps,Other,Beginner,0.0,
2021,Single-cone sprint drill,"Wiertło sprinterowe z pojedynczym kasem to wiertło zwinności, które obejmuje szybkie poruszanie się po jednym stożku.Wymaga, aby sportowiec rozpoczął, zatrzymał się i zmieniał kierunki w krótkim czasie i małej przestrzeni.Może to być korzystne dla piłkarzy i innych sportowców, w których ważne są szybkie zmiany kierunku.",HIIT,Quadriceps,Other,Intermediate,0.0,
2022,Single-Leg Stride Jump,,HIIT,Quadriceps,Other,Beginner,0.0,
2023,Trap Bar Jump,,HIIT,Quadriceps,Other,Beginner,0.0,
2024,Single-Leg Lateral Hop,,HIIT,Quadriceps,Other,Beginner,0.0,Average
2025,Burpee Box-Jumps,,HIIT,Quadriceps,Other,Intermediate,0.0,
2026,Sandbag Load,,Strength Training,Quadriceps,Other,Beginner,0.0,Average
2027,Single-leg knee-tap squat,"Squat z jednej nogi przysiadu z kolanem to jednoosobowa wariacja przysiadu, która obejmuje „unoszenie” tylnej nogi nad ziemią na zejściu, aż dotknie tylko kolana do ziemi lub podkładki.Jest podobny do lunge, ale bez dotykania tylnej stopy na ziemi.Jest to intensywne wyzwanie siły i koordynacji, które może działać w każdym treningu skoncentrowanym na sile lub atletyzmie.",Strength Training,Quadriceps,Other,Intermediate,0.0,Average
2028,Car Deadlift,,Strength Training,Quadriceps,Other,Beginner,0.0,
2029,Barbell Squat To A Box,,Strength Training,Quadriceps,Other,Beginner,0.0,
2030,Double Under,,Cardio,Quadriceps,Other,Beginner,0.0,
2031,Plate push,"Push płyty jest ćwiczeniem kondycjonującym, które są ukierunkowane na układ sercowo -naczyniowy i mięśnie dolnej części ciała.Polega na popchnięciu płyty wzdłuż darni lub innej płaskiej powierzchni na czas lub odległość.Może być używany jako część dynamicznego rozgrzewki lub do treningu energetycznego, jako finiszer lub jako część treningu lub obwodu.",Cardio,Quadriceps,Other,Intermediate,,
2032,Hybrid deadlift,"Hybrydowy martwy ciąg to wersja martwego ciągnika, w której postawa podnośnika jest szersza niż konwencjonalna pozycja, ale węższa niż szeroki martwy ciąg Sumo.Stopy znajdują się tuż za ramionami, a umieszczenie przyczepności znajduje się tuż w nogach.Wielu niekonkurencyjnych podnośników uważa, że ​​ta pozycja jest bardziej przyjazna i silna kręgosłupa niż jedna z innych tradycyjnych postaw.Ta odmiana martwego ciąży ma wszystkie takie same korzyści jak inne i jest w stanie budować poważną siłę łańcucha pełnego ciała i tylnego.",Strength Training,Quadriceps,Other,Intermediate,,
2033,Boss Everline Suspension Side Run,,Strength Training,Quadriceps,Other,Intermediate,,
2034,Boss Everline Lunge Sled Push,,Strength Training,Quadriceps,Other,Intermediate,,
2035,Squat Bottom Position Hold,,Strength Training,Quadriceps,Other,Intermediate,,
2036,TRX Squat Jump,,Strength Training,Quadriceps,Other,Intermediate,,
2037,Landmine squat,"Puksyj lądowy to ćwiczenie dolnej części ciała, które wykorzystuje kątową sztangę zakotwiczoną na poziomie podłogi w urządzeniu do lądowania.Można go również wykonać, wkładając sztangę w rogu pokoju, najlepiej w ręczniku, aby chronić ściany.Puksyjny miny jest pod wieloma względami podobny do przysiadu, ale z niewielkimi różnicami ze względu na kąt sztangi.Może być szkolony w tradycyjnych zakresach powtórzeń mięśni i siły lub dla wyższych powtórzeń.",Strength Training,Quadriceps,Other,Intermediate,,
2038,Dumbbell Bulgarian split squat,"Bułgarski przysiad z hantli, to ćwiczenie jednokierowe ukierunkowane na quady, pośladki i ścięgna podkolanowe.Przeciążenie ruchu za pomocą hantli zwykle stanowi mniejsze wyzwanie równowagi niż umieszczanie sztangi na plecach.Przysięki podzielone hantle są zwykle wykonywane dla umiarkowanych do wysokich powtórzeń, takich jak 8-12 powtórzeń na nogę, ale są również skuteczne z większymi ciężarami w niższych zakresach powtórzeń.",Strength Training,Quadriceps,Other,Intermediate,,
2039,Holman Towel Alternating Prisoner Reverse Lunge,,Strength Training,Quadriceps,Other,Intermediate,,
2040,Holman Weighted Burpee to Belly Touch,,Strength Training,Quadriceps,Other,Intermediate,,
2041,Holman Weighted Burpee to Front Punch,,Strength Training,Quadriceps,Other,Intermediate,,
2042,Holman Weighted Low Squat Punch,,Strength Training,Quadriceps,Other,Intermediate,,
2043,Holman Weighted Hook Punch to Squat Thrust,,Strength Training,Quadriceps,Other,Intermediate,,
2044,Holman Towel Alternating Side Lunge Squat,,Strength Training,Quadriceps,Other,Intermediate,,
2045,Holman Weighted Burpee to Renegade Side Punch,,Strength Training,Quadriceps,Other,Intermediate,,
2046,Holman Weighted Reverse Lunge to Knee-Up Overhead Press,,Strength Training,Quadriceps,Other,Intermediate,,
2047,Holman Lunge Jump with Overhead Press,,Strength Training,Quadriceps,Other,Intermediate,,
2048,Holman Weighted Burpee to Belly Touch to Standing T,,Strength Training,Quadriceps,Other,Intermediate,,
2049,Holman Weighted Squat Jump,,Strength Training,Quadriceps,Other,Intermediate,,
2050,Holman Weighted Plie Squat,,Strength Training,Quadriceps,Other,Intermediate,,
2051,Holman Heels-Elevated Sissy Squat,,Strength Training,Quadriceps,Other,Intermediate,,
2052,Holman Squat Jump to Overhead Press,,Strength Training,Quadriceps,Other,Intermediate,,
2053,Holman 180 Jump to Overhead Press,,Strength Training,Quadriceps,Other,Intermediate,,
2054,Holman Weighted Burpee to Row,,Strength Training,Quadriceps,Other,Intermediate,,
2055,Holman Weighted Burpee to 180 Jump,,Strength Training,Quadriceps,Other,Intermediate,,
2056,Holman Weighted 180 Jump,,Strength Training,Quadriceps,Other,Intermediate,,
2057,Holman Weighted Narrow-Mid-Wide Hop,,Strength Training,Quadriceps,Other,Intermediate,,
2058,Holman Alternating Weighted Diagonal Burpee,,Strength Training,Quadriceps,Other,Intermediate,,
2059,Holman Towel Burpee to Push-Up,,Strength Training,Quadriceps,Other,Intermediate,,
2060,Holman Towel Right Side Squat,,Strength Training,Quadriceps,Other,Intermediate,,
2061,ACFT Sprint-drag-carry,"Karry na sprint jest przekaźnikiem wytrzymałościowym i wytrzymałościowym, który jest częścią nowego testu fitness armii lub ACFT.Łączy sprint, opór z odwrotną sanki, tasowanie boczne i noszenie rolnika, aby przetestować ogólną siłę i kondycjonowanie sportowe.Ćwiczenie tego przekaźnika jako wiertła doskonale nadaje się do rozwijania siły, prędkości, wytrzymałości i mocy, a także może być świetną pracą uwarunkowującą dla podnośników i sportowców o wszystkich poziomach umiejętności.",Strength Training,Quadriceps,Other,Intermediate,,
2062,Cable Hip Adduction,,Strength Training,Quadriceps,Cable,Beginner,8.2,Average
2063,Cable Deadlifts,,Strength Training,Quadriceps,Cable,Beginner,7.7,Average
2064,KV Cable Squat,,Strength Training,Quadriceps,Cable,Intermediate,,
2065,Single-Leg Press,"Prasa na nogę jednorazową jest ćwiczeniem ukierunkowanym na czworogłów jedną nogę na raz.Wielu podnośników woli prasę nóg na kucanie z kilku powodów, w tym przekonanie, że jest to bezpieczniejsze dla kręgosłupa.",Strength Training,Quadriceps,Machine,Intermediate,9.6,Average
2066,Stair climber,"Schody jest popularną maszyną do kardio występującej w większości komercyjnych siłowni.Oprócz spalania mnóstwa kalorii wspinacz schodów pomaga również budować siłę w dolnej części ciała, zwłaszcza pośladków.Może działać dobrze przy wyższych prędkościach w zakresie treningu kondycyjnego w stylu interwałowym, ale również dobrze działa w wolniejszych krokach dla kardio w stanie ustalonym.",Cardio,Quadriceps,Machine,Intermediate,9.1,Average
2067,Leg Press,"Prasa nóg jest ćwiczeniem maszynowym ukierunkowanym na mięśnia czworogłowe.Jest ulubionym wśród podnośników, którzy wolą siedzącą pozycję niż stać z ładunkiem na kręgosłupie.",Strength Training,Quadriceps,Machine,Intermediate,8.8,Average
2068,Elliptical trainer,"Trener eliptyczny jest popularną maszyną do treningu sercowo -naczyniowego bez znaczącego wpływu na stawy biegania.Na wielu maszynach możesz dostosować poziom oporu, aby ruch był trudniejszy dla wszystkich czterech kończyn.Eliptyka jest ostoją w większości komercyjnych siłowni i może być równie skuteczna w treningach przedziałowych w stylu HIIT lub w pracy wytrzymałościowej.",Cardio,Quadriceps,Machine,Intermediate,8.8,Average
2069,Narrow-stance leg press,"Wąska-postarska prasa nóg to ćwiczenie maszynowe, które są ukierunkowane na mięśnie nóg.Podkreśla quady, szczególnie mięśnie zewnętrznych quadów i bioder.Jest często używany jako akcesorium do przysiadów lub jako ruch budowania mięśni podczas treningu dolnego ciała, gdy jest zwykle wykonywany dla umiarkowanych do wysokich powtórzeń, takich jak 8-12 powtórzeń na zestaw lub więcej.",Strength Training,Quadriceps,Machine,Intermediate,8.8,Average
2070,Narrow Stance Hack Squats,,Strength Training,Quadriceps,Machine,Beginner,8.8,Average
2071,Stairmaster,"Schody jest popularną maszyną do kardio występującej w większości komercyjnych siłowni.Oprócz spalania mnóstwa kalorii wspinacz schodów pomaga również budować siłę w dolnej części ciała, zwłaszcza pośladków.Może działać dobrze przy wyższych prędkościach w zakresie treningu kondycyjnego w stylu interwałowym, ale również dobrze działa w wolniejszych krokach dla kardio w stanie ustalonym.",Cardio,Quadriceps,Machine,Intermediate,8.8,Average
2072,Machine Squat,,Strength Training,Quadriceps,Machine,Intermediate,8.8,Average
2073,Smith machine back squat,"Squat Smith Machine Back to ćwiczenie maszynowe skierowane do mięśni dolnej części ciała.Smith Machine naśladuje sztangę, ale zapewnia większą stabilność.Ten ruch można zaprogramować w niskich powtórzeniach pod kątem wytrzymałości siły lub wyższej dla wytrzymałości mięśni i siły.Często wykonuje się to dla umiarkowanych do wysokich powtórzeń, takich jak 8-12 powtórzeń na zestaw lub więcej, w ramach treningu całego ciała lub dolnego ciała.",Strength Training,Quadriceps,Machine,Intermediate,8.7,Average
2074,Leg Extensions,Przedłużenie nogi jest ćwiczeniem izolacyjnym dla quadów.,Strength Training,Quadriceps,Machine,Intermediate,8.5,Average
2075,Treadmill running,"Bieżnik to popularne ćwiczenie sercowo -naczyniowe wykonywane na maszynie dostępnej na większości siłowni.Wykonanie tego ćwiczenia na bieżni pozwala dostosować prędkość biegu i, w zależności od maszyny, wykonaj je na regulowanym nachyleniu.Wiele maszyn ma również wbudowane monitory tętna i timery, które pomogą Ci śledzić swoje postępy.",Cardio,Quadriceps,Machine,Intermediate,8.4,Average
2076,Stationary bike,"Rower stacjonarny to popularna maszyna cardio występująca w większości komercyjnych siłowni.Oprócz spalania mnóstwa kalorii rower stacjonarny pomaga również rozwijać dolną część ciała.Stacjonarne motocykle są w wielu odmianach, od tych, które przypominają jazdę na rowerze, po lekceważenie motocykli, po rowery fanowskie, które działają zarówno ramionami, jak i nogami.Bez względu na zmienność rower stacjonarny może dobrze działać przy wyższych prędkościach w zakresie treningu kondycyjnego w stylu interwałowym, ale także dobrze działa w wolniejszych krokach dla cardio w stanie ustalonym.",Cardio,Quadriceps,Machine,Intermediate,8.3,Average
2077,Treadmill jogging,"Jogging na bieżni jest popularnym ćwiczeniem sercowo -naczyniowym wykonywanym na maszynie dostępnej na większości siłowni.Wykonanie tego ćwiczenia na bieżni pozwala dostosować prędkość joggingu i, w zależności od maszyny, wykonanie go na regulowanym nachyleniu.Wiele maszyn ma również wbudowane monitory tętna i timery, które pomogą Ci śledzić swoje postępy.",Cardio,Quadriceps,Machine,Intermediate,8.3,Average
2078,Recumbent Bike,,Cardio,Quadriceps,Machine,Beginner,8.2,Average
2079,Smith machine leg press,"Smith Machine nogi prasa to ruch maszynowy, który atakuje quady, pośladki i ścięgna podkolanowe.Może służyć jako substytut prasy nóg lub być programowany podobnie do prasy nóg.Zazwyczaj wykonuje się to dla umiarkowanych do wysokich powtórzeń, takich jak 8-12 powtórzeń na zestaw lub więcej, w ramach treningu dolnego ciała.Jeśli Twoja maszyna Smith ma paski bezpieczeństwa, ustaw je na wysokości, która umożliwia pełny zakres ruchu, jednocześnie zapewniając odpowiednią ochronę przed wagą potencjalnie spadającą.",Strength Training,Quadriceps,Machine,Intermediate,8.0,Average
2080,Lying Machine Squat,,Strength Training,Quadriceps,Machine,Intermediate,8.0,Average
2081,Seated Leg Press,"Siedzona prasa nóg to ćwiczenie dolnej części ciała, które są ukierunkowane na quady, adduktory, pośladki i ścięgna podkolanowe.",Strength Training,Quadriceps,Machine,Intermediate,7.7,Average
2082,Smith machine pistol squat,"Pasca pistoletowy Smith Machine to ćwiczenie maszynowe, które są ukierunkowane na quady, pośladki i ścięgna podkolanowe.Jest podobny do przysiadu pistoletu, ale jest wykonywany z prętem na ramionach.To dodaje dodatkowego oporu, ale eliminuje także niektóre wyzwanie równowagi przysiadów jednokierunkowych.Ta zmienność przysiadu można wykonać w niskich powtórzeniach dla siły lub dla wyższych powtórzeń dla przyrostu mięśni.",Strength Training,Quadriceps,Machine,Intermediate,7.0,Average
2083,Leverage Deadlift,,Strength Training,Quadriceps,Machine,Beginner,0.0,
2084,Leg press-,"Prasa nóg to ćwiczenie maszynowe ukierunkowane na mięśnie nóg, w tym quady, pośladki i ścięgna podkolanowe.Jest to ulubione wśród podnośników, którzy wolą pozycję siedzącą niż stać z ładunkiem na kręgosłupie.Prasa nóg jest często używana jako akcesorium do przysiadów lub martwych ciągów, ale może być również głównym ruchem dolnej części ciała podczas treningu.Często wykonuje się to dla umiarkowanych do wysokich powtórzeń, takich jak 8-12 powtórzeń na zestaw lub więcej.",Strength Training,Quadriceps,Machine,Intermediate,,
2085,TBS Hack Squat,"Hack Squat to ćwiczenie maszynowe, które są ukierunkowane na mięśnie nóg, szczególnie czworogłowe.Jest często używany jako akcesoria do przysiadów, ale może być również głównym ruchem dolnej części ciała podczas treningu.Często wykonuje się to dla umiarkowanych do wysokich powtórzeń, takich jak 8-12 powtórzeń na zestaw lub więcej.",Strength Training,Quadriceps,Machine,Intermediate,,
2086,Leg Extensions - Gethin Variation,Przedłużenie nogi jest ćwiczeniem izolacyjnym dla quadów.,Strength Training,Quadriceps,Machine,Intermediate,,
2087,Seated leg press-,"Siedząca prasa nóg to ćwiczenie maszynowe, które są ukierunkowane na quady, pośladki i ścięgna podkolanowe.Jest podobny pod wieloma względami do większych maszyn do prasy nóg, ale często wykorzystuje stos stosu masy, a nie ładowanie płyty.Odmiany prasy nóg są często używane jako akcesorium do przysiadów lub martwych ciągów, ale mogą być również głównym ruchem dolnej części ciała podczas treningu.Ruch ten jest często wykonywany dla umiarkowanych do wysokich powtórzeń, takich jak 8-12 powtórzeń na zestaw lub więcej.",Strength Training,Quadriceps,Machine,Intermediate,,
2088,Smith machine front squat,"Przysady z przodu Smith Machine to ćwiczenie maszynowe ukierunkowane na mięśnie dolnej części ciała.Smith Machine naśladuje sztangę, ale zapewnia większą stabilność.Ten ruch można zaprogramować w niskich powtórzeniach pod kątem wytrzymałości siły lub wyższej dla wytrzymałości mięśni i siły.Często wykonuje się to dla umiarkowanych do wysokich powtórzeń, takich jak 8-12 powtórzeń na zestaw lub więcej, w ramach treningu całego ciała lub dolnego ciała.",Strength Training,Quadriceps,Machine,Intermediate,,
2089,Machine Deadlift - Gethin Variation,,Strength Training,Quadriceps,Machine,Intermediate,,
2090,Single-leg hack squat,"Puksyjne hacki z jednej nogi to ćwiczenie dolnej części ciała głównie ukierunkowane na quady, wykonane z jednej strony na czas na zestaw.Jest często używany jako akcesorium do przysiadów lub jako ruch budowania mięśni podczas treningu dolnego ciała i zwykle jest wykonywany dla umiarkowanych do wysokich powtórzeń, takich jak 8-12 powtórzeń na zestaw lub więcej.",Strength Training,Quadriceps,Machine,Intermediate,,
2091,Narrow-stance hack squat,"Wąskie-postanowe przysiad jest ćwiczeniem maszynowym, które są ukierunkowane na mięśnie nóg, zwłaszcza czworogłowe.Jest często używany jako akcesorium do przysiadów lub jako ruch budowania mięśni podczas treningu dolnego ciała i zwykle jest wykonywany dla umiarkowanych do wysokich powtórzeń, takich jak 8-12 powtórzeń na zestaw lub więcej.",Strength Training,Quadriceps,Machine,Intermediate,,
2092,Alternating Single-Leg Curl - Gethin Variation,,Strength Training,Quadriceps,Machine,Intermediate,,
2093,Stiff-Legged Deadlift - Gethin Variation,"Martwy nogami szt. Brilellów jest skierowany do ścięgna, pośladków, dolnej i górnej części pleców, a także rdzenia.Jest to popularny ruch akcesoriów dla martwego ciąży, ale także ruch ścięgna podkolanowego.",Strength Training,Quadriceps,Machine,Intermediate,,
2094,Single-Leg Press - Gethin Variation,"Prasa na nogę jednorazową jest ćwiczeniem ukierunkowanym na czworogłów jedną nogę na raz.Wielu podnośników woli prasę nóg na kucanie z kilku powodów, w tym przekonanie, że jest to bezpieczniejsze dla kręgosłupa.",Strength Training,Quadriceps,Machine,Intermediate,,
2095,Hack squat-,"Hack Squat to ćwiczenie maszynowe, które są ukierunkowane na mięśnie nóg, szczególnie czworogłowe.Jest często używany jako akcesoria do przysiadów, ale może być również głównym ruchem dolnej części ciała podczas treningu.Często wykonuje się to dla umiarkowanych do wysokich powtórzeń, takich jak 8-12 powtórzeń na zestaw lub więcej.",Strength Training,Quadriceps,Machine,Intermediate,,
2096,Smith machine lunge squat,"Squat Smith Machine Lunge to ćwiczenie ukierunkowane na quady, pośladki i ścięgna podkolanowe.Używanie dodatkowej wagi pozwala przeciążyć ćwiczenie poza masą ciała i wykonywać ruch w zakresie sił.Smith Machine naśladuje sztangę, ale zapewnia większą stabilność.",Strength Training,Quadriceps,Machine,Intermediate,,
2097,Hack Squat - Gethin Variation,"Hack Squat to ćwiczenie maszynowe, które są ukierunkowane na mięśnie nóg, szczególnie czworogłowe.Jest często używany jako akcesoria do przysiadów, ale może być również głównym ruchem dolnej części ciała podczas treningu.Często wykonuje się to dla umiarkowanych do wysokich powtórzeń, takich jak 8-12 powtórzeń na zestaw lub więcej.",Strength Training,Quadriceps,Machine,Expert,,
2098,Leg Press - Gethin Variation,"Prasa nóg jest ćwiczeniem maszynowym ukierunkowanym na mięśnia czworogłowe.Jest ulubionym wśród podnośników, którzy wolą siedzącą pozycję niż stać z ładunkiem na kręgosłupie.",Strength Training,Quadriceps,Machine,Intermediate,,
2099,AM Leg Press,"Prasa nóg jest ćwiczeniem maszynowym ukierunkowanym na mięśnia czworogłowe.Jest ulubionym wśród podnośników, którzy wolą siedzącą pozycję niż stać z ładunkiem na kręgosłupie.",Strength Training,Quadriceps,Machine,Intermediate,,
2100,Leg extension,"Rozszerzenie nóg jest popularnym ćwiczeniem maszynowym dla nóg, zwłaszcza czworogłowego.Zazwyczaj wykonuje się to dla umiarkowanych do wysokich powtórzeń, takich jak 8-12 powtórzeń na zestaw lub więcej, w ramach przedawnienia przed nogą lub jako ruch tworzenia mięśni do treningu dolnego ciała.",Strength Training,Quadriceps,Machine,Intermediate,,
2101,UP Quad Extension,Przedłużenie nogi jest ćwiczeniem izolacyjnym dla quadów.,Strength Training,Quadriceps,Machine,Intermediate,,
2102,UP Single-Leg Press,"Prasa na nogę jednorazową jest ćwiczeniem ukierunkowanym na czworogłów jedną nogę na raz.Wielu podnośników woli prasę nóg na kucanie z kilku powodów, w tym przekonanie, że jest to bezpieczniejsze dla kręgosłupa.",Strength Training,Quadriceps,Machine,Intermediate,,
2103,UP Leg Press,"Prasa nóg jest ćwiczeniem maszynowym ukierunkowanym na mięśnia czworogłowe.Jest ulubionym wśród podnośników, którzy wolą siedzącą pozycję niż stać z ładunkiem na kręgosłupie.",Strength Training,Quadriceps,Machine,Intermediate,,
2104,Pop Squat On Leg Press,,Strength Training,Quadriceps,Machine,Intermediate,,
2105,King Maker Leg Press,"Prasa nóg jest ćwiczeniem maszynowym ukierunkowanym na mięśnia czworogłowe.Jest ulubionym wśród podnośników, którzy wolą siedzącą pozycję niż stać z ładunkiem na kręgosłupie.",Strength Training,Quadriceps,Machine,Intermediate,,
2106,Single-leg leg press,"Prasa nóg jednopoziomowa to ćwiczenie maszynowe ukierunkowane na mięśnie nóg, w tym quady, pośladki i ścięgna podkolanowe.Prasa nóg jest często używana jako akcesorium do przysiadów lub martwych ciągów, ale może być również głównym ruchem dolnej części ciała podczas treningu.Często wykonuje się to dla umiarkowanych do wysokich powtórzeń, takich jak 8-12 powtórzeń na zestaw lub więcej.",Strength Training,Quadriceps,Machine,Intermediate,,
2107,King Maker Hack Squat,"Hack Squat to ćwiczenie maszynowe, które są ukierunkowane na mięśnie nóg, szczególnie czworogłowe.Jest często używany jako akcesoria do przysiadów, ale może być również głównym ruchem dolnej części ciała podczas treningu.Często wykonuje się to dla umiarkowanych do wysokich powtórzeń, takich jak 8-12 powtórzeń na zestaw lub więcej.",Strength Training,Quadriceps,Machine,Intermediate,,
2108,30 Legs Feet-High Leg Press,,Strength Training,Quadriceps,Machine,Intermediate,,
2109,30 Legs Leg Press,,Strength Training,Quadriceps,Machine,Intermediate,,
2110,30 Legs Leg Press Calf Raise,,Strength Training,Quadriceps,Machine,Intermediate,,
2111,30 Legs Lying Leg Curl,,Strength Training,Quadriceps,Machine,Intermediate,,
2112,30 Legs Machine Hack Squat,,Strength Training,Quadriceps,Machine,Intermediate,,
2113,30 Legs Single-Leg Leg Extension,,Strength Training,Quadriceps,Machine,Intermediate,,
2114,30 Legs Single-Leg Leg Press,,Strength Training,Quadriceps,Machine,Intermediate,,
2115,30 Legs Single-Leg Lying Leg Curl,,Strength Training,Quadriceps,Machine,Intermediate,,
2116,30 Legs Smith Machine Split Squat,,Strength Training,Quadriceps,Machine,Intermediate,,
2117,30 Legs Smith Machine Squat,,Strength Training,Quadriceps,Machine,Intermediate,,
2118,Jumping rope,"Skokowa lina to klasyczne ćwiczenia kondycyjne, które są popularne wśród wszystkich, od dzieci, bokserów po sportowców Crossfit.Kieruje się na wiele różnych mięśni, w tym łydki, pośladków, ramion i górnej części pleców, i jest świetny dla wszystkiego, od utraty tłuszczu po poprawę ogólnej wydajności sportowej.",Cardio,Quadriceps,Body Only,Intermediate,9.2,Average
2119,Forward lunge,"Lunge do przodu jest ćwiczeniem o dolnej masie ciała ukierunkowanej na quady, pośladki i ścięgna podkolanowe.Można go również wykonać, trzymając hantle lub inne ciężary.Forward Lunge kładzie większy nacisk na quady niż inne odmiany Lunge.Można go wykonywać dla czasu lub powtórzeń w części dolnej części każdego treningu.",Strength Training,Quadriceps,Body Only,Intermediate,9.0,Average
2120,Side-to-side box skip,"Pomijanie bocznych pudełek to wybuchowe ćwiczenie dolnej części ciała, które obejmuje przeskakiwanie bocznie nad ławką lub pudełkiem, lądując jedną stopą na powierzchni, a następnie przełączanie pozycji.Kieruje się przede wszystkim na mięśnie dolnej części ciała, ale jest również poważnym wyzwaniem sercowo -naczyniowym.Jest często wykonywany dla wysokich powtórzeń lub czasu w ramach treningu lub obwodu skoncentrowanego na tłuszczu lub atletyzmie.",HIIT,Quadriceps,Body Only,Intermediate,8.9,Average
2121,Bodyweight squat,"Przysiady masy ciała to fundamentalne ćwiczenie, które wzmacnia quady, pośladki i ścięgna podkolanowe.Można go wykonywać jako część dynamicznego rozgrzewki, dla czasu lub powtórzeń podczas treningu lub mobilności bioder i kręgosłupa w dowolnym momencie.",Strength Training,Quadriceps,Body Only,Intermediate,8.8,Average
2122,Broad jump,"Szeroki skok jest wybuchowym ćwiczeniem dolnej części ciała.Jest to powszechny sposób pomiaru wybuchowej siły bioder i dolnej części ciała u sportowców.Im bardziej wybuchowy jesteś, tym dalej będziesz mógł skoczyć.",HIIT,Quadriceps,Body Only,Intermediate,8.8,Average
2123,Burpee,"Burpee to ćwiczenie o wysokiej intensywności, które rekrutuje całe ciało do budowania siły i zdolności aerobowej.Jest to powszechne w treningach CrossFit i grupach fitnessowych, ale może być również wykonywane dla czasu lub powtórzeń w dowolnym obwodzie lub treningu skoncentrowanym na tłuszczu lub atletyzmie.",Cardio,Quadriceps,Body Only,Intermediate,8.8,Average
2124,Trail Running/Walking,,Cardio,Quadriceps,Body Only,Intermediate,8.7,Average
2125,Scissors Jump,"Alternating Lunge Jump to wybuchowe ćwiczenie masy ciała, które są ukierunkowane na mięśnie dolnej części ciała, w tym quady, pośladki i ścięgna podkolanowe.Można go wykonywać dla czasu lub powtórzeń w treningu energetycznym, a także skutecznie w każdym treningu skoncentrowanym na tłuszczu lub atletyzmie.",HIIT,Quadriceps,Body Only,Expert,8.5,Average
2126,Jumping jack-,"Jack Jack to klasyczne ćwiczenie Calisthenics, aby poprawić ogólną kondycję.Jest to jedno najbardziej rozpoznawalne ćwiczenia na planecie i jest prawie synonimem szkolenia dla rekrutów wojskowych.Można to zrobić dla czasu lub powtórzeń, często w dynamicznych rozgrzewkach lub mobilizacji bioder i ramion.",HIIT,Quadriceps,Body Only,Intermediate,8.5,Average
2127,Arms-crossed jump squat,"Skocz o skoku z ramiona jest wybuchową wersją przysiadu skokowego.Przekraczanie ramion eliminuje wszelką dodatkową moc, która może wynikać z wymuszenia ramion, dzięki czemu ruch jest wyjątkowo surowy i trudny dla dolnej części ciała.Może być wykonywany dla czasu lub powtórzeń i jest szczególnie skuteczny w obwodzie lub treningu skoncentrowanym na tłuszczu lub atletyzmie.",Strength Training,Quadriceps,Body Only,Intermediate,8.4,Average
2128,Bodyweight Reverse Lunge,"Odwrotne lunge to ćwiczenie dolnego ciała ukierunkowane na quady, pośladki i ścięgna podkolanowe.Odwrotne longe kłamią większy nacisk na pośladki niż inne odmiany Lunge.",Strength Training,Quadriceps,Body Only,Intermediate,8.3,Average
2129,Alien Squat,,HIIT,Quadriceps,Body Only,Beginner,8.2,Average
2130,Treadmill walking,"Chodzenie na bieżni to popularne ćwiczenia sercowo -naczyniowe wykonywane na maszynie dostępnej na większości siłowni.Wykonanie tego ćwiczenia na bieżni pozwala dostosować prędkość chodzenia i, w zależności od maszyny, wykonaj je na regulowanym nachyleniu.Wiele maszyn ma również wbudowane monitory tętna i timery, które pomogą Ci śledzić swoje postępy.",Cardio,Quadriceps,Body Only,Intermediate,8.2,Average
2131,Rocket Jump,,HIIT,Quadriceps,Body Only,Beginner,8.0,Average
2132,Depth jump box jump,"Skok skoku głębokości to ćwiczenie plyometryczne, które pociąga za sobą zeskakowanie z jednego pudełka, zrzucanie do przysiadu, a następnie skakanie na inne pudełko.Wszystkie są wykonane płynnie, aby ukończyć jeden powtórzenie.Skoki głębokości od dziesięcioleci stanowi podstawę programowania sportowego na wysokim poziomie.Zazwyczaj są one wykonywane dla niskich powtórzeń z naciskiem na moc i technikę.Jeśli zranią się w kolana lub plecy, rozważ wykonanie skoków lub skoków przysiadów.",HIIT,Quadriceps,Body Only,Intermediate,8.0,Average
2133,Bodyweight Walking Lunge,"Walking Lunge to ćwiczenie dolnej części ciała, które atakuje pośladki, quady i ścięgna podkolanowe, jednocześnie kwestionując stabilność i równowagę.Można go wykonać dla powtórzeń, czasu lub odległości w części dolnej części każdego treningu.",Strength Training,Quadriceps,Body Only,Intermediate,8.0,Average
2134,Walking High Knees,,Cardio,Quadriceps,Body Only,Intermediate,7.8,Average
2135,Lateral lunge,"Lunge boczne to ruch dolnej maski ciała, który działa quady, pośladki i ścięgna podkolanowe.Można go również wykonać, trzymając hantle lub inne ciężary.Jest często wykonywany dla przedstawicieli w ramach dynamicznej rutyny rozgrzewki lub mobilności, ale może również pracować w obwodzie lub innych treningach.",Strength Training,Quadriceps,Body Only,Intermediate,7.8,Average
2136,Jump Squat,"Przysiady skokowe to wybuchowe ćwiczenie masy ciała ukierunkowane na quady, ścięgna podkolanowe i pośladki.Jest to również poważne wyzwanie sercowo -naczyniowe, gdy jest wykonywane dla przedstawicieli.Można to wykonać jako ćwiczenie mocy do budowania siły skokowej lub w każdym treningu skoncentrowanym na tłuszczu lub atletyzmie.",HIIT,Quadriceps,Body Only,Intermediate,7.6,Average
2137,Over bench jump,"Skok nad ławką jest ćwiczeniem plyometrycznym wymagającym jedynie wykonywania ławki ciężarowej.Poprawia zdolność skakania i atletyzm, jednocześnie spalanie wielu kalorii.",HIIT,Quadriceps,Body Only,Intermediate,7.5,Average
2138,Split Jump,"Alternating Lunge Jump to wybuchowe ćwiczenie masy ciała, które są ukierunkowane na mięśnie dolnej części ciała, w tym quady, pośladki i ścięgna podkolanowe.Można go wykonywać dla czasu lub powtórzeń w treningu energetycznym, a także skutecznie w każdym treningu skoncentrowanym na tłuszczu lub atletyzmie.",HIIT,Quadriceps,Body Only,Intermediate,7.5,Average
2139,90-degree jump squat,"Skocz o 90 stopni jest wybuchowym ćwiczeniem masy ciała, które są ukierunkowane na mięśnie dolnej części ciała, w tym quady, pośladki i ścięgna podkolanowe, a także układ sercowo-naczyniowy.Można go wykonywać dla czasu lub powtórzeń, zwykle podczas treningu obwodu skoncentrowanego na tłuszczu lub atletyzmie.",HIIT,Quadriceps,Body Only,Intermediate,7.0,Average
2140,Skip,"Skip to ćwiczenie, które buduje moc i wybuchowość w nogach.Jest to powszechnie wykonywane przez dzieci i na zajęciach na siłowni, ale świetnie nadaje się również do pracy nóg i zginaczy bioder, dzięki czemu jest to ulubione rozgrzewki dla sportowców, którzy muszą eksplodować pionowo.",HIIT,Quadriceps,Body Only,Intermediate,5.5,Average
2141,Kneeling hip flexor stretch,"Klęczący strój zginacza bioder jest rozciągającym ukierunkiem na większą elastyczność z przedniej strony bioder.Kieruje się na przewlekle ciasną grupę mięśni i jest często wykonywana w ramach dynamicznego rozgrzewki, ochłodzenia lub pracy po treningu.",Mobility and Stretching,Quadriceps,Body Only,Intermediate,5.4,Average
2142,Iron Crosses (stretch),,Mobility and Stretching,Quadriceps,Body Only,Intermediate,5.2,Average
2143,All Fours Quad Stretch,,Mobility and Stretching,Quadriceps,Body Only,Beginner,5.0,Average
2144,Lying quad stretch with band,"Leżący quad z opaską jest prostym sposobem na rozciągnięcie przewlekle ciasnej grupy mięśni dolnej części ciała.Jest to powszechne w klasach rozciągania i jogi, ale można go również wykonywać indywidualnie w ramach rozgrzewki, w połączeniu z ruchami podczas treningu lub w ramach strategii chłodnej lub odzyskiwania.",Mobility and Stretching,Quadriceps,Body Only,Intermediate,4.9,Average
2145,One Half Locust,,Mobility and Stretching,Quadriceps,Body Only,Intermediate,4.7,Average
2146,Standing Hip Flexors,,Mobility and Stretching,Quadriceps,Body Only,Intermediate,4.4,Average
2147,Looking At Ceiling,,Mobility and Stretching,Quadriceps,Body Only,Intermediate,4.3,Average
2148,Rear Leg Raises,,Mobility and Stretching,Quadriceps,Body Only,Beginner,3.4,Average
2149,On Your Side Quad Stretch,,Mobility and Stretching,Quadriceps,Body Only,Intermediate,3.3,Average
2150,On-Your-Back Quad Stretch,,Mobility and Stretching,Quadriceps,Body Only,Intermediate,3.3,Average
2151,Standing Elevated Quad Stretch,,Mobility and Stretching,Quadriceps,Body Only,Intermediate,2.7,Average
2152,Thigh killa,"Udka Killa to trudne ćwiczenie o dolnej masie ciała, które buduje wytrzymałość muskularną z serią chmielów i przysiadów w masie ciała.Można go wykonywać dla czasu lub powtórzeń, zwykle podczas treningu obwodu lub jako finiszer dolnej części ciała.",Strength Training,Quadriceps,Body Only,Intermediate,0.0,
2153,Southpaw sprawl,"Rozciąganie Southpaw to ruch całego ciała, który łączy elementy deski jednoramiennej i rozrostu.Ma również komponent obrotowy, ze skokiem nóg i tułowia w pozycji deski jednoramiennej.Jest to trudny ruch, który trenuje równowagę, siłę rdzenia i wiele grup mięśni, dzięki czemu działa dobrze w wydajnym czasie treningu obwodu ciała.",HIIT,Quadriceps,Body Only,Intermediate,0.0,
2154,Stride Jump Crossover,,HIIT,Quadriceps,Body Only,Intermediate,0.0,Average
2155,Side Standing Long Jump,,HIIT,Quadriceps,Body Only,Intermediate,0.0,
2156,Wall squat,"Przysiady ścienne to ćwiczenie masy ciała ukierunkowane na mięśnie czworogłowe, a także inne mięśnie w dolnym ciele i rdzeniu.Ploty podnośnika są płaskie o ścianę, a tył zsuwa się w dół i w górę ściany podczas każdego przedstawiciela.Jeśli nie masz gładkiej ściany do wsuwania, ćwiczenie można również wykonać za pomocą piłki do ćwiczeń między tyłem a ścianą.",Strength Training,Quadriceps,Body Only,Intermediate,0.0,
2157,Slide Jump Shot,,HIIT,Quadriceps,Body Only,Beginner,0.0,
2158,Sprawl frog kick,"Kopnięcie żab rozległej jest wybuchowym ćwiczeniem masy ciała, które są ukierunkowane na wiele grup mięśni w górnej i dolnej części ciała.Jest podobny do tradycyjnego rozrostu, ale z dodatkowym przeskokiem w środku każdego powtórzenia.Można go wykonywać dla czasu lub powtórzeń w dowolnym obwodzie lub treningu skoncentrowanym na tłuszczu lub atletyzmie.",HIIT,Quadriceps,Body Only,Intermediate,0.0,
2159,Lateral Speed Step,,Cardio,Quadriceps,Body Only,Intermediate,0.0,
2160,Side Hop-Sprint,,HIIT,Quadriceps,Body Only,Intermediate,0.0,
2161,Pop squat,"Pop przysiad jest wybuchowym ćwiczeniem masy ciała, które są ukierunkowane na mięśnie niższego ciała, w tym quady, pośladki i ścięgna podkolanowe.Jest podobny do przysiadu, ale zmienia się między wąską i szeroką postawą z każdym skokiem.Można go wykonywać dla czasu lub powtórzeń w treningu energetycznym, a także skutecznie w każdym treningu skoncentrowanym na tłuszczu lub atletyzmie.",HIIT,Quadriceps,Body Only,Intermediate,0.0,
2162,Star Jump,,HIIT,Quadriceps,Body Only,Beginner,0.0,
2163,Side Lunge Touching Heel,"Bok Lunge Cross-Body Touch to Ćwiczenie dolnej części ciała ukierunkowane na quady, pośladki i ścięgna podkolanowe.Obcina dodaje niewielkie wyzwanie rotacyjne.",Strength Training,Quadriceps,Body Only,Intermediate,0.0,
2164,Lying Prone Quadriceps,,Mobility and Stretching,Quadriceps,Body Only,Beginner,0.0,
2165,Fast Kick With Arm Circles,,Cardio,Quadriceps,Body Only,Beginner,0.0,
2166,Single-leg box squat,"Puksyjne pudełko jednoosobowe jest ćwiczeniem masy ciała, które są ukierunkowane na mięśnie dolnej części ciała, w tym quady, pośladki i ścięgna podkolanowe.Jest podobny w formie do przysiadu pistoletowego, z tym wyjątkiem, że siedzisz w pudełku.Umożliwia to dostosowanie głębokości ruchu do poziomu ruchu i poziomu mobilności.Z tego powodu przysiad w jednoosobach jest popularnym ruchem budowania siły nóg w początkowych stażystach.Można go wykonywać w niższych zakresach powtórzeń zorientowanych na wytrzymałość, takich jak 5-8 powtórzeń na nogę lub dla wyższych powtórzeń do budowania mięśni.",Strength Training,Quadriceps,Body Only,Intermediate,0.0,
2167,Defensive Slide,,Cardio,Quadriceps,Body Only,Beginner,0.0,
2168,Quick Leap,,HIIT,Quadriceps,Body Only,Intermediate,0.0,
2169,Vertical Mountain Climber,,Cardio,Quadriceps,Body Only,Beginner,0.0,
2170,Reverse Burpee,,HIIT,Quadriceps,Body Only,Beginner,0.0,
2171,Football Up-Down,,Cardio,Quadriceps,Body Only,Beginner,0.0,
2172,Jump lunge heel kick,"Kopanie pięty skoków to ćwiczenie o wysokiej intensywności, celowanie w quady, pośladki i ścięgna podkolanowe.Łączy skok z odcinkiem ścięgna ścięgna stojącego w unikalnej kombinacji, która również kwestionuje równowagę.Można go wykonywać dla czasu lub powtórzeń w ramach obwodu lub treningu skoncentrowanego na tłuszczu lub atletyzmie.",HIIT,Quadriceps,Body Only,Intermediate,0.0,
2173,Burpee box jump,"Skok Burpee Box to wybuchowe ćwiczenie ciała, które łączy burpee z skokiem na pudełko lub krok.Najpierw wykonujesz tradycyjny burpee, a następnie zamiast skakać w powietrze, wskakujesz na pudełko.To sprawia, że ​​koncentrujesz się na wytwarzaniu energii w skoku, co czyni każdego przedstawiciela trudniejszego.Skoki boczkowe są często wykonywane dla wysokich powtórzeń w ramach obwodów kondycjonowania metabolicznego lub treningów.",HIIT,Quadriceps,Body Only,Intermediate,0.0,
2174,Linear Depth Jump,,HIIT,Quadriceps,Body Only,Intermediate,0.0,
2175,Slow Jog,,Cardio,Quadriceps,Body Only,Beginner,0.0,
2176,High knees,"Wysokie kolana to ćwiczenie całego ciała, z naciskiem na dolną część ciała.Jest często wykonywany dla powtórzeń lub czasu w ramach dynamicznego rozgrzewki.",Cardio,Quadriceps,Body Only,Intermediate,0.0,Average
2177,Jumping Jack,"Jack Jack to klasyczne ćwiczenie Calisthenics, aby poprawić ogólną kondycję.Jest to jedno najbardziej rozpoznawalne ćwiczenia na planecie i jest prawie synonimem szkolenia dla rekrutów wojskowych.Można to zrobić dla czasu lub powtórzeń, często w dynamicznych rozgrzewkach lub mobilizacji bioder i ramion.",Cardio,Quadriceps,Body Only,Intermediate,0.0,
2178,Square Hop,,HIIT,Quadriceps,Body Only,Beginner,0.0,
2179,Running lunge,"Bieżące Lunge to ćwiczenie dynamiczne, które są ukierunkowane do dolnej części ciała.Łączy elementy odwrotnego rzutu z krokiem, ponieważ przednia noga w pełni się rozciąga, a tylna noga zgina się przed korpusem.Kieruje się na szeroką gamę mięśni w dolnej części ciała, w tym quadów, pośladków i ścięgien.Można go wykonywać dla czasu lub powtórzeń podczas każdego treningu dolnego ciała lub w obwodzie skoncentrowanym na tłuszczu lub atletyzmie.",HIIT,Quadriceps,Body Only,Intermediate,0.0,
2180,In-out jump squat,"Puksyjne przysiad to odmiana przysiadu w masie ciała, która naprzemiennie szerokie i wąskie przysiady skoku.Kieruje się na mięśnie dolnej części ciała, w tym quady, pośladki, adduktory i ścięgna podkolanowe, a także stanowi poważne wyzwanie sercowo-naczyniowe.Może być wykonywany dla czasu lub powtórzeń i jest szczególnie skuteczny w obwodzie lub treningu skoncentrowanym na tłuszczu lub atletyzmie.",HIIT,Quadriceps,Body Only,Intermediate,0.0,
2181,Gorilla squat,"Przysiady goryla to sekwencja masy ciała, która łączy dwa odwrotne rzuty i przysiad w masie ciała.Można to również wykonać z hantlami, kettlebellami lub innymi ciężarami.Kieruje się większością mięśni dolnej części ciała, w tym quadów, pośladków i ścięgien.Można go wykonywać dla czasu lub powtórzeń w części dolnej części każdego treningu.",HIIT,Quadriceps,Body Only,Intermediate,0.0,
2182,Burpee tuck jump,"Burpee Tuck Jump to wybuchowa wersja ćwiczenia Burpee, która dodaje skok trucka na szczyt każdego przedstawiciela.Można go wykonywać dla czasu lub powtórzeń w dowolnym obwodzie lub treningu skoncentrowanym na tłuszczu lub atletyzmie.",HIIT,Quadriceps,Body Only,Intermediate,0.0,
2183,Speed skater,"Skater prędkości to wybuchowa wersja bocznego lampy, która polega na skakaniu z boku na bok i lądowaniu na jednej nodze, a następnie dotknięciu ziemi.Rzuca wyzwanie mięśni dolnego ciała, w tym quadów, bioder i pośladków oraz układu sercowo-naczyniowego podczas treningu ruchu bocznego.",HIIT,Quadriceps,Body Only,Intermediate,0.0,
2184,Jumping knee up-down,"W górę kolano to wybuchowy ruch masy ciała, który składa się z kolana w górę, a następnie przysiadu.Kieruje się na mięśnie dolnej części ciała, w tym quadów, pośladków i ścięgien, ale jest również trudnym ćwiczeniem mocy i kondycjonowania.",HIIT,Quadriceps,Body Only,Intermediate,0.0,
2185,Jump Lunge To Feet Jack,,HIIT,Quadriceps,Body Only,Intermediate,0.0,
2186,Reverse Lunge Rotation,,Strength Training,Quadriceps,Body Only,Intermediate,,
2187,Alternating standing knee-pull stretch,"Zamiastowy rozciąganie kolana stojącego na rozciąganie kolana ma zakres ruchu w biodrach, ścięgnach podkolanowych i dolnej części pleców.Jest to powszechny ruch w dynamicznych rozgrzewkach do lekkoatletyki lub treningu dolnej części ciała, ale może być również wykorzystany do „ograniczania” aktywności w dowolnym momencie.",Mobility and Stretching,Quadriceps,Body Only,Intermediate,,
2188,Seal jack,"Podnośnik pieczęci jest odmianą podnośnika, jeden najczęstszymi ćwiczeniami kalisthenicznymi na planecie.Różnica między tym ruchem a skakającym Jack ma związek z ruchem ramienia.Zamiast ramion zbliżających się nad głową, spotykają się przed ciałem, jak pieczęć klaszcząca płetwy.",Strength Training,Quadriceps,Body Only,Intermediate,,
2189,Kneeling quad thoracic stretch,"Kneeling Quad THE THE THE THE THE TREATE to odcinek ukierunkowany na większy zakres ruchu w kręgosłupie klatki piersiowej.Jest powszechnie zawarty w dynamicznych rozgrzewkach lub chłodnicach, ale można go również wykonywać jako mobilność całego ciała w dowolnym momencie.",Strength Training,Quadriceps,Body Only,Intermediate,,
2190,Single-Leg Squat With Knee Tap,"Squat z jednej nogi przysiadu z kolanem to jednoosobowa wariacja przysiadu, która obejmuje „unoszenie” tylnej nogi nad ziemią na zejściu, aż dotknie tylko kolana do ziemi lub podkładki.Jest podobny do lunge, ale bez dotykania tylnej stopy na ziemi.Jest to intensywne wyzwanie siły i koordynacji, które może działać w każdym treningu skoncentrowanym na sile lub atletyzmie.",Strength Training,Quadriceps,Body Only,Expert,,
2191,Shuttle run,"Rema promowa to sportowy ćwiczenie kondycjonujące, które świetnie nadaje się do rozwijania prędkości i mocy, a także do zmiany kierunku.Jest ulubieńcem piłki nożnej i koszykówki, ale może być również świetna praca uwarunkowana dla podnośników i sportowców o wszystkich poziomach umiejętności.",Cardio,Quadriceps,Body Only,Intermediate,,
2192,Squat Isometric Hold,"Hack Squat to ćwiczenie maszynowe, które są ukierunkowane na mięśnie nóg, szczególnie czworogłowe.Jest często używany jako akcesoria do przysiadów, ale może być również głównym ruchem dolnej części ciała podczas treningu.Często wykonuje się to dla umiarkowanych do wysokich powtórzeń, takich jak 8-12 powtórzeń na zestaw lub więcej.",HIIT,Quadriceps,Body Only,Expert,,
2193,Wall sit,"Ściana siedzi to ćwiczenie skierowane do mięśnia czworogłowego i rdzenia.Obejmuje zejście do pozycji przysiadu, pochylając się o ścianę, a następnie utrzymując tę ​​pozycję przez wcześniej określony czas.To klasyczne ćwiczenie budowania wytrzymałości nóg dla koszykarzy i gimnastyczki.",Strength Training,Quadriceps,Body Only,Intermediate,,
2194,Walking lunge with hip extension,"Walking Lunge z przedłużeniem bioder jest połączeniem dwóch ruchów, obu ukierunkowanych na dolną część ciała.Dodane rozszerzenie bioder kładzie większy nacisk na pośladki.Jest to świetne włączenie do dynamicznego rozgrzewki dla dolnej części ciała, ale można go również wykonać dla czasu lub powtórzeń podczas każdego treningu.",Strength Training,Quadriceps,Body Only,Intermediate,,
2195,Squat with alternating side leg raise,"Puksyj z naprzemienną podwyższeniem bocznej nogi jest wersją przysiadu, ale z bocznym podnoszeniem nóg, aby zwiększyć skupienie się na mięśniach porywacza.Można go wykonywać dla czasu lub dla przedstawicieli w ramach dynamicznego rozgrzewki dla dolnej części ciała lub w dowolnej części treningu dolnego ciała.",Strength Training,Quadriceps,Body Only,Intermediate,,
2196,Lateral Squats,"Lunge boczne to ruch dolnej maski ciała, który działa quady, pośladki i ścięgna podkolanowe.Można go również wykonać, trzymając hantle lub inne ciężary.Jest często wykonywany dla przedstawicieli w ramach dynamicznej rutyny rozgrzewki lub mobilności, ale może również pracować w obwodzie lub innych treningach.",Strength Training,Quadriceps,Body Only,Intermediate,,
2197,Walking lunge with twist,"Walking Lunge z akcentem jest ćwiczeniem skierowanym do dolnej części ciała i ukośników.Skręt nie tylko działa na kamice, ale także otwiera kręgosłup klatki piersiowej.Jest to świetne włączenie do dynamicznego rozgrzewki do treningu dolnego lub całego ciała, ale można go również wykonać dla czasu lub powtórzeń podczas każdego treningu.",Strength Training,Quadriceps,Body Only,Intermediate,,
2198,Boss Everline Backward Lunge Walk,,Strength Training,Quadriceps,Body Only,Intermediate,,
2199,Reverse Diagonal Skaters,,Strength Training,Quadriceps,Body Only,Intermediate,,
2200,FYR Air Squat,"Przysiady masy ciała to fundamentalne ćwiczenie, które wzmacnia quady, pośladki i ścięgna podkolanowe.Można go wykonywać jako część dynamicznego rozgrzewki, dla czasu lub powtórzeń podczas treningu lub mobilności bioder i kręgosłupa w dowolnym momencie.",Strength Training,Quadriceps,Body Only,Intermediate,,
2201,FYR Tuck Jump,"Skok Tuck jest skokiem pionowym, wybuchowym ćwiczeniem dolnej części ciała, które jest powszechnym sposobem pomiaru wybuchowej siły bioder i dolnej części ciała u sportowców.Im bardziej wybuchowy jesteś, tym wyżej będziesz mógł skoczyć.",Strength Training,Quadriceps,Body Only,Intermediate,,
2202,Push-up sprawl tuck jump,"Push-Up Sufl Tuck Jump to wybuchowa sekwencja masy ciała, która łączy trzy ruchy: push-up, rozrost i skok z truckiem.Jest podobny do burpee, ale ze skokiem na szczyt.Można go wykonywać dla czasu lub powtórzeń w dowolnym obwodzie lub treningu skoncentrowanym na tłuszczu lub atletyzmie.",Strength Training,Quadriceps,Body Only,Intermediate,,
2203,FYR Running Lunge,"Bieżące Lunge to ćwiczenie dynamiczne, które są ukierunkowane do dolnej części ciała.Łączy elementy odwrotnego rzutu z krokiem, ponieważ przednia noga w pełni się rozciąga, a tylna noga zgina się przed korpusem.Kieruje się na szeroką gamę mięśni w dolnej części ciała, w tym quadów, pośladków i ścięgien.Można go wykonywać dla czasu lub powtórzeń podczas każdego treningu dolnego ciała lub w obwodzie skoncentrowanym na tłuszczu lub atletyzmie.",Strength Training,Quadriceps,Body Only,Intermediate,,
2204,FYR Jumping Lunge,"Alternating Lunge Jump to wybuchowe ćwiczenie masy ciała, które są ukierunkowane na mięśnie dolnej części ciała, w tym quady, pośladki i ścięgna podkolanowe.Można go wykonywać dla czasu lub powtórzeń w treningu energetycznym, a także skutecznie w każdym treningu skoncentrowanym na tłuszczu lub atletyzmie.",Strength Training,Quadriceps,Body Only,Intermediate,,
2205,FYR Sprawl Frog Kick,"Kopnięcie żab rozległej jest wybuchowym ćwiczeniem masy ciała, które są ukierunkowane na wiele grup mięśni w górnej i dolnej części ciała.Jest podobny do tradycyjnego rozrostu, ale z dodatkowym przeskokiem w środku każdego powtórzenia.Można go wykonywać dla czasu lub powtórzeń w dowolnym obwodzie lub treningu skoncentrowanym na tłuszczu lub atletyzmie.",Strength Training,Quadriceps,Body Only,Intermediate,,
2206,Jump squat-,"Przysiady skokowe to wybuchowe ćwiczenie masy ciała ukierunkowane na quady, ścięgna podkolanowe i pośladki.Jest to również poważne wyzwanie sercowo -naczyniowe, gdy jest wykonywane dla przedstawicieli.Można to wykonać jako ćwiczenie mocy do budowania siły skokowej lub w każdym treningu skoncentrowanym na tłuszczu lub atletyzmie.",Strength Training,Quadriceps,Body Only,Intermediate,,
2207,FYR Sprinter Burpee,,Cardio,Quadriceps,Body Only,Intermediate,,
2208,Single-leg burpee,"Burpee jednorazowy jest zaawansowaną odmianą ćwiczenia Burpee, która obejmuje wykonywanie wszystkich części sekwencji z jedną nogą na raz.Zazwyczaj wykonuje się to naprzemienne nogi z każdym powtórzeniem, ale można je wykonać po jednej stronie na raz.Wykonanie jednej nogi na raz zwiększa wyzwanie dla wszystkich części ciała, zwłaszcza nogi roboczej, rdzenia i ramion.",Strength Training,Quadriceps,Body Only,Intermediate,,
2209,FYR Gorilla Squat,"Przysiady goryla to sekwencja masy ciała, która łączy dwa odwrotne rzuty i przysiad w masie ciała.Można to również wykonać z hantlami, kettlebellami lub innymi ciężarami.Kieruje się większością mięśni dolnej części ciała, w tym quadów, pośladków i ścięgien.Można go wykonywać dla czasu lub powtórzeń w części dolnej części każdego treningu.",Strength Training,Quadriceps,Body Only,Intermediate,,
2210,Banded compass jump squat,"Pasowane przysiady skoku kompasu to wybuchowa wariacja przysiadu wykonana z opaską wokół ud nad kolanami.Zwiększa to aktywację mięśni w biodrach i pośladkach, podczas gdy przysiad celuje w quady, ścięgna podkolanowe i pośladki.Lądowanie dla każdego skoku jest obrotem o 90 stopni od pozycji wyjściowej.Pasowane przysiady skoku kompasu można wykonywać dla niskich powtórzeń jako ćwiczenie skoncentrowane na mocy lub dla wyższych powtórzeń do budowy mięśni w dolnej części ciała, kondycjonowaniu wyzwań i spalania tłuszczu.",Strength Training,Quadriceps,Body Only,Intermediate,,
2211,In-out sprawl,"Rozciąganie jest ruchem całego ciała, który łączy elementy deski i rozrostu.Wymaga wybuchowego skoku z całego ciała z pozycji deski.Jest to trudny ruch, który trenuje równowagę, siłę rdzenia i wiele grup mięśni, dzięki czemu działa dobrze w wydajnym czasie treningu obwodu ciała.",Strength Training,Quadriceps,Body Only,Intermediate,,
2212,Knee-tuck kick-up,"Kopanie na kolana to ruch masy ciała, który atakuje mięśnie brzucha, odbytnicy brzusznej, a zwłaszcza mięśni „sześciopakowych”.Można go wykonywać dla czasu lub powtórzeń w skoncentrowanej przez A części każdego treningu.",Strength Training,Quadriceps,Body Only,Intermediate,,
2213,Bear crawl donkey kick,"Niedźwiedzie Crawl Donkey to bardziej zaawansowana wersja ćwiczeń pełzających Bear, która dodaje kopnięcia osła.Dodaje dodatkową koordynację i wyzwanie ramion do i tak już intensywnego ruchu całego ciała, który jest ukierunkowany na układ sercowo-naczyniowy, a także szeroki zakres grup mięśni, w szczególności ramion, rdzenia i nóg.Można to zrobić jako rozgrzewkę całego ciała, w krótkich seriach treningu mocy lub obwodu lub dłuższego czasu trwania jako kondycjonowanie sercowo-naczyniowe.",Strength Training,Quadriceps,Body Only,Intermediate,,
2214,Southpaw sprawl with push-up,"Southpaw rozlewa się z push-up to ruch całego ciała, który łączy elementy deski i rozlewa się, z dodaniem push-up.Ma również komponent obrotowy, ze skokiem nóg i tułowia w pozycji deski prostej.Jest to trudny ruch, który trenuje równowagę, siłę rdzenia i wiele grup mięśni, dzięki czemu działa dobrze w wydajnym czasie treningu obwodu ciała.",Strength Training,Quadriceps,Body Only,Intermediate,,
2215,Bouncing lunge,Odbijający się lunge to ruch masy ciała ukierunkowany na quady.Można go wykonywać dla czasu lub powtórzeń i często jest włączony w ramach treningu obwodu skoncentrowanego na tłuszczu lub atletyzmie.,Strength Training,Quadriceps,Body Only,Intermediate,,
2216,Bodyweight Squat - Gethin Variation,"Przysiady masy ciała to fundamentalne ćwiczenie, które wzmacnia quady, pośladki i ścięgna podkolanowe.Można go wykonywać jako część dynamicznego rozgrzewki, dla czasu lub powtórzeń podczas treningu lub mobilności bioder i kręgosłupa w dowolnym momencie.",Strength Training,Quadriceps,Body Only,Intermediate,,
2217,FYR Alternating Lunge,"Lunge do przodu jest ćwiczeniem o dolnej masie ciała ukierunkowanej na quady, pośladki i ścięgna podkolanowe.Można go również wykonać, trzymając hantle lub inne ciężary.Forward Lunge kładzie większy nacisk na quady niż inne odmiany Lunge.Można go wykonywać dla czasu lub powtórzeń w części dolnej części każdego treningu.",Strength Training,Quadriceps,Body Only,Intermediate,,
2218,Bodyweight Walking Lunge - Gethin Variation,"Walking Lunge to ćwiczenie dolnej części ciała, które atakuje pośladki, quady i ścięgna podkolanowe, jednocześnie kwestionując stabilność i równowagę.Można go wykonać dla powtórzeń, czasu lub odległości w części dolnej części każdego treningu.",Strength Training,Quadriceps,Body Only,Intermediate,,
2219,Seated Quad Contraction,,Strength Training,Quadriceps,Body Only,Intermediate,,
2220,HM Squat with Alternating Leg Extension,,Strength Training,Quadriceps,Body Only,Intermediate,,
2221,HM Air Squat,,Strength Training,Quadriceps,Body Only,Intermediate,,
2222,HM Alternating Jump Lunge,,Strength Training,Quadriceps,Body Only,Intermediate,,
2223,HM Alternating Lunge-In-Place,,Strength Training,Quadriceps,Body Only,Intermediate,,
2224,HM Alternating Side Lunge,,Strength Training,Quadriceps,Body Only,Intermediate,,
2225,HM Sumo Pulse,,Strength Training,Quadriceps,Body Only,Intermediate,,
2226,HM Sumo Squat,,Strength Training,Quadriceps,Body Only,Intermediate,,
2227,HM Alternating Side-Kick,,Strength Training,Quadriceps,Body Only,Intermediate,,
2228,HM Tuck-Up Burpee,,Strength Training,Quadriceps,Body Only,Intermediate,,
2229,HM Bear Crawl,,Strength Training,Quadriceps,Body Only,Intermediate,,
2230,HM Bear Stance Fire Hydrant,,Strength Training,Quadriceps,Body Only,Intermediate,,
2231,HM Walking Frankenstein,,Strength Training,Quadriceps,Body Only,Intermediate,,
2232,HM Walking Hip Stretch,,Mobility and Stretching,Quadriceps,Body Only,Intermediate,,
2233,HM Wide Jump Squat,,Strength Training,Quadriceps,Body Only,Intermediate,,
2234,HM Boxer Shuffle,,Strength Training,Quadriceps,Body Only,Intermediate,,
2235,HM Running Lunge,,Cardio,Quadriceps,Body Only,Intermediate,,
2236,HM Bulgarian Split Squat On Chair,,Strength Training,Quadriceps,Body Only,Intermediate,,
2237,HM Burpee,,Strength Training,Quadriceps,Body Only,Intermediate,,
2238,HM Butterfly,,Strength Training,Quadriceps,Body Only,Intermediate,,
2239,HM Alternating Lunge Push-Up,,Strength Training,Quadriceps,Body Only,Intermediate,,
2240,HM Comet,,Strength Training,Quadriceps,Body Only,Intermediate,,
2241,HM Couch Stretch,,Strength Training,Quadriceps,Body Only,Intermediate,,
2242,HM Down Up,,Strength Training,Quadriceps,Body Only,Intermediate,,
2243,HM Duck Walk,,Strength Training,Quadriceps,Body Only,Intermediate,,
2244,HM Fragon,,Strength Training,Quadriceps,Body Only,Intermediate,,
2245,HM Frankenstein,,Strength Training,Quadriceps,Body Only,Intermediate,,
2246,HM Single-Leg Squat on Chair,,Strength Training,Quadriceps,Body Only,Intermediate,,
2247,HM Single-Leg Touchdown,,Strength Training,Quadriceps,Body Only,Intermediate,,
2248,HM Speed Skater,,Strength Training,Quadriceps,Body Only,Intermediate,,
2249,HM Squat Jump,,Strength Training,Quadriceps,Body Only,Intermediate,,
2250,HM Squat Lunge,,Strength Training,Quadriceps,Body Only,Intermediate,,
2251,HM Garland Pose,,Strength Training,Quadriceps,Body Only,Intermediate,,
2252,HM High Knees,,Strength Training,Quadriceps,Body Only,Intermediate,,
2253,HM In-And-Out Squat,,Strength Training,Quadriceps,Body Only,Intermediate,,
2254,HM In-And-Out Squat Jump,,Strength Training,Quadriceps,Body Only,Intermediate,,
2255,HM Jumping Jack,,Strength Training,Quadriceps,Body Only,Intermediate,,
2256,HM Jumping Knee-Up,,Strength Training,Quadriceps,Body Only,Intermediate,,
2257,HM Jumping Rope,,Strength Training,Quadriceps,Body Only,Intermediate,,
2258,HM Right Calf-Spike Sumo Pulse,,Strength Training,Quadriceps,Body Only,Intermediate,,
2259,HM Reverse Lunge with Kick,,Strength Training,Quadriceps,Body Only,Intermediate,,
2260,HM Left Knee-Up,,Strength Training,Quadriceps,Body Only,Intermediate,,
2261,HM Left-Leg Lunge And Kick-Out,,Strength Training,Quadriceps,Body Only,Intermediate,,
2262,HM Mountain Pose,,Strength Training,Quadriceps,Body Only,Intermediate,,
2263,HM Butt Kickers,,Strength Training,Quadriceps,Body Only,Intermediate,,
2264,HM Right-Leg Lunge And Kick-Out,,Strength Training,Quadriceps,Body Only,Intermediate,,
2265,HM Sumo Get-Up,,Strength Training,Quadriceps,Body Only,Intermediate,,
2266,AM Jump Squat,"Przysiady skokowe to wybuchowe ćwiczenie masy ciała ukierunkowane na quady, ścięgna podkolanowe i pośladki.Jest to również poważne wyzwanie sercowo -naczyniowe, gdy jest wykonywane dla przedstawicieli.Można to wykonać jako ćwiczenie mocy do budowania siły skokowej lub w każdym treningu skoncentrowanym na tłuszczu lub atletyzmie.",Strength Training,Quadriceps,Body Only,Intermediate,,
2267,AM Bodyweight Squat,"Przysiady masy ciała to fundamentalne ćwiczenie, które wzmacnia quady, pośladki i ścięgna podkolanowe.Można go wykonywać jako część dynamicznego rozgrzewki, dla czasu lub powtórzeń podczas treningu lub mobilności bioder i kręgosłupa w dowolnym momencie.",Strength Training,Quadriceps,Body Only,Intermediate,,
2268,High knees sprawl drill,"Wiertło wysokie kolana to ćwiczenie całego ciała, cardio i siły.Można go wykonywać dla powtórzeń lub czasu w szybkim obwodzie lub innym treningu.",Strength Training,Quadriceps,Body Only,Intermediate,,
2269,UP Bulgarian Split Squat,"Przysady podzielone w Bułgaria Dubbell Bułgaria to ćwiczenie jednokierunkowe ukierunkowane na quady, pośladki i ścięgna podkolanowe.",Strength Training,Quadriceps,Body Only,Intermediate,,
2270,UN Forward Lunge,,Strength Training,Quadriceps,Body Only,Intermediate,,
2271,UN Front Foot Elevated Split Squat,,Strength Training,Quadriceps,Body Only,Intermediate,,
2272,UNS Half-Kneeling Hip Flexor Stretch,,Strength Training,Quadriceps,Body Only,Intermediate,,
2273,UNS Low Depth Jump,,Strength Training,Quadriceps,Body Only,Intermediate,,
2274,UNS Forward-To-Reverse Lunge,,Strength Training,Quadriceps,Body Only,Intermediate,,
2275,Holman Towel Squat Thrust,,Strength Training,Quadriceps,Body Only,Intermediate,,
2276,Holman Towel Alternating Prisoner Squat,,Strength Training,Quadriceps,Body Only,Intermediate,,
2277,Holman Towel Alternating Lateral Lunge,,Strength Training,Quadriceps,Body Only,Intermediate,,
2278,Holman Squat Pull-Through Jump,,Strength Training,Quadriceps,Body Only,Intermediate,,
2279,Holman 180 Jump,,Strength Training,Quadriceps,Body Only,Intermediate,,
2280,Holman Foot-Elevated Knee-Up to Squat,,Strength Training,Quadriceps,Body Only,Intermediate,,
2281,Holman Feet-Elevated Squat Thrust,,Strength Training,Quadriceps,Body Only,Intermediate,,
2282,Holman Hands-Elevated Lunge Jump,,Strength Training,Quadriceps,Body Only,Intermediate,,
2283,Holman Hands-Elevated Jack to Split Jump,,Strength Training,Quadriceps,Body Only,Intermediate,,
2284,Holman Hands-Elevated Wide Squat Thrust,,Strength Training,Quadriceps,Body Only,Intermediate,,
2285,Holman Hands-Elevated Squat Thrust to Split Jack,,Strength Training,Quadriceps,Body Only,Intermediate,,
2286,Holman Squat Jump,,Strength Training,Quadriceps,Body Only,Intermediate,,
2287,Holman Squat Pulse,,Strength Training,Quadriceps,Body Only,Intermediate,,
2288,Holman Jump-Out Push-Up,,Strength Training,Quadriceps,Body Only,Intermediate,,
2289,Holman Alternating Forward Lunge,,Strength Training,Quadriceps,Body Only,Intermediate,,
2290,Holman Burpee to Jump,,Strength Training,Quadriceps,Body Only,Intermediate,,
2291,Holman Pilates Single-Leg Stretch,,Strength Training,Quadriceps,Body Only,Intermediate,,
2292,Holman Alternating Reverse Prisoner Lunge,,Strength Training,Quadriceps,Body Only,Intermediate,,
2293,Holman Narrow-Wide Squat Jump to 180 Jump,,Strength Training,Quadriceps,Body Only,Intermediate,,
2294,Holman 180 Jump to Lunge,,Strength Training,Quadriceps,Body Only,Intermediate,,
2295,Holman Imaginary Jump Rope,,Strength Training,Quadriceps,Body Only,Intermediate,,
2296,Holman Fast Feet with Hands Up,,Strength Training,Quadriceps,Body Only,Intermediate,,
2297,Holman Hands-Elevated Alternating Lunge Jump,,Strength Training,Quadriceps,Body Only,Intermediate,,
2298,Holman Right Split Lunge,,Strength Training,Quadriceps,Body Only,Intermediate,,
2299,Holman Left Split Lunge,,Strength Training,Quadriceps,Body Only,Intermediate,,
2300,Holman Plyometric Jump,,Strength Training,Quadriceps,Body Only,Intermediate,,
2301,Holman Quad Touch Jump,,Strength Training,Quadriceps,Body Only,Intermediate,,
2302,Holman Skate,,Strength Training,Quadriceps,Body Only,Intermediate,,
2303,Holman Lunge Jump,,Strength Training,Quadriceps,Body Only,Intermediate,,
2304,Holman Flying Squat Thrust,,Strength Training,Quadriceps,Body Only,Intermediate,,
2305,Holman 90-Degree Jump,,Strength Training,Quadriceps,Body Only,Intermediate,,
2306,Holman Half Jack to 180 Jump,,Strength Training,Quadriceps,Body Only,Intermediate,,
2307,Holman Quick Feet to Quad Touch Jump,,Strength Training,Quadriceps,Body Only,Intermediate,,
2308,Holman Squat Thrust to Push-Up to Super Woman,,Strength Training,Quadriceps,Body Only,Intermediate,,
2309,Holman Plyometric Jump to 180 Jump,,Strength Training,Quadriceps,Body Only,Intermediate,,
2310,Holman Standing Heel Click to Hands Down Heel Click,,Strength Training,Quadriceps,Body Only,Intermediate,,
2311,Holman Burpee to 180 Jump,,Strength Training,Quadriceps,Body Only,Intermediate,,
2312,Holman Traveling Low Jack to Belly Touch,,Strength Training,Quadriceps,Body Only,Intermediate,,
2313,Holman Flying Squat Thrust to Shoulder Tap,,Strength Training,Quadriceps,Body Only,Intermediate,,
2314,Holman Squat Jump to Alternating Side Lunge Jump,,Strength Training,Quadriceps,Body Only,Intermediate,,
2315,Holman Low Squat with Low Diagonal Dumbbell Punch,,Strength Training,Quadriceps,Body Only,Intermediate,,
2316,Holman Right Leg Hop to Right Reverse Lunge,,Strength Training,Quadriceps,Body Only,Intermediate,,
2317,Holman Left Leg Hop to Left Reverse Lunge,,Strength Training,Quadriceps,Body Only,Intermediate,,
2318,Holman Burpee to Open Stance,,Strength Training,Quadriceps,Body Only,Intermediate,,
2319,Holman Diagonal Squat Thrust to Renegade Forward Punch,,Strength Training,Quadriceps,Body Only,Intermediate,,
2320,Holman Bear Crawl,,Strength Training,Quadriceps,Body Only,Intermediate,,
2321,Holman Bear Crawl to Donkey Kick,,Strength Training,Quadriceps,Body Only,Intermediate,,
2322,Holman Bear Crawl to Froggy Push-Up,,Strength Training,Quadriceps,Body Only,Intermediate,,
2323,Holman Bear Crawl to Shoulder Tap,,Strength Training,Quadriceps,Body Only,Intermediate,,
2324,Holman Burpee to Tuck Jump,,Strength Training,Quadriceps,Body Only,Intermediate,,
2325,Holman Burpee to Flying Squat Thrust to Tuck Jump,,Strength Training,Quadriceps,Body Only,Intermediate,,
2326,Holman Forward Lunge to Reverse Lunge,,Strength Training,Quadriceps,Body Only,Intermediate,,
2327,Holman Renegade Lunge Jump,,Strength Training,Quadriceps,Body Only,Intermediate,,
2328,Holman Squat Jump to Lunge Jump,,Strength Training,Quadriceps,Body Only,Intermediate,,
2329,Holman Prisoner Reverse Lunge,,Strength Training,Quadriceps,Body Only,Intermediate,,
2330,Holman Wide-to-Narrow Squat Jump,,Strength Training,Quadriceps,Body Only,Intermediate,,
2331,Holman Donkey Run,,Strength Training,Quadriceps,Body Only,Intermediate,,
2332,Holman Weighted Wide-to-Narrow Squat Jump,,Strength Training,Quadriceps,Body Only,Intermediate,,
2333,Holman Wide-to-Narrow Donkey Kick,,Strength Training,Quadriceps,Body Only,Intermediate,,
2334,Holman Mule Kick,,Strength Training,Quadriceps,Body Only,Intermediate,,
2335,Holman Goal Post to Squat,,Strength Training,Quadriceps,Body Only,Intermediate,,
2336,Holman Frogger Squat to Heel Click,,Strength Training,Quadriceps,Body Only,Intermediate,,
2337,Holman Stair Sprint,,Strength Training,Quadriceps,Body Only,Intermediate,,
2338,Holman Stair Bear Crawl,,Strength Training,Quadriceps,Body Only,Intermediate,,
2339,Holman Burpee to Flying Squat Thrust,,Strength Training,Quadriceps,Body Only,Intermediate,,
2340,Holman Flying Squat Thrust to Push-Up,,Strength Training,Quadriceps,Body Only,Intermediate,,
2341,Holman Foot-Elevated Step-To-Lunge,,Strength Training,Quadriceps,Body Only,Intermediate,,
2342,Holman Split Lunge,,Strength Training,Quadriceps,Body Only,Intermediate,,
2343,Holman Stair Climb,,Strength Training,Quadriceps,Body Only,Intermediate,,
2344,Holman Burpee to Flying Jack,,Strength Training,Quadriceps,Body Only,Intermediate,,
2345,Holman Right Reverse Lunge,,Strength Training,Quadriceps,Body Only,Intermediate,,
2346,Holman Left Reverse Lunge,,Strength Training,Quadriceps,Body Only,Intermediate,,
2347,Holman Squat Tap to Hop,,Strength Training,Quadriceps,Body Only,Intermediate,,
2348,Holman Squat Tap to Jump-Forward-Jump-Back,,Strength Training,Quadriceps,Body Only,Intermediate,,
2349,Holman Squat Hip Drive,,Strength Training,Quadriceps,Body Only,Intermediate,,
2350,Holman Alternating Double Lunge Hop,,Strength Training,Quadriceps,Body Only,Intermediate,,
2351,Holman Right Reverse Lunge to Front Kick,,Strength Training,Quadriceps,Body Only,Intermediate,,
2352,Holman Right Leg Forward Lunge Hop,,Strength Training,Quadriceps,Body Only,Intermediate,,
2353,Holman Right Squat Thrust,,Strength Training,Quadriceps,Body Only,Intermediate,,
2354,Holman Left Reverse Lunge to Front Kick,,Strength Training,Quadriceps,Body Only,Intermediate,,
2355,Holman Left Leg Forward Lunge Hop,,Strength Training,Quadriceps,Body Only,Intermediate,,
2356,Holman Left Side Diagonal Burpee,,Strength Training,Quadriceps,Body Only,Intermediate,,
2357,Holman Left Squat Thrust,,Strength Training,Quadriceps,Body Only,Intermediate,,
2358,Holman Wide Squat Thrust,,Strength Training,Quadriceps,Body Only,Intermediate,,
2359,Holman Alternating Single-Leg Hop to Squat to 180 Jump,,Strength Training,Quadriceps,Body Only,Intermediate,,
2360,Holman Right Lunge Hop to Chest Press,,Strength Training,Quadriceps,Body Only,Intermediate,,
2361,Holman Left Lunge Hop to Overhead Press,,Strength Training,Quadriceps,Body Only,Intermediate,,
2362,Holman 180 Jump Hop Forward Hop Back,,Strength Training,Quadriceps,Body Only,Intermediate,,
2363,Holman Right Split Squat,,Strength Training,Quadriceps,Body Only,Intermediate,,
2364,Holman Left Split Squat,,Strength Training,Quadriceps,Body Only,Intermediate,,
2365,Holman Double Squat Pulse to 180 Jump,,Strength Training,Quadriceps,Body Only,Intermediate,,
2366,Holman Towel Left Side Squat,,Strength Training,Quadriceps,Body Only,Intermediate,,
2367,Holman Alternating Lunge Jump,,Strength Training,Quadriceps,Body Only,Intermediate,,
2368,Holman Lunge Jump to Squat Jump,,Strength Training,Quadriceps,Body Only,Intermediate,,
2369,Holman Burpee with Belly Touch,,Strength Training,Quadriceps,Body Only,Intermediate,,
2370,Bootstrapper squat,"Puksyzm bootstrapper to ruch, który poprawia mobilność, siłę mięśni i elastyczność w biodrach i ścięgnach podkolanowych.Zazwyczaj jest wykonywany jako część dynamicznego rozgrzewki do dolnej części ciała, aby zmobilizować biodra i poprawić formę przysiadu.",Strength Training,Quadriceps,Body Only,Intermediate,,
2371,Total Fitness Broad Jump,"Szeroki skok jest wybuchowym ćwiczeniem dolnej części ciała.Jest to powszechny sposób pomiaru wybuchowej siły bioder i dolnej części ciała u sportowców.Im bardziej wybuchowy jesteś, tym dalej będziesz mógł skoczyć.",Strength Training,Quadriceps,Body Only,Intermediate,,
2372,Total Fitness Lateral Lunge,"Lunge boczne to ruch dolnej maski ciała, który działa quady, pośladki i ścięgna podkolanowe.Można go również wykonać, trzymając hantle lub inne ciężary.Jest często wykonywany dla przedstawicieli w ramach dynamicznej rutyny rozgrzewki lub mobilności, ale może również pracować w obwodzie lub innych treningach.",Strength Training,Quadriceps,Body Only,Intermediate,,
2373,Lateral shuffle,"Beralne tasowanie jest powszechnym ćwiczeniem na treningach sportowych i na siłowni.Polega na wykonaniu kroków na bok, a następnie kroku na drugą stronę.Można go wykonywać jako część obwodu dla sportowców na dowolnym poziomie, ale jest również doskonałym ruchem dla początkujących.",Strength Training,Quadriceps,Body Only,Intermediate,,
2374,Total Fitness Skip,"Skip to ćwiczenie, które buduje moc i wybuchowość w nogach.Jest to powszechnie wykonywane przez dzieci i na zajęciach na siłowni, ale świetnie nadaje się również do pracy nóg i zginaczy bioder, dzięki czemu jest to ulubione rozgrzewki dla sportowców, którzy muszą eksplodować pionowo.",Strength Training,Quadriceps,Body Only,Intermediate,,
2375,Total Fitness Spider Lunge,"Odcinek Lunge Spider to odcinek dolnego ciała ukierunkowany na biodra, pachwinę i quady.Może być częścią dynamicznej pracy rozgrzewki lub mobilności wykonywanej w dowolnym momencie.",Strength Training,Quadriceps,Body Only,Intermediate,,
2376,Spider lunge stretch,"Odcinek Lunge Spider to odcinek dolnego ciała ukierunkowany na biodra, pachwinę i quady.Może być częścią dynamicznej pracy rozgrzewki lub mobilności wykonywanej w dowolnym momencie.",Strength Training,Quadriceps,Body Only,Intermediate,,
2377,Spider lunge with T-rotation,"Spider Lunge z r-rotacji T jest ćwiczeniem, które wytwarza głęboki odcinek w pośladkach i ścięgnach podkolanowych, jednocześnie obracając i mobilizując obszar kręgosłupa klatki piersiowej.Jest to świetny ruch, który można uwzględnić w dynamicznym rozgrzewce lub w dowolnym momencie pracy mobilności.",Strength Training,Quadriceps,Body Only,Intermediate,,
2378,Standing quad stretch,"Stojący quad to proste ćwiczenie zaprojektowane do rozciągania czworogłów, duże mięśnie, które obejmują większość ud.Jest to statyczny odcinek, co oznacza, że ​​zwykle wykonuje się poprzez utrzymanie rozciągniętej pozycji przez pewien czas.",Strength Training,Quadriceps,Body Only,Intermediate,,
2379,Vertical jump,"Skok pionowy jest wybuchowym ćwiczeniem dolnej części ciała, które jest powszechnym sposobem pomiaru wybuchowej siły bioder i dolnej części ciała u sportowców.Im bardziej wybuchowy jesteś, tym wyżej będziesz mógł skoczyć.",Strength Training,Quadriceps,Body Only,Intermediate,,
2380,King Maker Burpee,"Burpee to ćwiczenie o wysokiej intensywności, które rekrutuje całe ciało do budowania siły i zdolności aerobowej.Jest to powszechne w treningach CrossFit i grupach fitnessowych, ale może być również wykonywane dla czasu lub powtórzeń w dowolnym obwodzie lub treningu skoncentrowanym na tłuszczu lub atletyzmie.",Strength Training,Quadriceps,Body Only,Intermediate,,
2381,King Maker Explosive High Jump,"Skok Tuck jest skokiem pionowym, wybuchowym ćwiczeniem dolnej części ciała, które jest powszechnym sposobem pomiaru wybuchowej siły bioder i dolnej części ciała u sportowców.Im bardziej wybuchowy jesteś, tym wyżej będziesz mógł skoczyć.",Strength Training,Quadriceps,Body Only,Intermediate,,
2382,Muscle Beach Skip,,Strength Training,Quadriceps,Body Only,Intermediate,,
2383,Muscle Beach Broad Jump,,Strength Training,Quadriceps,Body Only,Intermediate,,
2384,Muscle Beach Sprint,,Strength Training,Quadriceps,Body Only,Intermediate,,
2385,Muscle Beach Front Kick,,Strength Training,Quadriceps,Body Only,Intermediate,,
2386,Muscle Beach Side Kick,,Strength Training,Quadriceps,Body Only,Intermediate,,
2387,Muscle Beach Spin Kick,,Strength Training,Quadriceps,Body Only,Intermediate,,
2388,Muscle Beach Freestyle Kick,,Strength Training,Quadriceps,Body Only,Intermediate,,
2389,MetaBurn Alternating Curtsy Lunge To Squat,,Strength Training,Quadriceps,Body Only,Intermediate,,
2390,MetaBurn Alternating Curtsy Lunge With High Knee,,Strength Training,Quadriceps,Body Only,Intermediate,,
2391,MetaBurn Alternating Diagonal Sprawl,,Strength Training,Quadriceps,Body Only,Intermediate,,
2392,MetaBurn Alternating Lateral Sprawl,,Strength Training,Quadriceps,Body Only,Intermediate,,
2393,MetaBurn Curtsy Lunge,,Strength Training,Quadriceps,Body Only,Intermediate,,
2394,MetaBurn Frogger,,Strength Training,Quadriceps,Body Only,Intermediate,,
2395,MetaBurn High Knee Rotation,,Strength Training,Quadriceps,Body Only,Intermediate,,
2396,MetaBurn Side-To-Side Lunge,,Strength Training,Quadriceps,Body Only,Intermediate,,
2397,MetaBurn Star Jump,,Strength Training,Quadriceps,Body Only,Intermediate,,
2398,MetaBurn Tuck Jump With Knee Slap,,Strength Training,Quadriceps,Body Only,Intermediate,,
2399,MetaBurn Lateral Bounding Hop,,Strength Training,Quadriceps,Body Only,Intermediate,,
2400,MetaBurn Double Lunge,,Strength Training,Quadriceps,Body Only,Intermediate,,
2401,Robertson Sprinter Step-Up,,Strength Training,Quadriceps,Body Only,Intermediate,,
2402,FYR2 Front Kick-Through,,Strength Training,Quadriceps,Body Only,Intermediate,,
2403,Lunge high-knee clap,"Lunge High-Nolee Clap to ćwiczenie całego ciała, z naciskiem na dolną część ciała.Obejmuje klasę pod przednią nogą, aby ruch był silniejszy i surowy.Może być wykonywany dla czasu lub powtórzeń i jest doskonałym włączeniem do treningu obwodu skoncentrowanego na tłuszczu lub atletyzmie.",Strength Training,Quadriceps,Body Only,Intermediate,,
2404,FYR2 Plyo Split Squat,,Strength Training,Quadriceps,Body Only,Intermediate,,
2405,FYR2 Reverse Burpee,,Strength Training,Quadriceps,Body Only,Intermediate,,
2406,FYR2 Reverse Burpee to Regular Burpee,,Strength Training,Quadriceps,Body Only,Intermediate,,
2407,FYR2 Reverse Burpee Tuck Jump,,Strength Training,Quadriceps,Body Only,Intermediate,,
2408,FYR2 Sprawlee,,Strength Training,Quadriceps,Body Only,Intermediate,,
2409,FYR2 Squat Hold,,Strength Training,Quadriceps,Body Only,Intermediate,,
2410,FYR2 Squat Jump,,Strength Training,Quadriceps,Body Only,Intermediate,,
2411,FYR2 Squat Pulse,,Strength Training,Quadriceps,Body Only,Intermediate,,
2412,Sprinter burpee,"Sprinter Burpee to wybuchowa wersja ćwiczenia Burpee, która dodaje skok sprintera na górę każdego przedstawiciela.Można go wykonywać dla czasu lub powtórzeń w dowolnym obwodzie lub treningu skoncentrowanym na tłuszczu lub atletyzmie.",Strength Training,Quadriceps,Body Only,Intermediate,,
2413,Shuttle run training,"Trening biegów wahadłowych to sportowy ćwiczenie kondycjonujące, które świetnie nadaje się do rozwijania prędkości i mocy, a także do zmiany kierunku.Jest ulubieńcem piłki nożnej i koszykówki, ale może być również świetna praca uwarunkowana dla podnośników i sportowców o wszystkich poziomach umiejętności.",Strength Training,Quadriceps,Body Only,Intermediate,,
2414,Medicine ball ninja,"Ninja Ball Medicine to dynamiczny ruch kulki, który rzuca wyzwanie zarówno górnej, jak i dolnej części ciała, jednocześnie podnosząc tętno.Jest to świetny ruch, który obejmuje trening w piłce medycyny lub w masie ciała w celu zwiększenia zmęczenia i spalania poważnych kalorii podczas wbijania mięśni nóg.",HIIT,Quadriceps,Medicine Ball,Intermediate,0.0,
2415,FYR Air Ball Plus Medicine Ball Jumping Sprawl,"Medicine Ball Air Ball do skakania to seria masy ciała i ruchu piłki lekarskiej w jednej sekwencji.Łącznie kierują się praktycznie na każdy mięsień w ciele, a także poważnie rzucają wyzwanie układu sercowo -naczyniowego.Może to być trening jednorazowy, jeśli zostanie wykonany dla wysokich powtórzeń lub część większego treningu obwodu.",Strength Training,Quadriceps,Medicine Ball,Intermediate,,
2416,Medicine ball cowboy squat,"Kowbajski przysiad jest wybuchowym ćwiczeniem skierowanym do dolnej części ciała, chociaż kilka mięśni górnego ciała odgrywa ważne role wspierające.Ten ruch polega na wykonywaniu przysiadów skaczących przy jednoczesnym trzymaniu piłki lekarskiej nad głową.Jest to powszechnie wykonywane w ramach obwodu w wadze ciała i leku, koncentrujące się na utraty tłuszczu lub atletyzmie.",Strength Training,Quadriceps,Medicine Ball,Intermediate,,
2417,Medicine ball jumping jill,"Kulka medyczna Jill to wybuchowe ćwiczenie z piłką medycyną, która jest podobna do skakania, ale wykonała trzymanie piłki lekarskiej między rękami.Można go wykonywać dla czasu lub powtórzeń w dynamicznym rozgrzewce, utraty tłuszczu lub kondycji, zwykle w połączeniu z innymi ruchami ciała lub ruchami piłki lekarskiej.",Strength Training,Quadriceps,Medicine Ball,Intermediate,,
2418,Alternate Leg Diagonal Bound,,HIIT,Quadriceps,,Beginner,6.9,Average
2419,Sit Squats,,Mobility and Stretching,Quadriceps,,Beginner,6.1,Average
2420,Frog Hops,,Mobility and Stretching,Quadriceps,,Beginner,3.9,Average
2421,Dumbbell lateral hop to sprint,"Hold Hantal Hop to Sprint to wieloczęściowe wybuchowe ćwiczenia łączące hopki ważone z ważonym sprintem.Dodanie hantli dodaje wyzwanie do rdzenia i ramion.Ponieważ równowaga może być wyzwaniem, jest zwykle wykonywana ze stosunkowo lekkimi ciężarami, często jako składnik treningu tłuszczu lub treningu sportowego.",HIIT,Quadriceps,,Intermediate,0.0,
2422,Smith machine lunge sprint,"Smith Machine Lunge Sprint to ćwiczenie zasilania dolnej części ciała wykonane z paskiem maszyny Smitha z tyłu.Jest podobny do naprzemiennego rzutu skoku lub „lunge nożycowego”, ale z dodatkową wagą.Zawarty pasek maszyny Smitha czyni go bezpieczniejszym i mniejszym wyzwaniem równowagi niż stosowanie wolnej wagi.",Strength Training,Quadriceps,,Intermediate,0.0,Average
2423,Sissy squat,"Sissy przysiad jest wariacją przysiadu w masie ciała, która polega na pozwalaniu kolanom podróżującym daleko nad palcami, umieszczając ekstremalny odcinek na quadach.Ten ruch jest bezpośrednio ukierunkowany na mięśnie quad i może być wykonywany w częściowym lub pełnym zakresie ruchu w oparciu o zdrowie kolana i ból.",Strength Training,Quadriceps,,Intermediate,,
2424,Wall ball toss,"Rzut piłki ściennej to wybuchowe ćwiczenie całego ciała z wykorzystaniem piłki lekarskiej.Polega na kucaniu, a następnie wybuchowym docisku ważonej kulki w powietrze i złapaniu jej odbicia z pionowej powierzchni.Jest to powszechne w treningach CrossFit i może być wykonywane dla czasu lub powtórzeń.",HIIT,Quadriceps,Exercise Ball,Intermediate,8.0,Average
2425,Bosu Ball Squat,,Strength Training,Quadriceps,Exercise Ball,Beginner,0.0,
2426,Exercise ball Bulgarian split squat,"Bułgarski przysiad z piłką ćwiczeń to ćwiczenie, które buduje quady, ścięgna podkolanowe i pośladają jedną nogę na raz.Piłka ćwiczeń służy do wsparcia goleni i stopy.Ze względu na wyzwanie równowagi, ta wersja przysiadu jest zwykle wykonywana dla umiarkowanych do wysokich powtórzeń tylko o masie ciała lub lekkich ciężarach w dłoni.Jeśli problem jest problemem, możesz przykleić piłkę w rogu pokoju podczas wykonywania ćwiczenia.",Strength Training,Quadriceps,Exercise Ball,Intermediate,,
2427,Internal Rotation with Band,,Strength Training,Shoulders,Bands,Beginner,8.3,Average
2428,Band Pull Apart,"Pull-rozprzestrzenianie się jest ćwiczeniem skierowanym do mięśni górnej części pleców, w tym trapezu, tylnych deltów i romboidów.Zespół tworzy dynamiczne napięcie, pozwalając naprawdę skupić się na zarażeniu tych mięśni, co czyni go doskonałym wiertłem aktywacyjnym przed podnoszeniem górnego ciała.",Strength Training,Shoulders,Bands,Intermediate,8.2,Average
2429,Back Flyes - With Bands,,Strength Training,Shoulders,Bands,Beginner,8.1,Average
2430,Lateral Raise - With Bands,,Strength Training,Shoulders,Bands,Beginner,7.9,Average
2431,Shoulder Press - With Bands,,Strength Training,Shoulders,Bands,Beginner,7.6,Average
2432,External Rotation with Band,,Strength Training,Shoulders,Bands,Beginner,0.0,
2433,FYR Band Pull-Apart,,Strength Training,Shoulders,Bands,Intermediate,,
2434,HM Lateral Raise,,Strength Training,Shoulders,Bands,Intermediate,,
2435,Rusin Banded Over-And-Back,,Strength Training,Shoulders,Bands,Intermediate,,
2436,Rusin Banded Face Pull,,Strength Training,Shoulders,Bands,Intermediate,,
2437,UP Band Pull-Apart,,Strength Training,Shoulders,Bands,Intermediate,,
2438,Jordan Shallow Band-Resisted Thread the Needle,,Strength Training,Shoulders,Bands,Intermediate,,
2439,30 Shoulders Seated Banded Barbell Shoulder Press,,Strength Training,Shoulders,Bands,Intermediate,,
2440,Band shoulder press,"Bandowa prasa na ramię jest ćwiczeniem naramiennym i alternatywą dla klasycznej prasy ramion hantli.Dynamiczne napięcie zespołu zmusza rdzeń do stabilizacji ciała i bardziej pasuje do krzywej siły prasy ramionowej.Można go wykonywać w niskich powtórzeniach, takich jak 5-8 powtórzeń na zestaw, w celu budowy siły barku lub dla wyższych powtórzeń do budowy mięśni i kondycjonowania.Może działać jako główny skupienie dnia na ramieniu, ale jest również popularny jako ruch akcesoriów do prasy ławkowej lub prasy wojskowej Barbell.",Strength Training,Shoulders,Bands,Intermediate,,
2441,Band lateral raise,"Podniesienie boczne pasma jest ćwiczeniem ramion, które są ukierunkowane na przyśrodkową lub środkową głowę mięśnia naramiennego.Jest to odmiana podnoszenia bocznego hantli, ruch treningu wytrzymałościowego.Podwyższenie zespołu boczne to świetna opcja do rozgrzewki lub pracy akcesoriów w dni treningu górnego ciała.Dynamiczne napięcie pasma zapewnia ciągłe napięcie i odpowiada krzywej wytrzymałości ruchu.Zazwyczaj wykonuje się to dla umiarkowanych do wysokich powtórzeń, co najmniej 8-12 powtórzeń, w ramach części treningu skoncentrowanego na górnej lub ramion.",Strength Training,Shoulders,Bands,Intermediate,,
2442,Band upright row,"Zespół wyprostowany jest popularnym ruchem budowania silniejszych i większych pułapek i ramion oraz podobny do hantlicznego rzędu.Wielu podnośników łączy ten ruch z treningiem pleców lub ramion, ponieważ obejmuje oba części ciała.Korzystanie z pasma zapewnia dynamiczną oporność i jest łatwiejsze na ramieniu niż za pomocą sztangi.Jest to ogólnie wykonywane dla umiarkowanych do wysokich powtórzeń, takich jak 8-12 powtórzeń na zestaw lub więcej.",Strength Training,Shoulders,Bands,Intermediate,,
2443,Staggered-stance band shoulder press,"Prasa barkowa pasma rozłożona jest ćwiczeniem naramiennym i odmianą prasy ramion pasmowej.Dynamiczne napięcie zespołu zmusza rdzeń do stabilizacji ciała, a zatoczona stacja zapewnia większą stabilność i łagodzi napięcie z tyłu.Można go wykonywać w niskich powtórzeniach, takich jak 5-8 powtórzeń na zestaw, w celu budowy siły barku lub dla wyższych powtórzeń do budowy mięśni i kondycjonowania.Może działać jako główny skupienie dnia na ramieniu, ale jest również popularny jako ruch akcesoriów do prasy ławkowej lub prasy wojskowej Barbell.",Strength Training,Shoulders,Bands,Intermediate,,
2444,Single-arm banded landmine press,"Jednokamorowa pasma lądowa to ćwiczenie górnego ciała, które wykorzystuje kątową sztangę zakotwiczoną na poziomie podłogi w urządzeniu do lądowania.Można go również wykonać, wkładając sztangę w rogu pokoju, najlepiej w ręczniku, aby chronić ściany.Pasmo dodaje ciągłego napięcia i dynamicznego odporności na ćwiczenie.Ruch koncentruje się przede wszystkim na mięśniach ramion lub naramienników i może być szkolony w tradycyjnych zakresach powtórzeń mięśni i siły lub dla wyższych powtórzeń.",Strength Training,Shoulders,Bands,Intermediate,,
2445,Band front raise rear fly row combo,"Pasmo Front Raise Old Fly Row to połączenie trzech różnych ćwiczeń ramionowych do budowy i wzmocnienia przednich, środkowych naramienników i tylnych części ramion.Wymaga to ciągłego pasma pętli, aby zapewnić stałe, dynamiczne napięcie w całym ruchu.Oprócz przednich i tylnych deltów ćwiczenie to działa na ramiona, klatkę piersiową, plecy i rdzeń, co czyni go świetnym czasem wypalenie ramion lub ruch akcesoriów w dniu górnego ciała.",Strength Training,Shoulders,Bands,Intermediate,,
2446,Jordan Shallow Foam Roller Thoracic Extension,,Strength Training,Shoulders,Foam Roll,Intermediate,,
2447,Jordan Shallow Thread the Needle (with Foam Roller),,Strength Training,Shoulders,Foam Roll,Intermediate,,
2448,Clean and press,"Czyste i prasa to winda całego ciała składająca się z dwóch ruchów: czystego, w którym pręt jest wyciągany z podłogi i złapany w pozycji przednich stojaków w trzech pociągnięciach lub fazach, a następnie prasie napowietrzne.Kilkadziesiąt lat temu został zakwestionowany na Igrzyskach Olimpijskich.Dziś pozostaje godnym centralnym punktem programu treningu siłowego i siłowego i ma korzyści z całego ciała, gdy jest wykonywane dla niskich powtórzeń, a także umiarkowanych do wysokich przedstawicieli.",Strength Training,Shoulders,Barbell,Intermediate,9.4,Average
2449,Clean and jerk,"Czysty i palant to winda całego ciała, która jest jednym z dwóch kwestionowanych wind w olimpijskich zawodach podnoszenia ciężarów.Składa się z dwóch ruchów: czystego, w którym pręt jest wyciągany z podłogi i złapany w przednim stojaku w trzech pociągnięciach lub fazach, a następnie szarpnięć nad głową.Czysty i palant uderza każdy mięsień od stóp do głów i może być centralnym punktem programu podnoszenia.Jest również popularny w programach treningowych CrossFit i Athletic.Zwykle wykonuje się w niskich zakresach powtórzeń, koncentrując się na jakości i jakości ruchu.",Strength Training,Shoulders,Barbell,Intermediate,9.3,Average
2450,Military press,"Prasa wojskowa to ruch złożony używany do budowania wielkości i siły w ramionach.Kiedyś był kiedyś zakwestionowany jako czwarty łyżka mocy, ale rzadko rywalizuje.Jednak możliwość naciskowania znacznego narzutów pozostaje popularnym markerem siły górnego ciała.Prasa wojskowa może być wyszkolona jako podnoszenie siły lub w tradycyjnych zakresach przedstawiających mięśni w ramach treningu pełnego ciała, skoncentrowanego na ramię lub górnej części ciała.",Strength Training,Shoulders,Barbell,Intermediate,9.3,Average
2451,Seated barbell shoulder press,Siedząca prasa do barku sztangowego jest klasycznym ćwiczeniem do budowania mięśni i siły w ramionach.Triceps odgrywają również znaczącą rolę w naciskowaniu narzutów sztangowych.Wykonanie ruchu siedzącego zmniejsza pomoc z dolnej części ciała i zmniejsza ryzyko nadmiernego wyciągnięcia kręgosłupa lędźwiowego podczas ruchu.Ta zmiana prasowa może być głównym ruchem prasowym w dniu górnej lub ramion lub skutecznym ruchem akcesoriów później podczas treningu.,Strength Training,Shoulders,Barbell,Intermediate,9.2,Average
2452,Snatch-Grip Behind-The-Neck Overhead Press,,Strength Training,Shoulders,Barbell,Beginner,9.0,Average
2453,Standing Bradford press,"Stojąca prasa Bradford to niejasne, ale skuteczne ćwiczenie ramion, które naprzemiennie prasy z frontami z zakuliskowymi prasami.Może być stosowany jako rozgrzewka do innych wariantów prasowych w dniu ramion lub jako ruch budowania mięśni w treningu skoncentrowanym na ramieniu lub górnej części ciała.Zazwyczaj wykonuje się to dla stosunkowo wysokich powtórzeń, takich jak 8-15 powtórzeń na zestaw lub wyższy, lub po prostu do zmęczenia.",Strength Training,Shoulders,Barbell,Intermediate,8.7,Average
2454,Barbell Shoulder Press,"Siedzące sztangowe ramiona jest klasyczne ćwiczenie do budowania mięśni i wzmacniania ramion, szczególnie, ale nie wyłącznie przednich głów.Triceps odgrywają również znaczącą rolę w naciskowaniu sztandaru.",Strength Training,Shoulders,Barbell,Intermediate,8.7,Average
2455,Barbell rear delt bent-over row,"Tylna delt z tylnym rzędem delta to ruch używany do celowania w ramiona, a także mięśni górnej części.Jest wykonywany z lżejszymi wagami niż tradycyjny zgięty rząd sztangowy i zwykle wykonuje się dla wyższych powtórzeń, takich jak 8-15 powtórzeń na zestaw, w ramach treningu pleców lub górnego ciała.",Strength Training,Shoulders,Barbell,Intermediate,8.5,Average
2456,Barbell upright row,"Rząd pionowy to ćwiczenie sztangi, które buduje silniejsze i większe pułapki.Wielu podnośników łączy ten ruch z treningiem pleców lub ramion, ponieważ obejmuje oba części ciała.",Strength Training,Shoulders,Barbell,Intermediate,8.3,Average
2457,Bradford/Rocky Presses,,Strength Training,Shoulders,Barbell,Beginner,8.2,Average
2458,Lying rear delt fly,"Leżąca tylna mucha delt to ćwiczenie górnego ciała, które są ukierunkowane na tylny naramiennik ramienia.Wykonując ruch leżący twarzą w dół na ławce, eliminuje pęd z reszty ciała.Ruch ten jest zwykle wykonywany dla umiarkowanych do wysokich powtórzeń, takich jak 8-12 powtórzeń na zestaw lub więcej, w ramach części treningu skoncentrowanego na górnej lub ramion.",Strength Training,Shoulders,Barbell,Intermediate,8.2,Average
2459,Machine Shoulder (Military) Press,Maszyna prasa na ramię to ćwiczenie górnej części ciała ukierunkowane na naramienniki.,Strength Training,Shoulders,Barbell,Intermediate,8.0,Average
2460,Standing Barbell Press Behind Neck,"Stojąca prasa zakulisowa to klasyczne ćwiczenie ramion, które było szeroko stosowane podczas przyznanej złotej ery kulturystyki.Oprócz naramienników działa również mięśnie trapezu i triceps.To może nie być dobry wybór dla ramion niektórych ludzi, w zależności od ich historii obrażeń.Można go trenować w zakresie powtórzeń skoncentrowanych na sile, ale jest częściej szkolony w umiarkowanych do wysokich powtórzeniach, takich jak 8-15 powtórzeń na zestaw.",Strength Training,Shoulders,Barbell,Intermediate,7.9,Average
2461,Barbell front raise,"Podwyższenie frontu Barbell to ćwiczenie izolacji górnej części, które atakuje ramiona.Zazwyczaj wykonuje się to dla umiarkowanych do wysokich powtórzeń, takich jak 8-12 powtórzeń lub wyższych, w ramach części każdego treningu skoncentrowanego na ramię.",Strength Training,Shoulders,Barbell,Intermediate,7.4,Average
2462,Overhead bar front raise,"Podwyższenie pręta górnego jest ćwiczeniem skierowanym do mięśni pułapek (trapezu), zwłaszcza górnych pułapek, a także przednich lub przednich ramion.Można go również wykonać za pomocą płyty wagowej lub hantli, zapewniając neutralny uchwyt, który może być bardziej przyjazny dla niektórych podnośników.Podwyżki napowietrzne występują najczęściej w przypadku wysokich powtórzeń (co najmniej 8-12 powtórzeń na zestaw lub wyższy) na ramieniu, pułapce lub innym dniu budowania mięśni zorientowanych na górne ciało.",Strength Training,Shoulders,Barbell,Intermediate,7.2,Average
2463,Incline barbell shoulder protraction,"Pochylenie na pochyłości sztangi to ruch górnego ciała, który jest ukierunkowany na siłę i mobilność w łoprze lub łopatkach.Może to pomóc w zwiększeniu siły nalegającej i zapobiegania obrażeniom.Pomaga także opracować przednie Serratus, często zaniedbany mięsień wokół klatki piersiowej, który może pomóc w zdrowiu barku i definicji mięśni górnego ciała.Ponieważ celuje w tak małe mięśnie, ćwiczenie to jest zwykle wykonywane z lekką wagą dla wysokich powtórzeń, takich jak 8-12 powtórzeń na zestaw lub więcej.",Strength Training,Shoulders,Barbell,Intermediate,6.5,Average
2464,Behind-the-head push-press,"Push-naciśnięta z zakopania to odmiana prasowa, w której sztanga zaczyna się w pozycji tylnej stojaku i jest popychana z pomocą dolnej części ciała.Najczęściej występuje podczas treningu w zakresie podnoszenia ciężarów olimpijskich.Może być częścią kompleksu sztangowego lub wykonywanego dla niskich powtórzeń koncentrujących się na jakości i jakości ruchu.",Strength Training,Shoulders,Barbell,Intermediate,6.5,Average
2465,Rack Delivery,,Strength Training,Shoulders,Barbell,Beginner,0.0,
2466,Smith Incline Shoulder Raise,,Strength Training,Shoulders,Barbell,Beginner,0.0,Average
2467,Tall Muscle Snatch,,Strength Training,Shoulders,Barbell,Beginner,0.0,
2468,Axle Clean And Press,,Strength Training,Shoulders,Barbell,Beginner,0.0,Average
2469,Jerk Balance,,Strength Training,Shoulders,Barbell,Beginner,0.0,Average
2470,Seated EZ-bar shrug,"Siedzący EZ-Bar wzruszy ramionami, jest ćwiczeniem ukierunkowanym na mięsień trapeza, ten mięsień w kształcie litery V, który tworzy trójkąt, w którym ramiona spotykają szyję.Zazwyczaj wykonuje się to dla umiarkowanych do wysokich powtórzeń podczas treningu z górnym ciałem lub ramionami i pułapkami.",Strength Training,Shoulders,Barbell,Intermediate,,
2471,Paul Carter Barbell Seated Military Press,"Siedzące sztangowe ramiona jest klasyczne ćwiczenie do budowania mięśni i wzmacniania ramion, szczególnie, ale nie wyłącznie przednich głów.Triceps odgrywają również znaczącą rolę w naciskowaniu sztandaru.",Strength Training,Shoulders,Barbell,Intermediate,,
2472,TBS Barbell Military Press,"Prasa wojskowa to ruch złożony używany do budowania wielkości i siły w ramionach.Kiedyś był kiedyś zakwestionowany jako czwarty łyżka mocy, ale rzadko rywalizuje.Jednak możliwość naciskowania znacznego narzutów pozostaje popularnym markerem siły górnego ciała.Prasa wojskowa może być wyszkolona jako podnoszenie siły lub w tradycyjnych zakresach przedstawiających mięśni w ramach treningu pełnego ciała, skoncentrowanego na ramię lub górnej części ciała.",Strength Training,Shoulders,Barbell,Intermediate,,
2473,Incline Front Barbell Raise - Gethin Variation,"Pochylne podwyższenie pręta jest ćwiczeniem górnego ciała atakującego ramiona.Ponieważ jest wykonywany twarzą w dół na kątowej ławce, ma większy zakres ruchu niż podwyżki stojące lub wyprostowane i uderza w ramiona pod innym kątem.Wariacji podnoszenia są zwykle wykonywane dla umiarkowanych do wysokich powtórzeń, takich jak 8-12 powtórzeń na zestaw lub więcej, w ramach treningu skoncentrowanego na górnym ciele lub ramion.",Strength Training,Shoulders,Barbell,Intermediate,,
2474,Barbell Front Raise - Gethin Variation,"Podwyższenie frontu Barbell to ćwiczenie izolacji górnej części, które atakuje ramiona.Zazwyczaj wykonuje się to dla umiarkowanych do wysokich powtórzeń, takich jak 8-12 powtórzeń lub wyższych, w ramach części każdego treningu skoncentrowanego na ramię.",Strength Training,Shoulders,Barbell,Intermediate,,
2475,Single-arm barbell lateral raise,"Podniesienie boczne z jednym ramieniem jest ćwiczeniem izolacyjnym ukierunkowanym na ramiona.Jest to trudniejsze niż użycie hantli i ma komponent niestabilności, który może sprawić, że mięśnie naramienne będą cięższe.Zwykle wykonuje się to po jednej stronie dla umiarkowanych do wysokich powtórzeń, takich jak 8-15 powtórzeń na zestaw, w ramach treningu skoncentrowanego na ramię.",Strength Training,Shoulders,Barbell,Intermediate,,
2476,AM Upright Row,"Rząd pionowy to ćwiczenie sztangi, które buduje silniejsze i większe pułapki.Wielu podnośników łączy ten ruch z treningiem pleców lub ramion, ponieważ obejmuje oba części ciała.",Strength Training,Shoulders,Barbell,Intermediate,,
2477,AM Barbell Shoulder Press,"Stojąca prasa na barku sztangi to ruch złożony stosowany do budowania wielkości i siły w ramionach.Prasa barkowa może być wyszkolona jako podnoszenie siły lub w tradycyjnych zakresach przedstawiających mięśni w ramach treningu z całego ciała, skoncentrowanym na ramionach lub na górnym ciele.",Strength Training,Shoulders,Barbell,Intermediate,,
2478,Standing barbell shoulder press,"Stojąca prasa na barku sztangi to ruch złożony stosowany do budowania wielkości i siły w ramionach.Prasa barkowa może być wyszkolona jako podnoszenie siły lub w tradycyjnych zakresach przedstawiających mięśni w ramach treningu z całego ciała, skoncentrowanym na ramionach lub na górnym ciele.",Strength Training,Shoulders,Barbell,Intermediate,,
2479,King Maker Barbell Thruster,"Brązowy sztopów jest ćwiczeniem całego ciała, które obejmuje zarówno kucanie, jak i naciskanie w jednym ruchu funkcjonalnym.Jest to szczególnie powszechne we współczesnych treningach CrossFit, ale także w ogólnym treningu siłowym.Sztangę jest zwykle czyszczona na swoim miejscu, ale można go wykonać zaczerpnięcie z przysiadu w pozycji na pierwszym miejscu.Tętop jest wykonywany w tradycyjnych zakresach powtórzeń zorientowanych na wytrzymałość, aby budować siłę w prasie lub w wyższych powtórzeniach w celu uwarunkowania całego ciała.",Strength Training,Shoulders,Barbell,Intermediate,,
2480,Single-arm incline cable cross-over,"Król na pochyłości na pochyłości to ruch izolacyjny, który wykorzystuje stos kablowy i ławkę do celowania w górną część mięśni piersiowych.Pracowanie po klatce piersiowej po jednej stronie pozwala skupić się na równowadze między bokami klatki piersiowej i naprawdę poczuć, że mięśnie klatki piersiowej się kurczą.Jest to powszechne w treningach budowania mięśni w górnym ciele i klatce piersiowej, często w połączeniu z innymi prasami lub muchami, aby ukierunkować na klatkę pod różnymi kątami.",Strength Training,Shoulders,Barbell,Intermediate,,
2481,Barbell bear complex,"Kompleks Bear Bear to seria wind sztangi, które biegną razem w jednej sekwencji: moc czysta moc, przednie przysiad, pchanie, przysiad z tyłu i kolejna prasa zza szyi.Trenuje całe ciało zarówno w celu budowania siły, jak i poprawy kondycji.Często występuje w rundach, albo z odpoczynkiem między rundami lub bez.",Strength Training,Shoulders,Barbell,Intermediate,,
2482,30 Shoulders Barbell Shrug,,Strength Training,Shoulders,Barbell,Intermediate,,
2483,30 Shoulders Incline Face-Up Straight-Bar Front Raise,,Strength Training,Shoulders,Barbell,Intermediate,,
2484,30 Shoulders Seated Dumbbell Shoulder Press,,Strength Training,Shoulders,Barbell,Intermediate,,
2485,30 Shoulders Standing Behind-The-Head Shoulder Press,,Strength Training,Shoulders,Barbell,Intermediate,,
2486,30 Shoulders Standing Barbell Press,,Strength Training,Shoulders,Barbell,Intermediate,,
2487,FYR2 Wide Overhead Press,,Strength Training,Shoulders,Barbell,Intermediate,,
2488,Single-arm kettlebell push-press,"Push-push-push-push push-push to popularny ruch kettlebell, który obejmuje wykonanie prasy z pomocą mięśni dolnej części ciała.Poprzedza go czyszczenie na początku każdego zestawu i opcjonalnie możesz wykonać czystość między każdym powtórzeniem.Można go trenować w zakresie tradycyjnych zakresów powtórzeń siły lub budowy mięśni, w treningu obwodu lub tłuszczu lub w ramach większej kombinacji kettlebell lub złożonej.",Strength Training,Shoulders,Kettlebells,Intermediate,9.3,Average
2489,Two-Arm Kettlebell Military Press,,Strength Training,Shoulders,Kettlebells,Beginner,8.7,Average
2490,Alternating Kettlebell Press,,Strength Training,Shoulders,Kettlebells,Beginner,8.6,Average
2491,Single-arm kettlebell snatch,"Jednokazałowy kettlebell Snatch to ćwiczenie kettlebell, które obejmuje podnoszenie górnego kettlebell w jednym ruchu.Jest popularny jako ruch siły i kondycjonowania całego ciała, ale rywalizował również o przedstawicieli w stylu rosyjskim.„Test chwytania” maksymalnych powtórzeń w 5 lub 10 minut jest również powszechnym pomiarem kondycjonowania w treningu kettlebell.Można go wykonać z ziemi lub z huśtawką",Strength Training,Shoulders,Kettlebells,Intermediate,8.6,Average
2492,Single-arm kettlebell clean and jerk,"Kettlebell z jednorębiennym czysty i palant to popularny ruch kettlebell, który jest wykonywany zarówno w ćwiczeniach, jak i konkurencyjnie w ramach girevoy Sport w stylu rosyjskim.Różni się od czystej i pchania, ponieważ podnośnik „zanurza się” pod ciężarem, a nie po prostu używa nóg, aby zwiększyć ciężar.Każdy przedstawiciel czystości i palantów jest poprzedzony czystym na początku każdego zestawu.Można go trenować w zakresie tradycyjnych zakresów powtórzeń siły lub budowy mięśni, w treningu obwodu lub tłuszczu lub w ramach większej kombinacji kettlebell lub złożonej.",Strength Training,Shoulders,Kettlebells,Intermediate,8.4,Average
2493,Kettlebell pirate ship,"Statek piracki Kettlebell to ramię i rdzeniowy ruch kettlebell.Wymaga podnośnika podniesienia kettlebell na bok w obu kierunkach, podkreślając siłę rdzenia w jointowej brzuchu, a zwłaszcza skośnie.Najlepiej się go uczyć z lekką wagą, przy użyciu kontrolowanych ruchów w obu kierunkach.",Strength Training,Shoulders,Kettlebells,Intermediate,7.8,Average
2494,Two-Arm Kettlebell Clean,,Strength Training,Shoulders,Kettlebells,Beginner,7.5,Average
2495,Double Kettlebell Push Press,"Puska do podwójnego kettlebell to popularny ruch kettlebell, który obejmuje wykonanie prasy z pomocą mięśni dolnej części ciała.Poprzedza go podwójne czyszczenie na początku każdego zestawu i opcjonalnie możesz wykonać czystość między każdym przedstawicielem.Można go trenować w zakresie tradycyjnych zakresów powtórzeń siły lub budowy mięśni, w treningu obwodu lub tłuszczu lub w ramach większej kombinacji kettlebell lub złożonej.",Strength Training,Shoulders,Kettlebells,Intermediate,7.5,Average
2496,Kettlebell Seated Press,,Strength Training,Shoulders,Kettlebells,Beginner,7.0,Average
2497,Double Kettlebell Jerk,,Strength Training,Shoulders,Kettlebells,Beginner,7.0,Average
2498,Kettlebell Arnold Press,,Strength Training,Shoulders,Kettlebells,Beginner,6.8,Average
2499,Double-kettlebell windmill,"Windmill do podwójnego kettlebell jest zaawansowanym ćwiczeniem kettlebell podkreślającym siłę rdzenia oraz mobilność i stabilność bioder.Ponieważ wymaga trzymania jednego ciężaru nad głową, trzymając drugie pod tułów, buduje siłę na rdzeniu i stabilność w ramionach.Nie działa dobrze w środowisku MetCon lub kondycji i nie powinien być wykonywany pod intensywnym zmęczeniem.",Strength Training,Shoulders,Kettlebells,Intermediate,3.0,Average
2500,One-Arm Kettlebell Split Snatch,,Strength Training,Shoulders,Kettlebells,Beginner,0.0,
2501,One-Arm Kettlebell Para Press,,Strength Training,Shoulders,Kettlebells,Beginner,0.0,
2502,One-Arm Kettlebell Split Jerk,,Strength Training,Shoulders,Kettlebells,Beginner,0.0,
2503,One-Arm Kettlebell Military Press To The Side,,Strength Training,Shoulders,Kettlebells,Beginner,0.0,
2504,One-Arm Kettlebell Jerk,,Strength Training,Shoulders,Kettlebells,Beginner,0.0,
2505,Double Kettlebell Snatch,,Strength Training,Shoulders,Kettlebells,Beginner,0.0,
2506,Two-Arm Kettlebell Jerk,,Strength Training,Shoulders,Kettlebells,Beginner,0.0,
2507,FYR Kettlebell Power Clean,"Kettlebell Power Clean to wybuchowe ćwiczenie kettlebell, w którym podnośnik przyciąga ciężar do poziomu ramion z lekkim huśtawką między nogami.Jest często stosowany jako wiertło do nauczania techniki czystej kettlebell, ale jest również cennym ćwiczeniem mocy w sobie.Można go wykonywać w niskich zakresach powtórzeń w celu uzyskania siły lub wyższych zakresów REP w zakresie praktyki techniki lub wzrostu mięśni.",Strength Training,Shoulders,Kettlebells,Intermediate,,
2508,Kettlebell upright row,"Kettlebell pionowy rząd jest ćwiczeniem ukierunkowanym na mięśnie pułapek (trapezu), a także tylne mięśnie ramion lub mięśni naramiennych.Jest to powszechne jako lekki lub umiarkowany ruch akcesoriów w szkoleniu górnym lub naramiennym, zwykle w zakresie powtórzeń 8-12 lub więcej.Dla niektórych osób może to nie być odpowiednie, w zależności od zdrowia barku.",Strength Training,Shoulders,Kettlebells,Intermediate,,
2509,Kettlebell upright row and press,"Kettlebell pionowy rząd i prasa to połączenie dwóch popularnych ruchów kettlebell w jednej sekwencji.Ta kombinacja może być wykonywana przez czas lub dla powtórzeń, często jako trening w stylu obwodowym w celu kondycjonowania lub utraty tłuszczu lub w kompleksie kettlebell lub przepływu.",Strength Training,Shoulders,Kettlebells,Intermediate,,
2510,Single-arm kettlebell thruster,"Storeczkowy pędnik kettlebell to popularny ruch kettlebell, który łączy przedni przysiad z kettlebell z prasą Kettlebell.Poprzedza go czyszczenie na początku każdego zestawu i możesz wykonać czystość między każdym przedstawicielem, jeśli chcesz.Można go szkolić w tradycyjnych zakresach wytrzymałości lub budowy mięśni, w treningu obwodowym lub tłuszczu lub w ramach kombinacji kettlebell lub złożonej.",Strength Training,Shoulders,Kettlebells,Intermediate,,
2511,Double-kettlebell shoulder press,"Prasa na ramię podwójnego kettlebell jest popularnym ruchem w zakresie siły i treningów kettlebell skoncentrowanych na mięśniach.Każdy zestaw rozpoczyna się od czyszczenia ciężarów do pozycji stojaka.Wagi można opcjonalnie ponownie wyczyścić między każdym przedstawicielem, znanym jako czysty i naciśnięcie.Podwójna prasa może być szkolona w zakresie tradycyjnych zakresów powtórzeń siły lub wzrostu mięśni (np. 5x5 lub 8-12 powtórzeń na zestaw) lub w treningu tłuszczu tłuszczu lub kompleksach kettlebell w stylu obwodowym.",Strength Training,Shoulders,Kettlebells,Intermediate,,
2512,Double-kettlebell push-press,"Puska do podwójnego kettlebell to popularny ruch kettlebell, który obejmuje wykonanie prasy z pomocą mięśni dolnej części ciała.Poprzedza go podwójne czyszczenie na początku każdego zestawu i opcjonalnie możesz wykonać czystość między każdym przedstawicielem.Można go trenować w zakresie tradycyjnych zakresów powtórzeń siły lub budowy mięśni, w treningu obwodu lub tłuszczu lub w ramach większej kombinacji kettlebell lub złożonej.",Strength Training,Shoulders,Kettlebells,Intermediate,,
2513,HM Kettlebell Windmill,,Strength Training,Shoulders,Kettlebells,Intermediate,,
2514,HM Kettlebell Z-Press,,Strength Training,Shoulders,Kettlebells,Intermediate,,
2515,Taylor Half-Kneeling Kettlebell Halo,,Strength Training,Shoulders,Kettlebells,Intermediate,,
2516,Taylor Towel Kettlebell Farmer's Walk,,Strength Training,Shoulders,Kettlebells,Intermediate,,
2517,FYR2 Double-Kettlebell Alternating Press,,Strength Training,Shoulders,Kettlebells,Intermediate,,
2518,FYR2 Double-Kettlebell Thruster,,Strength Training,Shoulders,Kettlebells,Intermediate,,
2519,FYR2 Half-Kneeling Kettlebell Clean,,Strength Training,Shoulders,Kettlebells,Intermediate,,
2520,FYR2 Kettlebell Clean and Press,,Strength Training,Shoulders,Kettlebells,Intermediate,,
2521,FYR2 Kettlebell High Pull to Overhead Press,,Strength Training,Shoulders,Kettlebells,Intermediate,,
2522,FYR2 Kettlebell Swing Clean and Press,,Strength Training,Shoulders,Kettlebells,Intermediate,,
2523,FYR2 Single-Arm Kettlebell Press,,Strength Training,Shoulders,Kettlebells,Intermediate,,
2524,FYR2 Ascending-Rep High-Pull-Press Complex,,Strength Training,Shoulders,Kettlebells,Intermediate,,
2525,Dumbbell front raise to lateral raise,"Podwyższenie hantli do podwyżki bocznej jest kompleksem hantli, który łączy dwa ćwiczenia, które budują i wzmacniają środkowe naramienniki i przednie naramienniki ramion.Zazwyczaj wykonuje się to jeden powtórzenie każdego ruchu na raz, chociaż można wykonać więcej powtórzeń każdego z nich lub zwiększyć powtórzenia w kolejnych rundach (np. 1 powtórzenie w rundzie 1, 2 powtórzeń w rundzie 2 itd.).Bez względu na to, jak go wykonujesz, jest skierowany zarówno do przednich, jak i przyśrodkowych, co czyni go świetnym czasowo wypaleniem ramion lub ruchu akcesoriów w dniu górnego ciała.",Strength Training,Shoulders,Dumbbell,Intermediate,9.5,Average
2526,Single-arm palm-in dumbbell shoulder press,"Prasa ramion z pojedynczą ramą dłoni w ramach buduje mięśnie barkowe, ale z dwoma głównymi różnicami od standardowej prasy ramion hantli.Zrobiło to jedno ramię na raz, a nadgarstek pozostaje neutralny podczas ruchu.Można go wykonywać stojące lub siedzące.Pojedynczą prasę hantli można realizować jako cel siłowy lub trenować w tradycyjnych zakresach powtórzeń budowania mięśni, takich jak 8-15 powtórzeń na zestaw lub więcej.",Strength Training,Shoulders,Dumbbell,Intermediate,9.4,Average
2527,Standing palms-in shoulder press,"Stojąca dłoni w ramię jest ćwiczeniem hantli skierowanym do ramion.Można go wykonywać w zakresie powtórzeń skoncentrowanych na sile, takich jak 5-8 powtórzeń na zestaw, lub dla wyższych powtórzeń do budowy mięśni lub do kondycjonowania.",Strength Training,Shoulders,Dumbbell,Intermediate,9.3,Average
2528,Seated Dumbbell Press,"Siedzący ramię w ramionach jest ćwiczeniem do budowania mięśni i wzmacniania ramion, szczególnie, ale nie wyłącznie przednich głów.Triceps również pomagają.Niektórzy podnośniki uważają, że używanie hantli w porównaniu z sztangimi zmniejszało ryzyko obrażeń.",Strength Training,Shoulders,Dumbbell,Intermediate,9.1,Average
2529,Standing dumbbell shoulder press,"Stojąca prasa do ramion hantli jest klasycznym ćwiczeniem budującym deltoid, które jest powszechne na siłowni na całym świecie.Wykonanie ruchu stojącego w przeciwieństwie do siedzenia pozwala na użycie większej wagi, a opodatkowanie rdzenia więcej niż prasy siedzące.Stojąca prasa jest godna bycia głównym ruchem w treningu barku budującym mięśnie, ale jest także doskonałym ruchem siłowym i akcesorium dla prasy ławowej.",Strength Training,Shoulders,Dumbbell,Intermediate,9.1,Average
2530,Single-arm lateral raise,"Podniesienie z pojedynczą ramą boczną jest ćwiczenie ramion, które są ukierunkowane na przyśrodkową lub środkową głowę mięśnia naramiennego.Jest to podstawowy ruch wytrzymałości i jest świetną opcją do pracy akcesorialnej w dni treningu górnego ciała.Trzymaj postu na rzecz równowagi lub zrób to swobodnie, aby zakwestionować siłę rdzenia i stabilność.Zazwyczaj wykonuje się to dla umiarkowanych do wysokich powtórzeń, co najmniej 8-12 powtórzeń na stronie, w ramach części treningu skoncentrowanego na górnym ciele lub ramion.",Strength Training,Shoulders,Dumbbell,Intermediate,9.1,Average
2531,Power Partials,,Strength Training,Shoulders,Dumbbell,Beginner,9.1,Average
2532,Incline dumbbell reverse fly,"Odwrotna mucha hantli nachylenia to ćwiczenie górnego ciała skierowane do tylnych lub tylnych naramienników, a także mięśnie posturalne górnego tyłu.Ponieważ celuje w tak małe mięśnie, ćwiczenie to jest zwykle wykonywane z lekką wagą dla wysokich powtórzeń, takich jak 10-15 powtórzeń na zestaw lub więcej.",Strength Training,Shoulders,Dumbbell,Intermediate,9.1,Average
2533,Overhead dumbbell front raise,"Podwyżkę hantli górnej posuwa się front hantle podnosi o krok dalej, rozszerzając ruch aż nad głową.Oprócz ramion aktywuje i wzmacnia mięśnie pułapek i górnej części pleców.Zwykle wykonuje się to dla umiarkowanych do wysokich powtórzeń, takich jak 8-15 powtórzeń lub więcej.Może być częścią dynamicznego rozgrzewki górnej części ciała, wykonywanego jako ruch górnego ciała lub ruch wypalenia w dniu barku.",Strength Training,Shoulders,Dumbbell,Intermediate,9.1,Average
2534,Seated dumbbell shoulder press,"Siedzona prasa ramion hantli jest popularnym ćwiczeniem do budowania mięśni i siły w ramionach.Triceps również ciężko pracują w tym windzie.Wielu podnośników uważa, że ​​używa się hantli, aby były bardziej wygodne i przyjazne dla ramion dla tej odmiany prasowej niż sztangę.Może to być główny ruch prasowy w dniu górnego ciała lub barku lub skuteczny ruch akcesoriów później podczas treningu.",Strength Training,Shoulders,Dumbbell,Intermediate,9.0,Average
2535,Alternating standing shoulder press,"Natębia stała prasa na ramię jest popularnym ćwiczeniem hantli skierowanym do ramion.Można go wykonywać w zakresie powtórzeń skoncentrowanych na sile, takich jak 5-8 powtórzeń na zestaw, lub dla wyższych powtórzeń do budowy mięśni lub do kondycjonowania.",Strength Training,Shoulders,Dumbbell,Intermediate,9.0,Average
2536,Single-arm incline rear delt raise,"Podniesienie tylnej deltu na pochyłości to ćwiczenie górnego ciała skierowane do tylnych naramienników lub mięśni barkowych, a także mięśnie posturalne górnego pleców.Szkolenie po każdej stronie niezależnie może pomóc w skorygowaniu nierównowagi pod względem wielkości, siły i stabilności barku.Ponieważ celuje w tak małe mięśnie, ćwiczenie to jest zwykle wykonywane z lekką wagą dla wysokich powtórzeń, takich jak 10-15 powtórzeń na zestaw lub więcej.",Strength Training,Shoulders,Dumbbell,Intermediate,9.0,Average
2537,Alternating dumbbell front raise,"Wprzetało naprzemienne podwyższenie hantli to jedno-punktowe ćwiczenie ukierunkowane na mięśnie barkowe, zwłaszcza przednie lub przednie narażenie.Wykonanie ruchu jednego ramienia na raz daje chwilowy odpoczynek z każdej strony, gdy druga działa, potencjalnie pozwalając na zrobienie większej liczby powtórzeń podczas każdego zestawu.Zazwyczaj wykonuje się to dla umiarkowanych do wysokich powtórzeń, co najmniej 8-12 powtórzeń na zestaw, w ramach treningu skoncentrowanego na górnym ciele lub ramion.",Strength Training,Shoulders,Dumbbell,Intermediate,9.0,Average
2538,Alternating Deltoid Raise,"Podwyższenie hantli do podwyżki bocznej łączy dwa ćwiczenia, które budują i wzmacniają środkowe naramienniki oraz przednie naramienniki ramion.",Strength Training,Shoulders,Dumbbell,Intermediate,9.0,Average
2539,Single-dumbbell front raise,"Podwyżka z pojedynczym golfem to ruch izolacyjny, który jest ukierunkowany na ramiona.W szczególności koncentruje się na przedniej lub przedniej głowie mięśni naramiennych.Wykonując go z jednym hantle na raz, możesz skupić się na każdym mięśniu barku niezależnie i spróbować rozwiązać brak równowagi mięśniowej między ramionami.Ruch ten jest zwykle wykonywany dla umiarkowanych do wysokich powtórzeń, co najmniej 8-12 powtórzeń na zestaw, w ramach treningu skoncentrowanego na górnym ciele lub ramion.",Strength Training,Shoulders,Dumbbell,Intermediate,9.0,Average
2540,Arnold press,"Nazwany na cześć kultowego kulturysty i gwiazdy filmowej, Arnold Press dodaje rotacji klasycznej prasy ramion.Pozwala na naturalne obracanie się rąk, jednocześnie uderzając we wszystkie trzy głowy naramienników jednym ruchem.Zazwyczaj wykonuje się to dla umiarkowanych do wysokich powtórzeń, takich jak 8-12 powtórzeń lub więcej, w ramach części treningu ukierunkowanego na górną lub ramion.",Strength Training,Shoulders,Dumbbell,Intermediate,8.9,Average
2541,Single-arm standing shoulder press,"Stojąca prasa na ramię jednoramienną jest popularnym ćwiczeniem do budowania wielkości i siły ramion i tricepsów.Większość podnośników uważa, że ​​mogą stać się cięższe (na ramię) na tym ruchu, niż jeśli jednocześnie naciskają dwa hantle, co czyni go skutecznym ruchem siłowym, a także ruchu mięśni w wyższych powtórzeniach.",Strength Training,Shoulders,Dumbbell,Intermediate,8.8,Average
2542,Dumbbell front raise,"Podwyższenie hantli to ćwiczenie jednopunktowe ukierunkowane na mięśnie barkowe, zwłaszcza przednie lub przednie naruszenia.Zazwyczaj wykonuje się to dla umiarkowanych do wysokich powtórzeń, co najmniej 8-12 powtórzeń na zestaw, w ramach treningu skoncentrowanego na górnym ciele lub ramion.",Strength Training,Shoulders,Dumbbell,Intermediate,8.8,Average
2543,Bent-over dumbbell rear delt row,"Tylna delt Delt wygiętej jest popularnym ćwiczeniem górnego ciała, które atakuje mięśnie na tylnej części stawu barkowego, w szczególności przyśrodkowe i tylne głowy naramiennika.Ponieważ ruchy prasowe budują przód i (w mniejszym stopniu) boczne główki naramienne, ten ruch jest często wykonywany w celu promowania zrównoważonego rozwoju barku.Zazwyczaj wykonuje się to dla wysokich powtórzeń, takich jak 10-15 powtórzeń na zestaw lub więcej, w ramach treningu barku lub górnego ciała.",Strength Training,Shoulders,Dumbbell,Intermediate,8.7,Average
2544,Incline dumbbell front raise,"Podwyższenie hantli nachylenia jest ćwiczeniem górnego ciała atakującego ramiona.Ponieważ jest wykonywany twarzą w dół na kątowej ławce, ma większy zakres ruchu niż podwyżki stojące lub wyprostowane i uderza w ramiona pod innym kątem.Wariacji podnoszenia są zwykle wykonywane dla umiarkowanych do wysokich powtórzeń, takich jak 8-12 powtórzeń na zestaw lub więcej, w ramach treningu skoncentrowanego na górnym ciele lub ramion.",Strength Training,Shoulders,Dumbbell,Intermediate,8.7,Average
2545,Side Lateral Raise,"Podniesienie boczne hantli to ćwiczenie izolacji górnej części ciała do budowania siły barku i mięśni.Jest to podstawowy ruch treningowy i jest doskonałą opcją do pracy akcesorialnej w dniach treningu górnego ciała.Ćwiczenie to szczególnie koncentruje się na bocznej lub przyśrodkowej głowie naramiennej, dzięki czemu wydają się szersze i bardziej rozwinięte.",Strength Training,Shoulders,Dumbbell,Intermediate,8.6,Average
2546,Dumbbell external shoulder rotation,"Zewnętrzna rama ramion hantli jest lekkim ćwiczeniem hantli, które mają na celu utrzymanie zdrowia stawów barkowych, w tym mankietów rotatorowych.Jest często używany jako rozgrzewki lub prehab do treningu skoncentrowanego na ramieniu lub klatce piersiowej z dużą ilością prasowania.",Strength Training,Shoulders,Dumbbell,Intermediate,8.5,Average
2547,Single-arm incline lateral raise,"Podniesienie boczne z pochyłościami jednoramiennymi jest ćwiczeniem ukierunkowanym na boczną lub przyśrodkową głowę mięśni barkowych.Wykonuje się go na bok na nachyleniu ustawionym na około 45 stopni, co pomaga zwiększyć zakres ruchu w podnośniku i egzekwować ścisłą formę.Ponieważ celuje w tak małe mięśnie, ćwiczenie to jest zwykle wykonywane z lekką wagą dla wysokich powtórzeń, takich jak 8-12 powtórzeń na zestaw lub więcej.",Strength Training,Shoulders,Dumbbell,Intermediate,8.5,Average
2548,Seated rear delt fly,"Siedzona tylna mucha delt to ćwiczenie górnego ciała, które są ukierunkowane na prawdziwy naramiennik ramienia.Wykonując siedzący ruch, eliminuje pęd z reszty ciała.Ruch ten jest zwykle wykonywany dla umiarkowanych do wysokich powtórzeń, takich jak 8-12 powtórzeń na zestaw lub więcej, w ramach części treningu skoncentrowanego na górnej lub ramion.",Strength Training,Shoulders,Dumbbell,Intermediate,8.4,Average
2549,Dumbbell Raise,,Strength Training,Shoulders,Dumbbell,Beginner,8.4,Average
2550,Seated Side Lateral Raise,"Siedzący hantle boczny podnosi kultowe ćwiczenie do rozwijania ramion.Jeśli kiedykolwiek pracowałeś z ciężarami, są szanse, że w pewnym momencie wykonałeś ten ruch.Właściwe wykonanie jest najważniejsze, aby uniknąć obrażeń.",Strength Training,Shoulders,Dumbbell,Intermediate,8.3,Average
2551,Dumbbell Lying Rear Lateral Raise,"Odwrotna mucha hantli nachylenia to ćwiczenie górnego ciała skierowane do tylnych lub tylnych naramienników, a także mięśnie posturalne górnego tyłu.Ponieważ celuje w tak małe mięśnie, ćwiczenie to jest zwykle wykonywane z lekką wagą dla wysokich powtórzeń, takich jak 10-15 powtórzeń na zestaw lub więcej.",Strength Training,Shoulders,Dumbbell,Intermediate,8.3,Average
2552,Head-on-bench dumbbell rear delt raise,"Tylna delt hantlowy podwyższenie hantli to ćwiczenie skierowane do tylnych mięśni barkowych lub tylnych naramienników.Ta odmiana wygiętej tylnej deltu często pomaga lepiej izolować ten obszar barku.Ponieważ celuje w tak małe mięśnie, ćwiczenie to jest zwykle wykonywane z lekką wagą dla wysokich powtórzeń, takich jak 10-15 powtórzeń na zestaw lub więcej.",Strength Training,Shoulders,Dumbbell,Intermediate,8.2,Average
2553,Cuban press,"Prasa kubańska jest ćwiczeniem, które atakuje mięśnie ramion, mankietu rotatora i górnej części pleców.Łączy zewnętrzną obrót barku z prasą hantli, trenując wiele mięśni i ruchów w jednej sekwencji.Można go wykonywać, lub jako trudniejsza odmiana w dół na ławce nachyleniu.Zazwyczaj wykonuje się to ze stosunkowo lekką wagą w ramach dynamicznego rozgrzewki do podnoszenia górnego ciała.",Strength Training,Shoulders,Dumbbell,Intermediate,8.0,Average
2554,Reverse Flyes With External Rotation,,Strength Training,Shoulders,Dumbbell,Beginner,8.0,Average
2555,Single-arm side lying rear fly,"Po leżącej tylnej muchie z pojedynczych ramion jest ćwiczeniem górnego ciała, które są ukierunkowane na tylny naramiennik ramienia.Wykonując ruch leżący na ławce, eliminuje pęd z reszty ciała.Ruch ten jest zwykle wykonywany dla umiarkowanych do wysokich powtórzeń, takich jak 8-12 powtórzeń na zestaw lub więcej, w ramach części treningu skoncentrowanego na górnej lub ramion.",Strength Training,Shoulders,Dumbbell,Intermediate,7.9,Average
2556,Single-arm dumbbell upright row,"Rządowy rzędu hantli jednoramiennej jest popularnym ruchem budowania silniejszych i większych pułapek i ramion.Wielu podnośników łączy ten ruch z treningiem pleców lub ramion, ponieważ obejmuje oba części ciała.Jest to ogólnie wykonywane dla umiarkowanych do wysokich powtórzeń, takich jak 8-12 powtórzeń na zestaw lub więcej.",Strength Training,Shoulders,Dumbbell,Intermediate,7.8,Average
2557,Dumbbell Scaption,,Strength Training,Shoulders,Dumbbell,Beginner,7.8,Average
2558,See-Saw Press (Alternating Side Press),,Strength Training,Shoulders,Dumbbell,Beginner,7.8,Average
2559,Dumbbell Incline Shoulder Raise,,Strength Training,Shoulders,Dumbbell,Beginner,7.4,Average
2560,Single-arm half-kneeling shoulder press,"Półprzewodnikowa prasa na półprzewodnikowa ramię jest popularnym ćwiczeniem do atakowania mięśni naramiennych, jednocześnie rozwijając siłę i stabilność w rdzeniu i biodrach.Równowaga może być wyzwaniem, co jest jednym z powodów, dla których ten ruch jest ogólnie wyszkolony lżejszy niż stojące na prasie ramion jednoramiennej.Prasa półprzewodowa może być używana jako podnośnik akcesoriów do prasy ramion lub naczynia ławki lub po prostu jako technikę, aby prasa ramion była bardziej surowa i bardziej wysportowana.",Strength Training,Shoulders,Dumbbell,Intermediate,0.0,Average
2561,Dumbbell Clean And Jerk,,Strength Training,Shoulders,Dumbbell,Beginner,0.0,
2562,Dumbbell shoulder press with body rotation,"Presja ramion hantli z obrotem ciała to zwrot tradycyjnej prasy ramion hantli.Zamiast naciskać prosto nad głową, przekręcasz tułów i biodra na bok podczas każdego przedstawiciela.Uderza w mięśnie naramienne jak prasa na ramię, ale dodaje wyzwanie do rdzenia, bioder i mięśni pleców.Ze względu na potencjalną równowagę związaną z skręcaniem i naciskiem jednocześnie jest to powszechnie wykonywane z lekkim do umiarkowanych wag.",Strength Training,Shoulders,Dumbbell,Intermediate,,
2563,Dumbbell Fix Dumbbell Military Press,,Strength Training,Shoulders,Dumbbell,Intermediate,,
2564,Dumbbell Fix Standing Dumbbell Arnold Press,,Strength Training,Shoulders,Dumbbell,Intermediate,,
2565,Dumbbell Fix Dumbbell Single-Arm Snatch,,Strength Training,Shoulders,Dumbbell,Intermediate,,
2566,Paul Carter Rear-Delt Fly,"Siedzona tylna mucha delt to ćwiczenie górnego ciała, które są ukierunkowane na prawdziwy naramiennik ramienia.Wykonując siedzący ruch, eliminuje pęd z reszty ciała.Ruch ten jest zwykle wykonywany dla umiarkowanych do wysokich powtórzeń, takich jak 8-12 powtórzeń na zestaw lub więcej, w ramach części treningu skoncentrowanego na górnej lub ramion.",Strength Training,Shoulders,Dumbbell,Intermediate,,
2567,FYR Dumbbell Shoulder Press,"Stojąca prasa do ramion hantli to klasyczny budowniczy naramiennika (zwłaszcza przednie narażenie), która jest wszechobecna na siłowni na całym świecie.Wykonanie ruchu stojącego w przeciwieństwie do siedzenia pozwala na większą wagę.",Strength Training,Shoulders,Dumbbell,Intermediate,,
2568,FYR Single-Arm Dumbbell Press,"Stojąca prasa na ramię jednoramienną buduje mięsień barkowy, ale z dwiema głównymi różnicami w stosunku do standardowej prasy ramion hantli.Wykonano to jedno ramię na raz, a także stojące, co może pozwolić na większą wagę.",Strength Training,Shoulders,Dumbbell,Intermediate,,
2569,FYR Dumbbell Tempo L-Raise,"Podniesienie boczne hantli to ćwiczenie izolacji górnej części ciała do budowania siły barku i mięśni.Jest to podstawowy ruch treningowy i jest doskonałą opcją do pracy akcesorialnej w dniach treningu górnego ciała.Ćwiczenie to szczególnie koncentruje się na bocznej lub przyśrodkowej głowie naramiennej, dzięki czemu wydają się szersze i bardziej rozwinięte.",Strength Training,Shoulders,Dumbbell,Intermediate,,
2570,Dumbbell seesaw shoulder press,"Hantle ramionowe hantle jest ćwiczeniem skierowanym do naramienników i triceps.Różnica między tym ruchem a naprzemienną prasą ramion polega na tym, że obie hantle poruszają się w każdym powtórzeniu, zamiast mieć jedną wagę, podczas gdy drugi się porusza.To naciśnięcie w stylu tłoka zwiększa czas na napięcie i może pozwolić na wypełnienie większej liczby powtórzeń niż z naprzemiennymi powtórzeniami.",Strength Training,Shoulders,Dumbbell,Intermediate,,
2571,FYR Dumbbell front raise to lateral raise,"Podwyższenie hantli do podwyżki bocznej łączy dwa ćwiczenia, które budują i wzmacniają środkowe naramienniki oraz przednie naramienniki ramion.",Strength Training,Shoulders,Dumbbell,Intermediate,,
2572,FYR Dumbbell Arnold Press,"Nazwany na cześć kultowej gwiazdy kulturysty/filmu, Arnold Press dodaje rotację do klasycznej prasy na ramię, uderzając we wszystkie trzy główki naramienników jednym ruchem.",Strength Training,Shoulders,Dumbbell,Intermediate,,
2573,FYR Dumbbell Military Press to Dumbbell High Pull to V-up,,Strength Training,Shoulders,Dumbbell,Intermediate,,
2574,FYR Dumbbell Thruster,"Drust hantliczny, który zaczyna się od przysiadu i kończy się na prasie napowietrznej, działa jednocześnie całe ciało w jednym ruchu płynu.To ćwiczenie jest często wykonywane z kettlebellami, ale hantle również działają.",Strength Training,Shoulders,Dumbbell,Intermediate,,
2575,Dumbbell hang snatch,"Hang Hang Snatch to wybuchowe ćwiczenie, które buduje moc całego ciała i atakuje mięśnie bioder, pleców i ramion.Wykonanie ruchu z pozycji zawieszenia, a nie z ziemi, podkreśla wybuchową moc biodra i górnego ciała.Można go wykonywać dla niskich powtórzeń z naciskiem na moc i prędkość lub dla wyższych powtórzeń do budowy mięśni lub jako części metabolicznego obwodu kondycjonowania.",Strength Training,Shoulders,Dumbbell,Intermediate,,
2576,Surfer sprawl,"Rozciąganie surferów jest wybuchowym ćwiczeniem masy ciała, które są ukierunkowane na wiele grup mięśni w górnej i dolnej części ciała.Jest podobny do burpee, ale zamiast skakać na górę, kończysz w „pozycji surferów”, naprzemiennie z każdym przedstawicielem.Można go wykonywać dla czasu lub powtórzeń w dowolnym obwodzie lub treningu skoncentrowanym na tłuszczu lub atletyzmie.Pozycja surferów stanowi wyjątkowy sposób na wyzwanie ciała, pozostając w niskiej pozycji, a nie wstaje po desce.",Strength Training,Shoulders,Dumbbell,Intermediate,,
2577,Dumbbell clean and press,"Hantle Clean and Press to ruch całego ciała, który jest skierowany zarówno do dolnej, jak i górnej części.Czysty wykorzystuje mięśnie bioder, nóg, pośladków, pleców i bicepsów, podczas gdy prasa wykorzystuje ramiona i triceps.Można go szkolić w przypadku powtórzeń o niskiej do umiarkowanej pod kątem siły lub dla wyższych powtórzeń, takich jak 8-12 powtórzeń na zestaw lub więcej, do budowania mięśni lub kondycjonowania metabolicznego.",Strength Training,Shoulders,Dumbbell,Intermediate,,
2578,Standing One-Arm Shoulder Press - Gethin Variation,"Stojąca prasa na ramię jednoramienną buduje mięsień barkowy, ale z dwiema głównymi różnicami w stosunku do standardowej prasy ramion hantli.Wykonano to jedno ramię na raz, a także stojące, co może pozwolić na większą wagę.",Strength Training,Shoulders,Dumbbell,Intermediate,,
2579,Incline Front Dumbbell Raise - Gethin Variation,Podwyżka hantli na pochyłości jest ćwiczeniem izolacyjnym ukierunkowanym na ramiona,Strength Training,Shoulders,Dumbbell,Intermediate,,
2580,Dumbbell lateral raise,"Podniesienie boczne hantli to ćwiczenie barkowe, które są ukierunkowane na przyśrodkową lub środkową głowę mięśnia naramiennego.Jest to podstawowy ruch wytrzymałości i jest świetną opcją do pracy akcesorialnej w dni treningu górnego ciała.Zazwyczaj wykonuje się to dla umiarkowanych do wysokich powtórzeń, co najmniej 8-12 powtórzeń, w ramach części treningu skoncentrowanego na górnej lub ramion.",Strength Training,Shoulders,Dumbbell,Intermediate,,
2581,Incline Rear-Delt Fly - Gethin Variation,"Odwrotna mucha hantli nachylenia to ćwiczenie górnego ciała skierowane do tylnych lub tylnych naramienników, a także mięśnie posturalne górnego tyłu.Ponieważ celuje w tak małe mięśnie, ćwiczenie to jest zwykle wykonywane z lekką wagą dla wysokich powtórzeń, takich jak 10-15 powtórzeń na zestaw lub więcej.",Strength Training,Shoulders,Dumbbell,Intermediate,,
2582,Incline Bench Rear Dumbbell Fly - Gethin Variation,"Odwrotna mucha hantli nachylenia to ćwiczenie górnego ciała skierowane do tylnych lub tylnych naramienników, a także mięśnie posturalne górnego tyłu.Ponieważ celuje w tak małe mięśnie, ćwiczenie to jest zwykle wykonywane z lekką wagą dla wysokich powtórzeń, takich jak 10-15 powtórzeń na zestaw lub więcej.",Strength Training,Shoulders,Dumbbell,Intermediate,,
2583,Dumbbell front raise and press,Hanting Front Raise and Press łączy dwa porusza się w jednej trudnej sekwencji ukierunkowanej na mięśnie naramienne.Jest to prosty sposób na zwiększenie tętna przy jednoczesnym uzyskaniu dobrej pompy na górnym ciele i jest naturalnym dopasowaniem w zakresie treningu górnego ciała lub obwodu.,Strength Training,Shoulders,Dumbbell,Intermediate,,
2584,Rotator cuff warm-up,"Rozgrzanie mankietu rotatora jest prostym ćwiczeniem ukierunkowanym na mankiety rotatora poprzez obrót zewnętrzny ważony ramię.To klasyczny sposób na rozgrzanie ramię przed sportem lub treningiem, a także wspólny ruch rehabilitacyjny.Mankiety rotatora są znaną strukturą podatną na kontuzje w ramionach głównych miotaczy ligowych i innych sportowców.Jest to ruch najczęściej wykonywany dla umiarkowanych do wysokich powtórzeń, takich jak 8-12 powtórzeń lub więcej na zestaw.",Strength Training,Shoulders,Dumbbell,Intermediate,,
2585,Seated Lateral Raise - Gethin Variation,"Siedzący hantle boczny podnosi kultowe ćwiczenie do rozwijania ramion.Jeśli kiedykolwiek pracowałeś z ciężarami, są szanse, że w pewnym momencie wykonałeś ten ruch.Właściwe wykonanie jest najważniejsze, aby uniknąć obrażeń.",Strength Training,Shoulders,Dumbbell,Intermediate,,
2586,Single-arm dumbbell arc row,"Rząd hantli jednoramiennej jest ćwiczeniem do budowy latissimus gorsi lub lat, mięśni pleców.Ta zmiana ma większy kształt łuku niż tradycyjny rzędu hantli jednoramiennej, który może zwiększyć połączenie mięśni i uderzyć w tył z innego punktu widzenia.Prawdopodobnie nie będziesz w stanie tego ciężko nad tym stać, jak w tradycyjnym rzędzie.",Strength Training,Shoulders,Dumbbell,Intermediate,,
2587,Incline Rear Delt Raises - Gethin Variation,"Odwrotna mucha hantli nachylenia to ćwiczenie górnego ciała skierowane do tylnych lub tylnych naramienników, a także mięśnie posturalne górnego tyłu.Ponieważ celuje w tak małe mięśnie, ćwiczenie to jest zwykle wykonywane z lekką wagą dla wysokich powtórzeń, takich jak 10-15 powtórzeń na zestaw lub więcej.",Strength Training,Shoulders,Dumbbell,Intermediate,,
2588,Incline Dumbbell Y Raise,,Strength Training,Shoulders,Dumbbell,Intermediate,,
2589,HM Bent-Over Rear-Delt Fly,,Strength Training,Shoulders,Dumbbell,Intermediate,,
2590,HM Dumbbell Shoulder Press,,Strength Training,Shoulders,Dumbbell,Intermediate,,
2591,HM Single-Leg Overhead Dumbbell Press,,Strength Training,Shoulders,Dumbbell,Intermediate,,
2592,6 Way Shoulder Raise,,Strength Training,Shoulders,Dumbbell,Intermediate,,
2593,Seated dumbbell lateral raise,"Siedzące podwyższenie hantli to ćwiczenie atakujące mięśnie barkowe, szczególnie przyśrodkową lub środkową głową naramienników.Wykonanie go na ławce pomaga egzekwować ścisłą formę i wyeliminować huśtawanie się lub używanie pędu do przesuwania ciężarów.Boczne warianty podnoszenia są zwykle wykonywane dla umiarkowanych do wysokich powtórzeń, takich jak 8-12 powtórzeń na zestaw lub więcej, w ramach części treningu skoncentrowanego na górnej lub ramion.",Strength Training,Shoulders,Dumbbell,Intermediate,,
2594,AM Dumbbell Shoulder Press,"Siedzący ramię w ramionach jest ćwiczeniem do budowania mięśni i wzmacniania ramion, szczególnie, ale nie wyłącznie przednich głów.Triceps również pomagają.Niektórzy podnośniki uważają, że używanie hantli w porównaniu z sztangimi zmniejszało ryzyko obrażeń.",Strength Training,Shoulders,Dumbbell,Intermediate,,
2595,AM Dumbbell Side Raise,"Podniesienie boczne hantli to ćwiczenie izolacji górnej części ciała do budowania siły barku i mięśni.Jest to podstawowy ruch treningowy i jest doskonałą opcją do pracy akcesorialnej w dniach treningu górnego ciała.Ćwiczenie to szczególnie koncentruje się na bocznej lub przyśrodkowej głowie naramiennej, dzięki czemu wydają się szersze i bardziej rozwinięte.",Strength Training,Shoulders,Dumbbell,Intermediate,,
2596,AM Front Raise,"Wzrost alternatywnego podwyżki hantli to ruch izolacyjny, który atakuje ramiona.Używając jednego ramienia na raz, możesz użyć większej wagi niż wtedy, gdy używasz obu ramion jednocześnie.Kulturyści używają tego ćwiczenia, aby zerować na przednich ramionach, ale prosty ruch sprawia, że ​​jest świetny dla ludzi nowych w podnoszeniu ciężarów.",Strength Training,Shoulders,Dumbbell,Intermediate,,
2597,UP Dumbbell Lateral Raise,"Podniesienie boczne hantli to ćwiczenie izolacji górnej części ciała do budowania siły barku i mięśni.Jest to podstawowy ruch treningowy i jest doskonałą opcją do pracy akcesorialnej w dniach treningu górnego ciała.Ćwiczenie to szczególnie koncentruje się na bocznej lub przyśrodkowej głowie naramiennej, dzięki czemu wydają się szersze i bardziej rozwinięte.",Strength Training,Shoulders,Dumbbell,Intermediate,,
2598,UP Seated Dumbbell Overhead Press,"Siedzący ramię w ramionach jest ćwiczeniem do budowania mięśni i wzmacniania ramion, szczególnie, ale nie wyłącznie przednich głów.Triceps również pomagają.Niektórzy podnośniki uważają, że używanie hantli w porównaniu z sztangimi zmniejszało ryzyko obrażeń.",Strength Training,Shoulders,Dumbbell,Intermediate,,
2599,AA Incline Bench Dumbbell Reverse Fly,,Strength Training,Shoulders,Dumbbell,Intermediate,,
2600,CM Forward Shoulder Press,,Strength Training,Shoulders,Dumbbell,Intermediate,,
2601,Dumbbell Halo,,Strength Training,Shoulders,Dumbbell,Intermediate,,
2602,Standing Dumbbell Scap Raise,,Strength Training,Shoulders,Dumbbell,Intermediate,,
2603,Holman Overhead Press,,Strength Training,Shoulders,Dumbbell,Intermediate,,
2604,Holman Slow Weighted Half Jack to Overhead Press,,Strength Training,Shoulders,Dumbbell,Intermediate,,
2605,Holman Slow Arnold Press,,Strength Training,Shoulders,Dumbbell,Intermediate,,
2606,Holman Boat Arnold Press with Feet Push-Out,,Strength Training,Shoulders,Dumbbell,Intermediate,,
2607,Holman Dumbbell Hip Drive to Overhead Press,,Strength Training,Shoulders,Dumbbell,Intermediate,,
2608,Holman Squat Thrust to Alternating Renegade Triceps Press,,Strength Training,Shoulders,Dumbbell,Intermediate,,
2609,Holman Cheer Press,,Strength Training,Shoulders,Dumbbell,Intermediate,,
2610,Holman Left Arm Press with Right Arm Hold,,Strength Training,Shoulders,Dumbbell,Intermediate,,
2611,Holman Right Arm Press with Left Arm Hold,,Strength Training,Shoulders,Dumbbell,Intermediate,,
2612,Holman Left Front Raise with Right Hold,,Strength Training,Shoulders,Dumbbell,Intermediate,,
2613,Holman Right Front Raise with Left Hold,,Strength Training,Shoulders,Dumbbell,Intermediate,,
2614,Holman Alternating Front Raise to Side Raise,,Strength Training,Shoulders,Dumbbell,Intermediate,,
2615,Holman Heavy Right Arm Overhead Press,,Strength Training,Shoulders,Dumbbell,Intermediate,,
2616,Holman Heavy Left Arm Overhead Press,,Strength Training,Shoulders,Dumbbell,Intermediate,,
2617,Holman Right Arm Heavy Overhead Press,,Strength Training,Shoulders,Dumbbell,Intermediate,,
2618,Holman Right Diagonal Lunge to Overhead Press,,Strength Training,Shoulders,Dumbbell,Intermediate,,
2619,Holman Left Arm Heavy Overhead Press,,Strength Training,Shoulders,Dumbbell,Intermediate,,
2620,Holman Weighted Palms-In Overhead Press,,Strength Training,Shoulders,Dumbbell,Intermediate,,
2621,Dumbbell racked carry,"Noszenie z hantliami obejmuje przenoszenie hantli na czas lub odległość, jednocześnie trzymając je blisko ramion w pozycji z przodu.Podobnie jak noszenie rolnika hantli, może być trudnym finiszerem każdego treningu lub dobrze działać w treningu obwodów tłuszczu lub jako ruch akcesorialny do ciężkich wind, takich jak martwy ciąg.",Strength Training,Shoulders,Dumbbell,Intermediate,,
2622,Dumbbell clean and push-press,"Hantle Clean and Push Press to ruch całego ciała, który jest skierowany zarówno do dolnej, jak i górnej części ciała.Czyste wykorzystuje mięśnie bioder, nóg, pośladków, pleców i bicepsów, podczas gdy push press wykorzystuje ramiona i triceps.Różni się od czyszczenia i naciśnięcia, ponieważ pchanie umożliwia użycie pędu do niższego ciała do zasilania przez najtrudniejszą część prasy.Można go szkolić w przypadku powtórzeń o niskiej do umiarkowanej pod kątem siły lub dla wyższych powtórzeń, takich jak 8-12 powtórzeń na zestaw lub więcej, do budowania mięśni lub kondycjonowania metabolicznego.",Strength Training,Shoulders,Dumbbell,Intermediate,,
2623,Total Fitness Dumbbell Farmer's Carry,"Spacer lub noszenie rolnika hantli to ćwiczenie z korzeniami w konkurencyjnym treningu siłaczy, ale jest również popularne w szkoleniu CrossFit i funkcjonalnym.Może to być trudne finiszer do każdego treningu lub dobrze działać w treningu obwodowym tłuszczu lub jako ruch akcesoriów do ciężkich wind, takich jak martwy ciąg.",Strength Training,Shoulders,Dumbbell,Intermediate,,
2624,Single-arm dumbbell racked carry,"Należy hantli z pojedynczym ramię, obejmuje przenoszenie pojedynczego hantli dla czasu lub odległości, jednocześnie trzymając go blisko ramion w pozycji z przodu.Podobnie jak noszenie rolnika hantli, może być trudnym finiszerem każdego treningu lub dobrze działać w treningu obwodów tłuszczu lub jako ruch akcesorialny do ciężkich wind, takich jak martwy ciąg.",Strength Training,Shoulders,Dumbbell,Intermediate,,
2625,Jordan Shallow Dumbbell Pull-Over,,Strength Training,Shoulders,Dumbbell,Intermediate,,
2626,King Maker Dumbbell Lateral Raise,"Podniesienie boczne hantli to ćwiczenie izolacji górnej części ciała do budowania siły barku i mięśni.Jest to podstawowy ruch treningowy i jest doskonałą opcją do pracy akcesorialnej w dniach treningu górnego ciała.Ćwiczenie to szczególnie koncentruje się na bocznej lub przyśrodkowej głowie naramiennej, dzięki czemu wydają się szersze i bardziej rozwinięte.",Strength Training,Shoulders,Dumbbell,Intermediate,,
2627,Dumbbell shadow boxing,"Boks Dulant Shadow Boks to bardziej zaawansowana wersja popularnego ćwiczenia uwarunkowania.Dodając parę lekkich hantli, możesz znacznie zwiększyć wyzwanie zarówno do ramion, jak i układu sercowo -naczyniowego.",Strength Training,Shoulders,Dumbbell,Intermediate,,
2628,King Maker Dumbbell Farmer's Carry,"Spacer lub noszenie rolnika hantli to ćwiczenie z korzeniami w konkurencyjnym treningu siłaczy, ale jest również popularne w szkoleniu CrossFit i funkcjonalnym.Może to być trudne finiszer do każdego treningu lub dobrze działać w treningu obwodowym tłuszczu lub jako ruch akcesoriów do ciężkich wind, takich jak martwy ciąg.",Strength Training,Shoulders,Dumbbell,Intermediate,,
2629,King Maker Dumbbell Shrug,"Rzurzanie hantli stojące jest popularnym ruchem do budowy i wzmocnienia mięśni trapezu.Jest to często wyszkolony w dniu treningu w stylu kulturystyki lub pleców, ale może również dobrze działać podczas treningu na całe ciało lub siłę.",Strength Training,Shoulders,Dumbbell,Intermediate,,
2630,30 Shoulders Alternating Dumbbell Front Raise,,Strength Training,Shoulders,Dumbbell,Intermediate,,
2631,30 Shoulders Bent-Over Dumbbell Reverse Fly,,Strength Training,Shoulders,Dumbbell,Intermediate,,
2632,30 Shoulders Dumbbell Front Raise,,Strength Training,Shoulders,Dumbbell,Intermediate,,
2633,30 Shoulders Dumbbell Lateral Raise,,Strength Training,Shoulders,Dumbbell,Intermediate,,
2634,30 Shoulders Dumbbell Shrug,,Strength Training,Shoulders,Dumbbell,Intermediate,,
2635,30 Shoulders Incline Face-Down Dumbbell Reverse Fly,,Strength Training,Shoulders,Dumbbell,Intermediate,,
2636,30 Shoulders Seated Dumbbell Front Raise,,Strength Training,Shoulders,Dumbbell,Intermediate,,
2637,30 Shoulders Seated Dumbbell Side Raise,,Strength Training,Shoulders,Dumbbell,Intermediate,,
2638,30 Shoulders Neutral-Grip Arnold Press,,Strength Training,Shoulders,Dumbbell,Intermediate,,
2639,30 Shoulders Standing Dumbbell Upright Row,,Strength Training,Shoulders,Dumbbell,Intermediate,,
2640,MetaBurn 3-Way Shoulder Raise,,Strength Training,Shoulders,Dumbbell,Intermediate,,
2641,MetaBurn Dumbbell Overhead Press,,Strength Training,Shoulders,Dumbbell,Intermediate,,
2642,MetaBurn Single-Leg Arnold Press,,Strength Training,Shoulders,Dumbbell,Intermediate,,
2643,RG Forward-Leaning Dumbbell Upright Row,,Strength Training,Shoulders,Dumbbell,Intermediate,,
2644,RG Alternating Seated Dumbbell Lateral Raise,,Strength Training,Shoulders,Dumbbell,Intermediate,,
2645,RG Seated Dumbbell Shoulder Press,,Strength Training,Shoulders,Dumbbell,Intermediate,,
2646,FYR2 Dumbbell Clean and Jerk,,Strength Training,Shoulders,Dumbbell,Intermediate,,
2647,FYR2 Dumbbell Cross-Body Front Raise,,Strength Training,Shoulders,Dumbbell,Intermediate,,
2648,FYR2 Dumbbell Front Raise,,Strength Training,Shoulders,Dumbbell,Intermediate,,
2649,FYR2 Dumbbell Lateral Raise,,Strength Training,Shoulders,Dumbbell,Intermediate,,
2650,FYR2 Lateral Raise Hold,,Strength Training,Shoulders,Dumbbell,Intermediate,,
2651,FYR2 Seesaw Dumbbell Military Press,,Strength Training,Shoulders,Dumbbell,Intermediate,,
2652,FYR2 Single-Dumbbell Halo,,Strength Training,Shoulders,Dumbbell,Intermediate,,
2653,FYR2 Single-Dumbbell Overhead Press,,Strength Training,Shoulders,Dumbbell,Intermediate,,
2654,Car driver,"Kierowca samochodu to odmiana ćwiczeń podwyższania płyty, w której podnośnik trzyma przed nimi płytkę ciężarową i skręca ją z boku na bok, podobnie jak kierownica.Kieruje się na mięśnie ramion, w szczególności przednich lub przednich naramiennych, ale jest również trudne dla mięśni rdzenia i górnej części.Może zapewnić różnorodność w treningu budowlanym mięśni zorientowanym na ramię lub jako część obwodu górnego ciała lub całego ciała.",Strength Training,Shoulders,Other,Intermediate,9.0,Average
2655,Arnold press,"Nazwany na cześć kultowego kulturysty i gwiazdy filmowej, Arnold Press dodaje rotacji klasycznej prasy ramion.Pozwala na naturalne obracanie się rąk, jednocześnie uderzając we wszystkie trzy głowy naramienników jednym ruchem.Zazwyczaj wykonuje się to dla umiarkowanych do wysokich powtórzeń, takich jak 8-12 powtórzeń lub więcej, w ramach części treningu ukierunkowanego na górną lub ramion.",Strength Training,Shoulders,Dumbbell,Intermediate,8.9,Average
2656,Front Plate Raise,"Podwyższenie płyty to odmiana podwyżki hantli, w której podnośnik trzyma płytkę masy między dwiema rękami, zamiast za pomocą hantli, sztangi lub innej wagi.Może zapewnić różnorodność treningu zorientowanego na mięśnie ramię lub jako część górnego ciała lub obwodu całego ciała.",Strength Training,Shoulders,Other,Intermediate,8.9,Average
2657,Battle ropes,"Liny bitewne to wybuchowe narzędzie treningowe, które obejmuje poruszanie liny w falach z drugim końcem liny zakotwiczonej na poziomie gruntu.Istnieje wiele różnych rodzajów fal, ale najczęstsze są naprzemienne fale z lewymi i prawymi rękami.Liny bitewne mogą być wykonywane w przypadku krótkich serii jako trening energetyczny, przez dłuższy czas trwania jako trening sercowo-naczyniowy lub jako element kondycjonowania lub obwodu utraty tłuszczu.",Strength Training,Shoulders,Other,Intermediate,8.6,Average
2658,Seated rear delt fly,"Siedzona tylna mucha delt to ćwiczenie górnego ciała, które są ukierunkowane na prawdziwy naramiennik ramienia.Wykonując siedzący ruch, eliminuje pęd z reszty ciała.Ruch ten jest zwykle wykonywany dla umiarkowanych do wysokich powtórzeń, takich jak 8-12 powtórzeń na zestaw lub więcej, w ramach części treningu skoncentrowanego na górnej lub ramion.",Strength Training,Shoulders,Dumbbell,Intermediate,8.4,Average
2659,Circus Bell,,Strength Training,Shoulders,Other,Beginner,7.7,Average
2660,Landmine Linear Jammer,"Liniowy Jammer to wybuchowy ruch prasujący wykonany przy użyciu kątowej sztangi zakotwiczonej na poziomie podłogi w urządzeniu do lądowania.Można go również wykonać, wkładając sztangę w rogu pokoju, najlepiej w ręczniku, aby chronić ściany.Liniowy Jammer polega na wciśnięciu ciężaru w powietrze, a następnie łapanie drugiej ręki.Ruch koncentruje się przede wszystkim na mięśniach ramion lub naramienników.Można go trenować w tradycyjnych zakresach powtórzeń mięśni i siły, w przypadku niższych powtórzeń z naciskiem na moc wybuchową lub dla wyższych powtórzeń.",Strength Training,Shoulders,Other,Intermediate,6.8,Average
2661,Crucifix,,Strength Training,Shoulders,Other,Beginner,6.0,Average
2662,Bar shoulder extension stretch,Odcinek przedłużenia barku baru jest techniką zwiększania mobilności na głowie (znanej jako zgięcie barki) i rozszerzenie klatki piersiowej za pomocą paska lub innego stabilnego obiektu.Jest często używany jako część rozgrzewki przed treningiem górnego ciała.,Mobility and Stretching,Shoulders,Other,Beginner,5.3,Average
2663,Chair Upper Body Stretch,,Mobility and Stretching,Shoulders,Other,Beginner,4.1,Average
2664,Sled Reverse Flye,,Strength Training,Shoulders,Other,Intermediate,0.0,
2665,Plate shoulder circle big to small,"Płytowy okrąg barki duży do małego jest ćwiczeniem ukierunkowanym na kompleks barku.Zazwyczaj jest to uważane za ruch rozgrzewki, a nie ćwiczenie działające.Rozgrzewa się staw barowy i działa małe i trudne do wyczucia mięśnie, takie jak grupa mankietów rotatorowych.",Strength Training,Shoulders,Other,Intermediate,0.0,
2666,Sled Overhead Backward Walk,,Strength Training,Shoulders,Other,Beginner,0.0,
2667,Log Lift,,Strength Training,Shoulders,Other,Beginner,0.0,Average
2668,Standing suspended rear delt fly,Stojąca zawieszona tylna mucha delt to ruch masy ciała ukierunkowany na ramiona i górną część pleców za pomocą układu zawieszenia lub pierścieni gimnastycznych.Można go wykonywać dla czasu lub powtórzeń w ramach dynamicznego rozgrzewki do treningu siły górnej części ciała lub w samym treningu w tradycyjnych zakresach powtórzeń budowania mięśni lub dla wyższych powtórzeń.,Strength Training,Shoulders,Other,Intermediate,0.0,Average
2669,Waiter's carry,"Noszenie kelnera jest rodzajem załadowanego przenoszenia, który jest ukierunkowany na rdzeń, ramiona i górną część pleców.Waga jest podnoszona nad jednym ramieniem, zanim podnośnik zacznie chodzić w tej pozycji.Przypomina kelnera niosącego tacę nad głową - stąd nazwa.Można go wykonywać dla czasu lub odległości.",Strength Training,Shoulders,Other,Intermediate,0.0,
2670,Towel dumbbell front raise,"Podwyżka hantli, podwyżkę hantli to odmiana podwyżki hantli, która polega na zawieszeniu hantli z ręcznika trzymanego w dłoniach.Można to również wykonać z kettlebell lub płytą wagową.Może zapewnić różnorodność w treningu budowlanym mięśni zorientowanym na ramię lub jako część obwodu górnego ciała lub całego ciała.",Strength Training,Shoulders,Other,Intermediate,0.0,
2671,Reach-roll-lift combo,Kombinowanie z liftingiem zasięgu to wiertło mobilne dla górnej części pleców i ramion.Może być częścią dynamicznego rozgrzewki do treningów górnego ciała lub jako szkolenia postawy w dowolnym momencie.,Mobility and Stretching,Shoulders,Other,Intermediate,,
2672,Upright Row - Gethin Variation,"Rząd pionowy to ćwiczenie sztangi, które buduje silniejsze i większe pułapki.Wielu podnośników łączy ten ruch z treningiem pleców lub ramion, ponieważ obejmuje oba części ciała.",Strength Training,Shoulders,Other,Intermediate,,
2673,Squat Press Shoulder Press - Gethin Variation,,Strength Training,Shoulders,Other,Intermediate,,
2674,Plate lateral raise,"Podniesienie boczne płyty jest ćwiczeniem ukierunkowanym na boczne głowy mięśni barkowych lub naramienników.Przypomina to bardziej popularne podwyższenie hantli, ale jest wykonywane z lekkimi płytkami, co utrudnia ruch.Zazwyczaj wykonuje się to dla umiarkowanych do wysokich powtórzeń w ramach treningu barku lub górnego ciała.",Strength Training,Shoulders,Other,Intermediate,,
2675,Standing Military Press - Gethin Variation,"Prasa wojskowa to ruch złożony używany do budowania wielkości i siły w ramionach.Kiedyś był kiedyś zakwestionowany jako czwarty łyżka mocy, ale rzadko rywalizuje.Jednak możliwość naciskowania znacznego narzutów pozostaje popularnym markerem siły górnego ciała.Prasa wojskowa może być wyszkolona jako podnoszenie siły lub w tradycyjnych zakresach przedstawiających mięśni w ramach treningu pełnego ciała, skoncentrowanego na ramię lub górnej części ciała.",Strength Training,Shoulders,Other,Intermediate,,
2676,Bent-over plate rear delt raise,"Wygięta tylna delt płyta jest ćwiczeniem skierowanym do tylnych głowic ramion lub naramienników.Możesz także użyć hantli lub innych lekkich wag, aby uzyskać podobny efekt.Ten ruch jest zwykle wykonywany jako część dynamicznego rozgrzewki lub jako ruch wypalenie o wysokiej zawartości w dniu ramienia lub tyłu.",Strength Training,Shoulders,Other,Intermediate,,
2677,Single-arm landmine press,"Jednokazałowy prasa lądowa to ćwiczenie górnego ciała, które wykorzystuje kątową sztangę zakotwiczoną na poziomie podłogi w urządzeniu do lądowania.Można go również wykonać, wkładając sztangę w rogu pokoju, najlepiej w ręczniku, aby chronić ściany.Kąt prasy lądowej jest zwykle gdzieś pomiędzy nachyleniem a prasą wojskową, a ruch koncentruje się przede wszystkim na mięśniach ramion lub naramienników.Może być szkolony w tradycyjnych zakresach powtórzeń mięśni i siły lub dla wyższych powtórzeń.",Strength Training,Shoulders,Other,Intermediate,,
2678,Plate front raise,"Podniesienie na płycie jest odmianą przodu, w której podnośnik trzyma płytkę masy między dwiema rękami, zamiast za pomocą hantli, sztangi lub innej wagi.Może zapewnić różnorodność w treningu budowlanym mięśni zorientowanym na ramię lub jako część obwodu górnego ciała lub całego ciała.",Strength Training,Shoulders,Other,Intermediate,,
2679,Holman Slow Overhead Press,,Strength Training,Shoulders,Other,Intermediate,,
2680,30 Shoulders Plate Front Raise,,Strength Training,Shoulders,Other,Intermediate,,
2681,Single-arm landmine push-press,"Jednokazałowy push-push push-push to wybuchowe ćwiczenie górnego ciała, które wykorzystuje kątową sztangę zakotwiczoną na poziomie podłogi w urządzeniu do lądowania.Można go również wykonać, wkładając sztangę w rogu pokoju, najlepiej w ręczniku, aby chronić ściany.Kąt prasy lądowej jest zwykle gdzieś pomiędzy nachyleniem a prasą wojskową, a ruch koncentruje się przede wszystkim na mięśniach ramion lub naramienników.Może być szkolony w tradycyjnych zakresach powtórzeń mięśni i siły lub dla wyższych powtórzeń.",Strength Training,Shoulders,Other,Intermediate,,
2682,Single-arm cable front raise,"Podwyższenie kabla jednoramiennego jest ćwiczeniem izolacyjnym skierowanym do przednich i przyśrodkowych naramienników lub mięśni barkowych.Wersja tego ruchu jednoramienna pozwala skupić się na każdej stronie niezależnie.Ponieważ przyczepność będzie ograniczeniem, jest zwykle wykonywane dla umiarkowanych do wysokich powtórzeń, co najmniej 8-12 powtórzeń na zestaw, w ramach treningu skoncentrowanego na górnym ciele lub ramion.",Strength Training,Shoulders,Cable,Intermediate,8.7,Average
2683,Cable Internal Rotation,,Strength Training,Shoulders,Cable,Beginner,8.6,Average
2684,Seated face pull,"Siedzącego przyciąganie twarzy jest ćwiczeniem kablowym ukierunkowanym na mięśnie barkowe, szczególnie tylne delty i mięśnie górnego pleców.Może to pomóc w budowaniu zdrowszych ramion i postawy oraz zwiększenia stabilności barku.Zazwyczaj wykonuje się to dla umiarkowanych do wysokich powtórzeń w ramach dynamicznego rozgrzewki do treningu górnego ciała lub w głównej części treningu skoncentrowanego na ramię.",Strength Training,Shoulders,Cable,Intermediate,8.5,Average
2685,Single-arm bent-over cable rear delt fly,"Jednokazałowy zgięty kabel tylny mucha delt jest ćwiczeniem skierowanym do tylnych naramienników.Jest to świetny sposób na odizolowanie tego obszaru ramienia i niezależnie zaatakowanie każdej strony.Zazwyczaj wykonuje się to dla umiarkowanych do wysokich powtórzeń, co najmniej 8-12 powtórzeń na zestaw, w ramach treningu skoncentrowanego na górnym ciele lub ramion.",Strength Training,Shoulders,Cable,Intermediate,8.5,Average
2686,Seated cable shoulder press,"Siedzona prasa do barku kablowego jest wielostoponowym ćwiczeniem maszynowym, które koncentruje się na mięśniach naramiennych lub barkach, a także na tricepsach.Najczęściej występuje w treningach budowania mięśni i zakresach powtórzeń, zwykle 8-12 powtórzeń lub więcej.",Strength Training,Shoulders,Cable,Intermediate,8.5,Average
2687,Standing face pull,"Stojak na twarz jest ćwiczenie izolacyjne ukierunkowane przede wszystkim do tylnych naramienników, pułapek i górnej części pleców.Najczęściej wykonuje się to z przywiązaniem liny.",Strength Training,Shoulders,Cable,Intermediate,8.4,Average
2688,Standing cable rear delt row,"Stały tylny rzęd deltu kabla jest przede wszystkim ukierunkowana na tylne naramienniki.Ten ruch uderza również w pułapki, romboidy i biceps.Zazwyczaj wykonuje się to dla umiarkowanych do wysokich powtórzeń, co najmniej 8-12 powtórzeń na zestaw, w ramach treningu skoncentrowanego na górnym ciele lub ramion.",Strength Training,Shoulders,Cable,Intermediate,8.4,Average
2689,Standing Low-Pulley Deltoid Raise,"Podniesienie bocznego kabla jednoramiennego jest ćwiczeniem izolacyjnym ukierunkowanym na ramiona, w szczególności środkowego naramiennika.Ten ruch uderza również w pułapki i górną część pleców i pozwala skupić się na każdej stronie niezależnie.Ponieważ przyczepność jest ograniczeniem, jest zwykle wykonywane dla umiarkowanych do wysokich powtórzeń, takich jak co najmniej 8-12 powtórzeń na zestaw, w ramach treningu skoncentrowanego na górnej części ciała lub ramion.",Strength Training,Shoulders,Cable,Intermediate,8.3,Average
2690,Standing crossed-cable rear delt fly,"Tylna mucha delt ze skrzyżowaną skrzyżowaną jest ćwiczeniem izolacyjnym tylnych naramienników.Zazwyczaj wykonuje się to dla umiarkowanych do wysokich powtórzeń, co najmniej 8-12 powtórzeń na zestaw, w ramach treningu skoncentrowanego na górnym ciele lub ramion.",Strength Training,Shoulders,Cable,Intermediate,8.2,Average
2691,Cable Shoulder Press,,Strength Training,Shoulders,Cable,Beginner,8.1,Average
2692,Alternating Cable Shoulder Press,,Strength Training,Shoulders,Cable,Beginner,8.0,Average
2693,Cable Seated Lateral Raise,,Strength Training,Shoulders,Cable,Intermediate,6.5,Average
2694,Single-arm lying cable front raise,"Podwyższenie kabla leżącego z pojedynczego ramienia jest ćwiczeniem izolacyjnym dla ramion, wykonywanego na plecach, na ławce lub ziemi i podnoszenia kabla na tułowiu na raz.Ruch ten jest zwykle wykonywany dla umiarkowanych do wysokich powtórzeń w celu oparzenia i pompy w ramach treningu skoncentrowanego na barku.",Strength Training,Shoulders,Cable,Intermediate,,
2695,Lying cable front raise,"Lewne podwyższenie kabla jest ćwiczeniem izolacyjnym dla ramion, szczególnie przednich naramienników.Wykonywa się leżąc z tyłu, albo na ławce lub na ziemi, z kablem podnoszonym nad tułów.Ruch ten jest zwykle wykonywany dla umiarkowanych do wysokich powtórzeń w celu oparzenia i pompy w ramach treningu skoncentrowanego na barku.",Strength Training,Shoulders,Cable,Intermediate,,
2696,Cable Rear Delt Fly - Gethin Variation,"Tylna mucha delt ze skrzyżowaną skrzyżowaną jest ćwiczeniem izolacyjnym tylnych naramienników.Zazwyczaj wykonuje się to dla umiarkowanych do wysokich powtórzeń, co najmniej 8-12 powtórzeń na zestaw, w ramach treningu skoncentrowanego na górnym ciele lub ramion.",Strength Training,Shoulders,Cable,Intermediate,,
2697,One-Arm Cable Side Raise - Gethin Variation,"Podniesienie bocznego kabla jednoramiennego jest ćwiczeniem izolacyjnym ukierunkowanym na ramiona, w szczególności środkowego naramiennika.Ten ruch uderza również w pułapki i górną część pleców i pozwala skupić się na każdej stronie niezależnie.Ponieważ przyczepność jest ograniczeniem, jest zwykle wykonywane dla umiarkowanych do wysokich powtórzeń, takich jak co najmniej 8-12 powtórzeń na zestaw, w ramach treningu skoncentrowanego na górnej części ciała lub ramion.",Strength Training,Shoulders,Cable,Intermediate,,
2698,Rope Face Pull - Gethin Variation,"Stojak na twarz jest ćwiczenie izolacyjne ukierunkowane przede wszystkim do tylnych naramienników, pułapek i górnej części pleców.Najczęściej wykonuje się to z przywiązaniem liny.",Strength Training,Shoulders,Cable,Intermediate,,
2699,Lying cable lateral raise,"Loksyjne podwyższenie kabla jest ćwiczeniem izolacyjnym, które są ukierunkowane na przyśrodkowy lub środkowy mięsień naramiennych ramion.Najczęściej występuje w treningach barku lub górnego ciała, zwykle w wyższych zakresach powtórzeń co najmniej 8-12 powtórzeń na zestaw.",Strength Training,Shoulders,Cable,Intermediate,,
2700,Cable seated row,"Kabel siedzący jest popularnym ćwiczeniem do trenowania mięśni górnej części pleców, w tym Lats (Latissimus dorsi), pułapek, romboidów i tylnych deltoidów za pomocą stosu kablowego.W mniejszym stopniu celuje w biceps.Rząd kablowy może działać dobrze w różnych zakresach powtórzeń, ale jest najbardziej popularny w treningach budujących mięśnie lub jako ruch akcesoriów do treningów siłowych.",Strength Training,Shoulders,Cable,Intermediate,,
2701,Single-arm cable lateral raise,"Podniesienie bocznego kabla jednoramiennego jest ćwiczeniem izolacyjnym ukierunkowanym na ramiona, w szczególności środkowego naramiennika.Ten ruch uderza również w pułapki i górną część pleców i pozwala skupić się na każdej stronie niezależnie.Ponieważ przyczepność jest ograniczeniem, jest zwykle wykonywane dla umiarkowanych do wysokich powtórzeń, co najmniej 8-12 powtórzeń na zestaw, w ramach treningu skoncentrowanego na górnym ciele lub ramion.",Strength Training,Shoulders,Cable,Intermediate,,
2702,UP Cable Face Pull,"Stojak na twarz jest ćwiczenie izolacyjne ukierunkowane przede wszystkim do tylnych naramienników, pułapek i górnej części pleców.Najczęściej wykonuje się to z przywiązaniem liny.",Strength Training,Shoulders,Cable,Intermediate,,
2703,AA Cable Leaning Side Raise,,Strength Training,Shoulders,Cable,Intermediate,,
2704,30 Shoulders Bent-Over Low Cable Reverse Fly,,Strength Training,Shoulders,Cable,Intermediate,,
2705,30 Shoulders Cable Rope Face Pull,,Strength Training,Shoulders,Cable,Intermediate,,
2706,30 Shoulders Cable Straight-Bar Front Raise,,Strength Training,Shoulders,Cable,Intermediate,,
2707,30 Shoulders Cable Straight-Bar Upright Row,,Strength Training,Shoulders,Cable,Intermediate,,
2708,30 Shoulders High Cable Reverse Fly,,Strength Training,Shoulders,Cable,Intermediate,,
2709,30 Shoulders Single-Arm Bent-Over Cable Reverse Fly,,Strength Training,Shoulders,Cable,Intermediate,,
2710,30 Shoulders Single-Arm Cable Front Raise,,Strength Training,Shoulders,Cable,Intermediate,,
2711,30 Shoulders Single-Arm Leaning Cable Lateral Raise,,Strength Training,Shoulders,Cable,Intermediate,,
2712,RG 3-Way Single-Arm Rear Delt Cable Fly,,Strength Training,Shoulders,Cable,Intermediate,,
2713,RG Single-Arm Cross-Body Cable Front Raise,,Strength Training,Shoulders,Cable,Intermediate,,
2714,Smith machine shoulder press,"Smith Machine Rame Press to ćwiczenie maszynowe ukierunkowane na mięśnie naramienne.Smith Machine naśladuje sztangę, ale zapewnia większą stabilność.Ten ruch można zaprogramować w niskich powtórzeniach pod kątem wytrzymałości siły lub wyższej dla wytrzymałości mięśni i siły.Często jest wykonywany dla umiarkowanych do wysokich powtórzeń, takich jak 8-12 powtórzeń na zestaw lub więcej, w ramach treningu skoncentrowanego na ramieniu lub górnej części ciała.",Strength Training,Shoulders,Machine,Intermediate,8.9,Average
2715,Machine shoulder press,"Maszyna prasa na ramię to ćwiczenie maszynowe ukierunkowane na mięśnie naramienne.Przybliża ruch prasy ramionowej swobodnej, ale wykorzystuje wybitną maszynę do stosu ciężarowego lub obciążenia płytą.Wiele takich maszyn pozwala również wybierać między różnymi uchwytami i szerokościami przyczepności.Naciski ramionowe maszynowe są często wykonywane dla umiarkowanych do wysokich powtórzeń, takich jak 8-12 powtórzeń na zestaw lub więcej, w ramach części treningu skoncentrowanego na górnej lub ramion.",Strength Training,Shoulders,Machine,Intermediate,8.9,Average
2716,Reverse Machine Flyes,"Tylna mucha delta maszyny to ćwiczenie ukierunkowane na tylną głowę mięśnia barkowego lub naramienników, a także mięśnie górnego pleców.Jest to rodzaj odwrotnej muchy klatki piersiowej i czasami jest wykonywany na tej samej maszynie, ale skierowany w odwrotny kierunek.Ponieważ celuje w tak małe mięśnie, ćwiczenie to jest zwykle wykonywane z lekką wagą dla wysokich powtórzeń, takich jak 10-15 powtórzeń na zestaw lub więcej.",Strength Training,Shoulders,Machine,Intermediate,8.2,Average
2717,Single-arm Smith machine upright row,"Rowerowy rzędu maszyny Smith Smith Smith to ćwiczenie górnego ciała skierowane do mięśni pułapek i ramion.Ruch ten jest często wykonywany dla umiarkowanych do wysokich powtórzeń, takich jak 8-12 powtórzeń na zestaw lub więcej, w ramach treningu skoncentrowanego na górnym ciele lub ramion.",Strength Training,Shoulders,Machine,Intermediate,7.2,Average
2718,Machine Lateral Raise,,Strength Training,Shoulders,Machine,Intermediate,7.2,Average
2719,Smith machine behind-the-neck press,"Smith Machine Behind the Neck prasa to ćwiczenie maszynowe ukierunkowane na naramienniki.Smith Machine naśladuje sztangę, ale zapewnia większą stabilność.Ten ruch można zaprogramować w niskich powtórzeniach pod kątem wytrzymałości siły lub wyższej dla wytrzymałości mięśni i siły.Często jest wykonywany dla umiarkowanych do wysokich powtórzeń, takich jak 8-12 powtórzeń na zestaw lub więcej, w ramach treningu skoncentrowanego na ramieniu lub górnej części ciała.",Strength Training,Shoulders,Machine,Intermediate,,
2720,Smith Machine Behind-The-Neck Press - Gethin Variation,"Smith Machine Behind the Neck prasa to ćwiczenie maszynowe ukierunkowane na naramienniki.Smith Machine naśladuje sztangę, ale zapewnia większą stabilność.Ten ruch można zaprogramować w niskich powtórzeniach pod kątem wytrzymałości siły lub wyższej dla wytrzymałości mięśni i siły.Często jest wykonywany dla umiarkowanych do wysokich powtórzeń, takich jak 8-12 powtórzeń na zestaw lub więcej, w ramach treningu skoncentrowanego na ramieniu lub górnej części ciała.",Strength Training,Shoulders,Machine,Intermediate,,
2721,30 Shoulders Leg Press Shoulder Press,,Strength Training,Shoulders,Machine,Intermediate,,
2722,30 Shoulders Machine Shoulder Press,,Strength Training,Shoulders,Machine,Intermediate,,
2723,30 Shoulders Pec-Deck Reverse Fly,,Strength Training,Shoulders,Machine,Intermediate,,
2724,30 Shoulders Smith Machine Behind-The-Head Press,,Strength Training,Shoulders,Machine,Intermediate,,
2725,30 Shoulders Smith Machine Shoulder Press,,Strength Training,Shoulders,Machine,Intermediate,,
2726,Handstand push-up,"Push-upa z ręki jest ćwiczeniem skierowanym do ramion, chociaż inne mięśnie pomagają w zakończeniu powtórzeń.Jest to powszechne zarówno w treningach CrossFit, jak i zaawansowanej wagi ciała lub treningu kalisthenicznej.Biorąc pod uwagę stopień trudności, początkujący będą musieli przejść do tego ruchu.",Strength Training,Shoulders,Body Only,Intermediate,8.7,Average
2727,Upward Stretch,,Mobility and Stretching,Shoulders,Body Only,Intermediate,6.7,Average
2728,Shoulder Circles,,Mobility and Stretching,Shoulders,Body Only,Intermediate,6.7,Average
2729,Cross-body shoulder stretch,"Rozciąganie ramion krzyżowych zwiększają elastyczność w ramionach.Jest to powszechne włączenie do dynamicznych rozgrzewek w górnym ciele przed treningiem lub sportem, ale można je również wykonać w dowolnym momencie, aby „uprawiać” górną część ciała.",Mobility and Stretching,Shoulders,Body Only,Intermediate,5.9,Average
2730,Arm circle,"Krąg ramienia jest nieważnym ćwiczeniem skierowanym do ramion.Polega na wyciąganiu rąk na bok i rysowanie małych kół w powietrzu rękami.Jest to powszechne w rozgrzewkach zarówno dla treningu, jak i lekkoatletyki i często jest wykonywane po prostu, dopóki ktoś nie odczuwa oparzenia, a nie dla ustalonej liczby powtórzeń.",Mobility and Stretching,Shoulders,Body Only,Intermediate,5.1,Average
2731,Seated Front Deltoid,,Mobility and Stretching,Shoulders,Body Only,Beginner,4.5,Average
2732,Shoulder Raise,,Mobility and Stretching,Shoulders,Body Only,Intermediate,4.1,Average
2733,Hand Stand Push-Up,"Push-upa z ręki jest ćwiczeniem skierowanym do ramion, chociaż inne mięśnie pomagają w zakończeniu powtórzeń.Jest to powszechne zarówno w treningach CrossFit, jak i zaawansowanej wagi ciała lub treningu kalisthenicznej.Biorąc pod uwagę stopień trudności, początkujący będą chcieli przejść do tego ruchu.",Strength Training,Shoulders,Body Only,Intermediate,0.0,Average
2734,Wall walk,"Spacer na ścianie jest trudnym ćwiczeniem, które działają całe ciało.Z pozycji push-up ręce wracają, gdy stopy idą po ścianie, a następnie cały ruch jest odwrócony.To nie jest dla początkujących, którzy będą musieli przejść do tego ćwiczenia.",Strength Training,Shoulders,Body Only,Intermediate,0.0,
2735,Return Push from Stance,,HIIT,Shoulders,Body Only,Intermediate,0.0,
2736,Wall shoulder tap,"Tap ramion na ścianie jest ćwiczeniem na ramiona w masie ciała, które jest popularnym ruchem gimnastyczki, cheerleaderków i innych sportowców, którzy muszą spędzać dużo czasu w dynamicznych ruchach ręcznego.Począwszy od pozycji ręcznej z palcami dotykającymi ściany, jedna ręka jest podnoszona w celu dotknięcia przeciwnego ramienia.Trwa to na naprzemienną modę przez czas trwania zestawu.",Strength Training,Shoulders,Body Only,Intermediate,0.0,
2737,Bear crawl shoulder tap,"Niedźwiedź czołgający się ramię to odmiana czołgania się niedźwiedziem, która polega na dotykaniu przeciwnego ramienia, gdy w statycznym pełzanie niedźwiedzia.Dodaje dodatkową koordynację i podstawowe wyzwanie do już intensywnego ruchu całego ciała, który jest ukierunkowany na układ sercowo-naczyniowy, a także szeroki zakres grup mięśni.Można to zrobić jako rozgrzewkę całego ciała lub jako część obwodu lub przepływu ciała.",Strength Training,Shoulders,Body Only,Intermediate,0.0,
2738,Shadow boxing,"Boks Shadow to ćwiczenie zwykle używane w sporcie bojowym i walce.Może jednak stworzyć świetną sesję kardio dla każdego, kto może wdrożyć w szybkim obwodzie lub jako aktywny odpoczynek.Zazwyczaj jest wykonywany dla czasu lub rund.",Cardio,Shoulders,Body Only,Intermediate,0.0,
2739,Bear crawl fire feet,"Niedźwiedź Crawl Fire stopy to odmiana pełzania niedźwiedzia, która obejmuje bieganie na miejscu podczas gdy w statycznym pełzanie niedźwiedzia.Dodaje dodatkową koordynację i wyzwanie całego ciała do i tak intensywnego ruchu całego ciała, który jest ukierunkowany na układ sercowo-naczyniowy, a także szeroki zakres grup mięśni.Można to zrobić jako rozgrzewkę całego ciała lub jako część obwodu lub przepływu ciała.",Cardio,Shoulders,Body Only,Intermediate,0.0,
2740,Wall sprawl,"Rozciąganie ścienne jest ćwiczeniem masy ciała ukierunkowanej na ramiona, chociaż rekrutacja wielu innych mięśni jest rekrutowanych do zakończenia ćwiczenia.Z pozycji czterech czterech podskakujesz na ścianę, a następnie wycofujesz się.Jest to poważne wyzwanie sercowo-naczyniowe, które jest zwykle wykonywane w ramach treningu skoncentrowanego na tłuszczu lub atletyzmie.",HIIT,Shoulders,Body Only,Intermediate,0.0,
2741,Bent Over Shoulder Y,"Leżąca tylna delt Y działa na ramiona, w szczególności tylne głowy.Zakres ruchu różni się od leżącej tylnej muchy delta.W punkcie środkowym ramiona i tułów tworzą Y - stąd nazwa.",Mobility and Stretching,Shoulders,Body Only,Intermediate,,
2742,Shoulder L,"Obrót barki wygięty jest ćwiczeniem górnego ciała, które pomaga wzmocnić mięśnie wokół mankietu rotatora w stabilnym stawie barkowym.Zwykle wykonuje się to jako część dynamicznego rozgrzewki dla ramion.Można go wykonywać z masą ciała, lekkimi hantlami lub płytami ciężarowymi lub pasmami.",Strength Training,Shoulders,Body Only,Intermediate,,
2743,Shoulder Dislocation Stretch-Dowel,,Mobility and Stretching,Shoulders,Body Only,Intermediate,,
2744,TBS Inverted Row,"Inverted Row Machine Smith Machine to ćwiczenie masy ciała skierowane do mięśni Lats (Latissimus dorsi) i górnej części pleców, za pomocą paska maszyny Smitha do powieszenia i odciągania.Możesz zmienić wysokość paska, aby dostosować poziom trudności i pożądany kąt rzędu.Ta zmiana jest zwykle wykonywana dla umiarkowanych do wysokich powtórzeń, takich jak 8-12 powtórzeń na zestaw lub więcej.",Strength Training,Shoulders,Body Only,Intermediate,,
2745,PVC Shoulder Stretch,,Mobility and Stretching,Shoulders,Body Only,Intermediate,,
2746,Shoulder T,"Wygięta tylna delt płyta jest ćwiczeniem ukierunkowanym na tylne głowy ramion, czyli naramienniki.Możesz także użyć hantli lub innych lekkich wag, aby uzyskać podobny efekt.Ruch ten jest zwykle wykonywany jako część dynamicznego rozgrzewki lub jako ruch wypalenie o wysokiej zawartości w dniu ramienia lub tyłu.",Mobility and Stretching,Shoulders,Body Only,Intermediate,,
2747,HM Arm Circle,,Strength Training,Shoulders,Body Only,Intermediate,,
2748,HM Shoulder Stretch,,Mobility and Stretching,Shoulders,Body Only,Intermediate,,
2749,HM Shoulder Stretch on Floor,,Mobility and Stretching,Shoulders,Body Only,Intermediate,,
2750,HM Shoulder Tap,,Mobility and Stretching,Shoulders,Body Only,Intermediate,,
2751,HM Hand-On-Wall Stretch,,Strength Training,Shoulders,Body Only,Intermediate,,
2752,HM Jumping Arm Circle,,Strength Training,Shoulders,Body Only,Intermediate,,
2753,Kipping Clapping Pull-Up,,Strength Training,Shoulders,Body Only,Intermediate,,
2754,Holman Kneeling Overhead Press to Donkey Kick,,Strength Training,Shoulders,Body Only,Intermediate,,
2755,Floor angel,Anioł podłogi to rozciągający mobilność barku i aktywację mięśni stabilizatora barku.Kieruje się również szereg mięśni postawy w górnej części pleców.,Strength Training,Shoulders,Body Only,Intermediate,,
2756,Shoulder extension stretch,Odcinek przedłużenia barku koncentruje się na wprowadzaniu większej elastyczności stawu barkowego.Zwiększa zakres ruchu w przedłużeniu barku lub porusza ramionami za tylną częścią.Można go wykonać w ramach rozgrzewki lub mobilności i elastyczności po treningu lub w dowolnym momencie.,Strength Training,Shoulders,Body Only,Intermediate,,
2757,Backward Medicine Ball Throw,,HIIT,Shoulders,Medicine Ball,Beginner,6.8,Average
2758,Medicine ball scoop throw,"Rzut na piłkę medyczną jest wybuchowym ćwiczeniem ukierunkowanym na brzuch i biodra.Można go wykonywać dla niższych powtórzeń, koncentrując się na mocy lub dla wyższych powtórzeń, z naciskiem na utratę tłuszczu i kondycjonowanie.Zaczyna się w pozycji półksiężycowej trzymającej piłkę lekarską, która następnie „zgarnia” i rzuca naprzód w jednym ciągłym ruchu.",HIIT,Shoulders,Medicine Ball,Intermediate,3.4,Average
2759,Standing Two-Arm Overhead Throw,,HIIT,Shoulders,Medicine Ball,Beginner,0.0,Average
2760,Incline face-down bar front raise,"Pochylne podwyższenie pręta jest ćwiczeniem górnego ciała atakującego ramiona.Ponieważ jest wykonywany twarzą w dół na kątowej ławce, ma większy zakres ruchu niż podwyżki stojące lub wyprostowane i uderza w ramiona pod innym kątem.Wariacji podnoszenia są zwykle wykonywane dla umiarkowanych do wysokich powtórzeń, takich jak 8-12 powtórzeń na zestaw lub więcej, w ramach treningu skoncentrowanego na górnym ciele lub ramion.",Strength Training,Shoulders,E-Z Curl Bar,Intermediate,8.3,Average
2761,Incline anti-gravity shoulder press,"Nachylona prasa ramion przeciwzgrawciowa jest ćwiczeniem górnego ciała skierowanego do ramion i górnej części pleców.Działa izometrycznie tylne delty i mięśnie górnego obrońcy, aby utrzymać ciężar, jednocześnie dynamicznie trenować delty boczne i przednich.Ze względu na wyzwanie podtrzymywania ciężaru, ta zmiana prasowa jest zwykle wykonywana ze stosunkowo lekkimi ciężarami umiarkowanych powtórzeń, takich jak 8-12 powtórzeń na zestaw lub więcej, w ramach treningu górnego ciała lub ramion.",Strength Training,Shoulders,E-Z Curl Bar,Intermediate,8.2,Average
2762,30 Shoulders EZ-Bar Front Raise,,Strength Training,Shoulders,E-Z Curl Bar,Intermediate,,
2763,Side Wrist Pull,,Mobility and Stretching,Shoulders,,Beginner,8.4,Average
2764,Elbow Circles,,Mobility and Stretching,Shoulders,,Beginner,5.3,Average
2765,Kneeling Arm Drill,,HIIT,Shoulders,,Beginner,4.0,Average
2766,Bent-over shoulder rotation,"Obrót barki wygięty jest ćwiczeniem górnego ciała, które pomaga wzmocnić mięśnie wokół mankietu rotatora w stabilnym stawie barkowym.Zwykle wykonuje się to jako część dynamicznego rozgrzewki dla ramion.Można go wykonywać z masą ciała, lekkimi hantlami lub płytami ciężarowymi lub pasmami.",Strength Training,Shoulders,Exercise Ball,Intermediate,,
2767,Band overhead triceps press,"Pasmo nad głową prasa triceps to dynamiczne ćwiczenie ramienia wykorzystujące zapętlony pasek ćwiczeń.Można to również wykonać z zespołem ćwiczeń z uchwytami.Kieruje się na mięśnie triceps i może być wykonywany dla czasu lub powtórzeń, albo w tradycyjnych zakresach powtórzeń budowania mięśni, takich jak 12-15 powtórzeń na zestaw, lub wyższe zakresy powtórzeń, takie jak 30, 50 lub więcej.",Strength Training,Triceps,Bands,Intermediate,0.0,
2768,Band overhead triceps extension,"Przedłużenie Triceps Pasme jest ćwiczeniem jednopunktowym skoncentrowanym na tricepsach, które wykorzystują dynamiczną oporność pasma.Pozycja ramion jest ukierunkowana na długą głowę triceps.Wielu podnośników oszczędza ten ruch na ostatnim treningu Triceps, wykonując go dla umiarkowanych do wysokich powtórzeń, takich jak 8-12 powtórzeń lub więcej na zestaw.",Strength Training,Triceps,Bands,Intermediate,,
2769,Band straight-arm pull-down,"Zabrana prosta ramię to odmiana nie-GYM lub w domu odmiana prostego ramię LAT wykonanego za pomocą komputera z stosem kablowym.Można go wykonać w atletycznej pozycji pionowej, albo lekko zgięte.Zarówno rozciąga się, jak i kurczy mięśnie LATS (Latissimus dorsi), a także zapewnia dodatkową aktywację innych mięśni górnej części pleców i rdzenia.Ponieważ triceps są również izometrycznie zaangażowane w ruch, zwykle wykonuje się go dla wyższych powtórzeń, takich jak 8-15 powtórzeń lub więcej.",Strength Training,Triceps,Bands,Intermediate,,
2770,Band skullcrusher,Skullcrusher opaski to odmiana popularnego Ćwiczenia na ławce ukierunkowane na mięśnie triceps.Zwykle wykonuje się to dla umiarkowanych do wysokich powtórzeń w ramach treningu z udziałem górnej części lub ramienia.,Strength Training,Triceps,Bands,Intermediate,,
2771,Single-arm band kick-back,"Kick-back z jednym ramieniem jest ćwiczeniem izolacyjnym, które atakuje triceps.Jest to powszechny ruch wypalenia wykonywany dla umiarkowanych do wysokich powtórzeń, takich jak 8-12 powtórzeń na zestaw lub więcej, w ramach treningu skoncentrowanego na górnej części lub ramieniu.",Strength Training,Triceps,Bands,Intermediate,,
2772,Incline EZ-bar skullcrusher,Pochył się Skullcrusher EZ-Bar to popularne ćwiczenie ukierunkowane na mięśnie triceps.Kąt nachylenia pomaga w szczególności ukierunkować długą głowę triceps.Ćwiczenie to jest zwykle wykonywane dla umiarkowanych do wysokich powtórzeń w ramach treningu skoncentrowanego na górnym ciele lub ramieniem.,Strength Training,Triceps,Barbell,Intermediate,8.9,Average
2773,Decline Close-Grip Bench To Skull Crusher,,Strength Training,Triceps,Barbell,Beginner,8.9,Average
2774,Bench Press - Powerlifting,,Strength Training,Triceps,Barbell,Intermediate,8.7,Average
2775,Behind-the-head skullcrusher,"Skullcrusher zakulisowy to odmiana ćwiczeń triceps, która od dziesięcioleci jest podstawą kulturystów.W tej wersji, zamiast lekko schodzącego na czoło, pasek śledzi się nad głową, nie dotykając go.Skullcrushery są zwykle wykonywane dla umiarkowanych do wysokich powtórzeń, takich jak 8-12 powtórzeń na zestaw lub więcej, w ramach treningu skoncentrowanego na górnej części lub ramieniu.Jeśli prosty pasek jest niewygodny dla twoich nadgarstków lub łokci, spróbuj użyć kątowego paska EZ.",Strength Training,Triceps,Barbell,Intermediate,8.7,Average
2776,Standing barbell overhead triceps extension,"Stojącą sztangę naprzód przedłużenie triceps jest ruchem izolacyjnym ukierunkowanym na triceps.Pozycja górna jest ukierunkowana w szczególności na długą głowę Triceps.Ruch ten jest zwykle wykonywany dla umiarkowanych do wysokich powtórzeń w ramach skoncentrowanej na broni części treningu.Jeśli trzymanie prostego paska uciążają nadgarstki lub łokcie, można go wykonać na przemian z paskiem EZ-BAR lub neutralnym chwytakiem.",Strength Training,Triceps,Barbell,Intermediate,8.6,Average
2777,Reverse-grip bench press,"Prasa do ławki odwrotnej to popularne ćwiczenie sztangowe ukierunkowane na klatkę piersiową, triceps i przedramiona.Główną różnicą między tym ćwiczeniem a standardową prasą na ławce jest to, że uchwyt jest podstępny, a nie overhand.Pomaga to celować zarówno w górną klatkę piersiową, jak i triceps.Ta winda może na początku wydawać się niezręczne, więc idź lekko i nie bój się używać obserwatora.",Strength Training,Triceps,Barbell,Intermediate,8.3,Average
2778,Bench Press with Chains,,Strength Training,Triceps,Barbell,Beginner,8.3,Average
2779,Floor Press,,Strength Training,Triceps,Barbell,Beginner,8.3,Average
2780,One Arm Floor Press,,Strength Training,Triceps,Barbell,Beginner,7.3,Average
2781,Pin Presses,,Strength Training,Triceps,Barbell,Beginner,7.0,Average
2782,JM Press With Bands,,Strength Training,Triceps,Barbell,Beginner,0.0,
2783,JM Press,,Strength Training,Triceps,Barbell,Beginner,0.0,
2784,Floor Press with Chains,,Strength Training,Triceps,Barbell,Beginner,0.0,Average
2785,Reverse Band Bench Press,,Strength Training,Triceps,Barbell,Beginner,0.0,Average
2786,Decline Barbell Triceps Extension - Gethin Variation,Spadek Skullcrusher Ez-Bar to ćwiczenie izolacji górnej części ciała ukierunkowanego na triceps.,Strength Training,Triceps,Barbell,Intermediate,,
2787,AM Skullcrusher,"Skullcrusher EZ-Bar to popularne ćwiczenie skierowane do mięśni Triceps.EZ-bar jest używany częściej niż prosty pasek.Co do nazwy, jest to najgorszy scenariusz.Bar powinien faktycznie zejść za głowę.Zazwyczaj wykonuje się to dla umiarkowanych do wysokich powtórzeń w ramach treningu skoncentrowanego na górnej części ciała lub ramion.Nie musisz ścigać 1RM w tym ruchu!",Strength Training,Triceps,Barbell,Intermediate,,
2788,30 Arms Close-Grip Bench Press,,Strength Training,Triceps,Barbell,Intermediate,,
2789,30 Arms Barbell Skullcrusher,,Strength Training,Triceps,Barbell,Intermediate,,
2790,FYR2 Sprawl Over Kettlebell,,Strength Training,Triceps,Kettlebells,Intermediate,,
2791,Dumbbell floor press,"Prasa podłogowa hantle to wielostopniowe ćwiczenie naciskowe wykonywane na podłodze.Można go wykonywać z kolanami wygiętymi lub płaskimi.Presja podłogi ogranicza zakres ruchu, który osiągniesz za pomocą zwykłej nacisku hantli, ale nadal celuje w klatkę piersiową, triceps i przednie delty.Pozwala to naciskać większą wagę niż w wyniku ławki hantli i być może nacisk na ramiona.",Strength Training,Triceps,Dumbbell,Intermediate,9.3,Average
2792,Seated triceps press,"Siedząca prasa Triceps to popularne ćwiczenie budujące ramiona, które atakuje triceps z pojedynczą hantlą trzymaną przez obie ręce, rozciągając ją za głową.Chociaż możesz zaskakująco ciężki w tym ruchu, zwykle wykonuje się on dla umiarkowanych do wysokich powtórzeń, takich jak 8-12 powtórzeń na zestaw lub więcej, w ramach części treningu skoncentrowanego na górnej części lub ramieniu.Jeśli jesteś ciężki, posiadanie kogoś pomocy w pozycji jest dobrym pomysłem.",Strength Training,Triceps,Dumbbell,Intermediate,8.9,Average
2793,Tricep Dumbbell Kickback,"Kick-back z pojedynczym ramieniem Triceps to izolacja od położenia wygiętej, stosowanej do zwiększenia wielkości i wytrzymałości triceps.",Strength Training,Triceps,Dumbbell,Intermediate,8.8,Average
2794,Standing Dumbbell Triceps Extension,,Strength Training,Triceps,Dumbbell,Intermediate,8.8,Average
2795,Double-arm triceps kick-back,"Kick-back podwójnie ramię Triceps jest popularnym ruchem zwiększającym rozmiar i siłę triceps.Zazwyczaj wykonuje się to dla umiarkowanych do wysokich powtórzeń, co najmniej 8-12 powtórzeń, w ramach treningu skoncentrowanego na górnym ciele lub ramieniu.",Strength Training,Triceps,Dumbbell,Intermediate,8.8,Average
2796,Single-arm dumbbell triceps extension,"Rozszerzenie tricepsów z pojedynczą ramą hantle jest popularnym ćwiczeniem ukierunkowanym na triceps po jednej stronie.Kieruje się na wszystkie trzy główki triceps, ale po wykonywaniu nad głową ramienia może być szczególnie skuteczny w budowaniu długiej głowy triceps.Ćwiczenie to jest zwykle wykonywane dla umiarkowanych do wysokich powtórzeń, co najmniej 8-12 powtórzeń na zestaw, w ramach części treningu skoncentrowanego na górnym ciele lub ramieniem.",Strength Training,Triceps,Dumbbell,Intermediate,8.5,Average
2797,Decline Dumbbell Triceps Extension,,Strength Training,Triceps,Dumbbell,Beginner,8.5,Average
2798,Dumbbell skullcrusher,"Skullcrusher hantli to ćwiczenie tricepsowe, które od dziesięcioleci jest podstawą kulturystów.Skullcrushery są zwykle wykonywane dla umiarkowanych do wysokich powtórzeń, takich jak 8-12 powtórzeń na zestaw lub więcej, w ramach treningu skoncentrowanego na górnej części lub ramieniu.",Strength Training,Triceps,Dumbbell,Intermediate,8.4,Average
2799,One Arm Pronated Dumbbell Triceps Extension,,Strength Training,Triceps,Dumbbell,Beginner,8.4,Average
2800,One Arm Supinated Dumbbell Triceps Extension,,Strength Training,Triceps,Dumbbell,Beginner,8.4,Average
2801,Seated Bent-Over Two-Arm Dumbbell Triceps Extension,,Strength Training,Triceps,Dumbbell,Beginner,8.2,Average
2802,Tate Press,,Strength Training,Triceps,Dumbbell,Beginner,8.1,Average
2803,Standing Bent-Over One-Arm Dumbbell Triceps Extension,"Kick-back z pojedynczym ramieniem Triceps to izolacja od położenia wygiętej, stosowanej do zwiększenia wielkości i wytrzymałości triceps.",Strength Training,Triceps,Dumbbell,Intermediate,7.9,Average
2804,Seated Bent-Over One-Arm Dumbbell Triceps Extension,,Strength Training,Triceps,Dumbbell,Beginner,7.5,Average
2805,Dumbbell Tricep Extension -Pronated Grip,,Strength Training,Triceps,Dumbbell,Beginner,6.3,Average
2806,V-sit with overhead triceps extension,"SIT V z górnym przedłużaniem triceps jest ruchem hybrydowym, który jednocześnie trenuje mięśnie brzuszne i triceps.Może zająć się wieloma grupami mięśni w efektywnym czasie budowaniu mięśni lub treningu w stylu obwodów, jednocześnie zapewniając wyzwanie sercowo-naczyniowe.",Strength Training,Triceps,Dumbbell,Intermediate,0.0,
2807,PJR Pull-Over,,Strength Training,Triceps,Dumbbell,Intermediate,,
2808,Paul Carter Dumbbell Kick-Back,"Kick-back z pojedynczym ramieniem Triceps to izolacja od położenia wygiętej, stosowanej do zwiększenia wielkości i wytrzymałości triceps.",Strength Training,Triceps,Dumbbell,Intermediate,,
2809,Single-arm dumbbell skullcrusher,"Skullcrusher hantli jednoramiennej to ćwiczenie tricepsowe, które od dziesięcioleci jest podstawą kulturystów.Skullcrushery są zwykle wykonywane dla umiarkowanych do wysokich powtórzeń, takich jak 8-12 powtórzeń na zestaw lub więcej, w ramach treningu skoncentrowanego na górnym ciele lub ramion.",Strength Training,Triceps,Dumbbell,Intermediate,,
2810,Dumbbells-together incline bench press,"Dublowanie nachyleń-ławce z hantlami jest ćwiczeniem skierowanym do mięśni piersiowych, zwłaszcza górnych PEC.Ściskanie hantli zmusza mięśnie klatki piersiowej do ciężkiej pracy podczas całej prasy.Ta zmiana prasowa jest zwykle wykonywana dla umiarkowanych do wysokich powtórzeń, takich jak 8-12 powtórzeń na zestaw lub więcej, w ramach treningu skoncentrowanego na górnym ciele lub klatce piersiowej.",Strength Training,Triceps,Dumbbell,Intermediate,,
2811,Incline dumbbell overhead triceps extension,Pochylne przedłużenie Triceps to popularne ćwiczenie ukierunkowane na mięśnie triceps.Kąt nachylenia pomaga w szczególności ukierunkować długą głowę triceps.Ćwiczenie to jest zwykle wykonywane dla umiarkowanych do wysokich powtórzeń w ramach treningu skoncentrowanego na górnym ciele lub ramieniem.,Strength Training,Triceps,Dumbbell,Intermediate,,
2812,Dumbbell Crush Press,,Strength Training,Triceps,Dumbbell,Intermediate,,
2813,Holman Hovering Renegade Triceps Press,,Strength Training,Triceps,Dumbbell,Intermediate,,
2814,Holman Heavy Triceps Press to Overhead Press,,Strength Training,Triceps,Dumbbell,Intermediate,,
2815,Total Fitness Close-Grip Dumbbell Press,"Bliska ławka hantlowa stawia w ostrożności entuzjastów treningów na całym świecie.To klasyczny ruch do budowania większej, silniejszej skrzyni.Różnica polega na tym, że hantle są trzymane bliżej siebie.",Strength Training,Triceps,Dumbbell,Intermediate,,
2816,Dumbbell row to triceps kick-back,"Rząd hantli do Tricepps-Back to kompleks hantli, który łączy dwa ruchy, które wspólnie kierują mięśnie Lats (Latissimus dorsi), górne plecy i triceps.Izometrycznie celuje w rdzeń, ścięgna ścięgna i pośladki.Zazwyczaj wykonuje się to jeden powtórzenie każdego ruchu na raz, chociaż można wykonać więcej powtórzeń każdego z nich lub zwiększyć powtórzenia w kolejnych rundach (np. 1 powtórzenie w rundzie 1, 2 powtórzeń w rundzie 2 itd.).Bez względu na to, w jaki sposób ustrukturyzujesz zestawy i powtórzenia, jest to efektywny czas sposób na uderzenie w dwa kluczowe mięśnie górnego ciała podczas każdego treningu.",Strength Training,Triceps,Dumbbell,Intermediate,,
2817,Rolling triceps press,"Rolling Triceps Press to dynamiczne ćwiczenie Triceps, które jest popularne jako ruch akcesoriów na prasie wśród trwałości.Można to zrobić w tradycyjnych zakresach powtórzeń budowania mięśni, takich jak 8-12 powtórzeń na zestaw, lub dla bardzo wysokich powtórzeń 50-100 powtórzeń na zestaw w celu zwiększenia wielkości i siły tricepsa.Można go wykonać na ławce lub na podłodze, jeśli ławka jest niedostępna.",Strength Training,Triceps,Dumbbell,Intermediate,,
2818,MetaBurn Skullcrusher to Ab Crunch,,Strength Training,Triceps,Dumbbell,Intermediate,,
2819,FYR2 Single-Dumbbell Triceps Extension,,Strength Training,Triceps,Dumbbell,Intermediate,,
2820,30 Arms Overhead Dumbbell Triceps Extension,,Strength Training,Triceps,Dumbbell,Intermediate,,
2821,30 Arms Dumbbell Skullcrusher,,Strength Training,Triceps,Dumbbell,Intermediate,,
2822,30 Arms Dumbbell Kick-Back,,Strength Training,Triceps,Dumbbell,Intermediate,,
2823,30 Arms BFR Dumbbell Kick-Back,,Strength Training,Triceps,Dumbbell,Intermediate,,
2824,Dumbbell saw triceps skullcrusher,"Skullcrusher z hantli, który Skullcrusher Triceps to odmiana klasycznego ćwiczeń Triceps, która od dziesięcioleci jest podstawą kulturystów.Łączy hantlerz z hantle z prasą ramion hantli.Zazwyczaj wykonuje się to dla umiarkowanych do wysokich powtórzeń, takich jak 8-12 powtórzeń na zestaw lub więcej, w ramach treningu skoncentrowanego na górnej części lub ramieniu.",Strength Training,Triceps,Dumbbell,Intermediate,,
2825,Chain Handle Extension,,Strength Training,Triceps,Other,Beginner,8.3,Average
2826,Sled Overhead Triceps Extension,,Strength Training,Triceps,Other,Beginner,0.0,
2827,Body Triceps Press Using Flat Bench,"Presja Triceps w wadze ciała to ruch ramion, który obejmuje wykonanie napowietrznych pras w pozycji skierowanej na maszynie Smitha lub innego podniesionego paska.Jest to zaskakująco trudny ruch, który wbija wszystkie trzy głowy triceps i można go łatwo skalować w górę lub w dół w trudnej sytuacji, przesuwając pręt.",Strength Training,Triceps,Other,Intermediate,0.0,
2828,Suspended Triceps Press,,Strength Training,Triceps,Other,Beginner,0.0,Average
2829,Seated triceps push-down,"Siedzący pchnięcie triceps to ćwiczenie triceps, które jest wykonywane z przywiązaniem liny.Pozycja siedząca pomaga wyeliminować stosowanie pędu.Zazwyczaj wykonuje się to dla umiarkowanych do wysokich powtórzeń w ramach części treningu skoncentrowanego na ramieniu.",Strength Training,Triceps,Other,Intermediate,,
2830,Machine triceps extension-,"Rozszerzenie maszyn Triceps jest popularnym ćwiczeniem do budowania wielkości i siły w mięśniach Triceps.Przybliża ruch czaszki swobodnej, ale wykorzystuje wybitną maszynę do stosu ciężarowego lub obciążonego płytką.Rozszerzenia Triceps Machine są często wykonywane dla umiarkowanych do wysokich powtórzeń, takich jak 8-12 powtórzeń na zestaw lub więcej, w ramach części treningu skoncentrowanego na górnej części lub ramieniu.",Strength Training,Triceps,Other,Intermediate,,
2831,Holman Overhead Weighted Triceps Press,,Strength Training,Triceps,Other,Intermediate,,
2832,30 Arms Weighted Triceps Dip,,Strength Training,Triceps,Other,Intermediate,,
2833,Cable V-bar push-down,"Push-Down Cable V-Bar to popularne ćwiczenie siłowni do celowania w triceps.Wykorzystuje kątowy pręt, który może pozwolić ci bardziej wygodnie poruszać ciężarami niż prosty pasek lub lina.Zazwyczaj wykonuje się to dla umiarkowanych do wysokich powtórzeń, takich jak 8-12 powtórzeń lub więcej na zestaw, w ramach treningu skoncentrowanego na górnej części lub ramieniu.",Strength Training,Triceps,Cable,Intermediate,9.1,Average
2834,Reverse Grip Triceps Pushdown,"Odwrotne pchanie kabla do odwrotnego paska to zwrot popularnego pchnięcia prostego paska kabla.Różnica dotyczy tego, jak ustawiane są dłonie, trzymając pasek: dłonie skierowane do góry, a nie w dół.Ponieważ uchwyt będzie czynnikiem ograniczającym, ruch ten jest zwykle wykonywany dla umiarkowanych do wysokich powtórzeń, takich jak 8-12 powtórzeń na zestaw lub wyższy.",Strength Training,Triceps,Cable,Intermediate,9.0,Average
2835,Kneeling cable triceps extension,Wydłużenie Triceps Kneeling Triceps to ćwiczenie jednopunktowe przeznaczone do odizolowania mięśni Triceps za pomocą wysokiego pully na stosie kablowym i ławce.Można go również wykonać w wysokiej kneelingu z niskiego pully.Jest najczęściej stosowany w treningach budujących mięśnie lub treningach ramienia.,Strength Training,Triceps,Cable,Intermediate,9.0,Average
2836,Single-arm cable triceps extension,"Wydłużenie Triceps z jednoramiennymi triceps to jednoczesne ćwiczenie izolacyjne do budowania triceps.Obejmuje prowadzenie uchwytu przymocowanego do stosu kablowego nad głową do pełnego rozszerzenia.Zazwyczaj wykonuje się to dla umiarkowanych do wysokich powtórzeń, takich jak 8-12 powtórzeń na zestaw lub więcej, w ramach treningu skoncentrowanego na górnej części lub ramieniu.",Strength Training,Triceps,Cable,Intermediate,8.9,Average
2837,Dip Machine,"Maszyna zanurzenia to ćwiczenie maszynowe, które naśladuje dip triceps, ćwiczenie masy ciała wykonywane na równoległych prętach lub na stacji podciągania i zanurzenia.Najpierw atakuje triceps, ale także rozciąga i wzmacnia klatkę piersiową i ramionami.Zanurzenie się z ostrością triceps są zwykle wykonywane z pionowym tułów, kolana wygięte i skrzyżowane oraz ramiona blisko ciała.Dipy można wykonać dla niskich powtórzeń dla siły lub wyższych powtórzeń dla wzrostu mięśni.",Strength Training,Triceps,Cable,Intermediate,8.8,Average
2838,Triceps Pushdown,"Push-Down Cable V-Bar to popularne ćwiczenie siłowni do celowania w triceps.Wykorzystuje kątowy pręt, który może pozwolić ci bardziej wygodnie poruszać ciężarami niż prosty pasek lub lina.Zazwyczaj wykonuje się to dla umiarkowanych do wysokich powtórzeń, takich jak 8-12 powtórzeń lub więcej na zestaw, w ramach treningu skoncentrowanego na górnej części lub ramieniu.",Strength Training,Triceps,Cable,Intermediate,8.6,Average
2839,Low cable overhead triceps extension,"Niski kabel przedłużenie triceps jest ćwiczeniem izolacyjnym jednopunktowym do budowania triceps.Obejmuje leżenie na ławce, a następnie prowadzenie uchwytu liny do pełnego rozszerzenia.Zazwyczaj wykonuje się to dla umiarkowanych do wysokich powtórzeń, takich jak 8-12 powtórzeń na zestaw lub więcej, w ramach treningu skoncentrowanego na górnej części lub ramieniu.",Strength Training,Triceps,Cable,Intermediate,8.6,Average
2840,Lying cable triceps extension,Pokazanie leżącego kabla triceps to ćwiczenie izolacyjne wykonywane na ławce lub podłodze.Ten ruch jest zwykle wykonywany dla umiarkowanych do wysokich powtórzeń w celu oparzenia i pompy w ramach treningu skoncentrowanego na ramieniu.,Strength Training,Triceps,Cable,Intermediate,8.6,Average
2841,Low Cable Triceps Extension,,Strength Training,Triceps,Cable,Beginner,8.2,Average
2842,Cable overhead triceps extension,"Przedłużenie kabla Triceps to ćwiczenie kablowe wykonywane w pozycji siedzącej, ukierunkowane na mięśnie triceps.Podczas gdy uderza we wszystkie trzy główki triceps, pozycja górna pomaga w szczególności ukierunkować długą głowę.Pozycja siedząca pomaga wyeliminować stosowanie pędu.Zazwyczaj wykonuje się to dla umiarkowanych do wysokich powtórzeń w ramach części treningu skoncentrowanego na ramieniu.",Strength Training,Triceps,Cable,Intermediate,8.1,Average
2843,Single-arm low cable triceps extension,"Wydłużenie Triceps o niskim poziomie kabli to jedno-punktowe ćwiczenie izolacyjne do budowy triceps.Obejmuje prowadzenie uchwytu przymocowanego do stosu kablowego nad głową do pełnego rozszerzenia.Zazwyczaj wykonuje się to dla umiarkowanych do wysokich powtórzeń, takich jak 8-12 powtórzeń na zestaw lub więcej, w ramach treningu skoncentrowanego na górnej części lub ramieniu.",Strength Training,Triceps,Cable,Intermediate,8.0,Average
2844,Incline cable straight-bar triceps extension,"Wydłużenie Triceps Conline Conline proste pasek jest ćwiczeniem ramion jednopunktowego wykonywanego na ławce nachylonej.Ta położenie nachylenia oferuje doskonały rozciąganie i zakres ruchu, potencjalnie ukierunkowane na długą głowę triceps więcej niż niektóre inne ćwiczenia Triceps.Zazwyczaj wykonuje się to dla umiarkowanych do wysokich powtórzeń w ramach części treningu skoncentrowanego na ramieniu.",Strength Training,Triceps,Cable,Intermediate,7.1,Average
2845,Paul Carter Overhead Rope Triceps Extension,"Przedłużenie linii nad głową Triceps to ćwiczenie jednopunktowe skupione na triceps i stosowaniu kablowym z uchwytem liny.Pozycja górna jest ukierunkowana w szczególności na długą głowę Triceps.Wielu podnośników oszczędza ten ruch na ostatnim treningu Triceps, wykonując go dla umiarkowanych do wysokich powtórzeń, takich jak co najmniej 8-12 powtórzeń lub wyższych.",Strength Training,Triceps,Cable,Intermediate,,
2846,TBS Rope Cable Push-Down,"Push-dół linowania kablowego jest popularnym ćwiczeniem ukierunkowanym na mięśnie triceps.Łatwo się nauczyć i występować, co czyni go ulubionym dla wszystkich, od początkujących po zaawansowane podnośniki.Zazwyczaj wykonuje się to dla umiarkowanych do wysokich powtórzeń, takich jak 8-12 powtórzeń lub więcej na zestaw, w ramach treningu skoncentrowanego na górnej części lub ramieniu.",Strength Training,Triceps,Cable,Intermediate,,
2847,Single-arm cable triceps kick-back,"Kick-back z jednoramiennym kablem Triceps to ćwiczenie izolacyjne, które są ukierunkowane na triceps.Jest to powszechny ruch wypalenia wykonywany dla umiarkowanych do wysokich powtórzeń, takich jak 8-12 powtórzeń na zestaw lub więcej, w ramach treningu skoncentrowanego na górnej części lub ramieniu.",Strength Training,Triceps,Cable,Intermediate,,
2848,Incline cable rope triceps extension,"Rozszerzenie linii linowej na pochyłości Triceps to ćwiczenie ramion jednopunktowych wykonywane na ławce nachyleniu.Ta położenie nachylenia oferuje doskonały rozciąganie i zakres ruchu, potencjalnie ukierunkowane na długą głowę triceps więcej niż niektóre inne ćwiczenia Triceps.Zazwyczaj wykonuje się to dla umiarkowanych do wysokich powtórzeń w ramach części treningu skoncentrowanego na ramieniu.",Strength Training,Triceps,Cable,Intermediate,,
2849,Reverse-grip cable straight-bar push-down,"Odwrotne pchanie kabla do odwrotnego paska to zwrot popularnego pchnięcia prostego paska kabla.Różnica dotyczy tego, jak ustawiane są dłonie, trzymając pasek: dłonie skierowane do góry, a nie w dół.Ponieważ uchwyt będzie czynnikiem ograniczającym, ruch ten jest zwykle wykonywany dla umiarkowanych do wysokich powtórzeń, takich jak 8-12 powtórzeń na zestaw lub wyższy.",Strength Training,Triceps,Cable,Intermediate,,
2850,Kneeling Cable Triceps Extension - Gethin Variation,"Wydłużenie Triceps Kneeling Triceps jest ćwiczeniem jednopunktowym przeznaczonym do odizolowania mięśni Triceps, za pomocą wysokiego pully na stosie kablowym i ławce.Można go również wykonać w wysokiej kneelingu z niskiego pully.Najczęściej stosuje się go w budowlaniu mięśni lub ogólnych treningach zbrojeniowych.",Strength Training,Triceps,Cable,Intermediate,,
2851,Cable Overhead Triceps Extension - Gethin Variation,Przedłużenie Triceps to ćwiczenie izolacyjne wykonywane z kablem.Zazwyczaj wykonuje się to dla umiarkowanych do wysokich powtórzeń w ramach części treningu skoncentrowanego na ramieniu.,Strength Training,Triceps,Cable,Intermediate,,
2852,Reverse-Grip Cable Triceps Pushdown - Gethin Variation,"Odwrotne pchanie kabla do odwrotnego paska to zwrot popularnego pchnięcia prostego paska kabla.Różnica dotyczy tego, jak ustawiane są dłonie, trzymając pasek: dłonie skierowane do góry, a nie w dół.Ponieważ uchwyt będzie czynnikiem ograniczającym, ruch ten jest zwykle wykonywany dla umiarkowanych do wysokich powtórzeń, takich jak 8-12 powtórzeń na zestaw lub wyższy.",Strength Training,Triceps,Cable,Intermediate,,
2853,Cable Triceps Extension - Gethin Variation,"Push-dół linowania kablowego jest popularnym ćwiczeniem ukierunkowanym na mięśnie triceps.Łatwo się nauczyć i występować, co czyni go ulubionym dla wszystkich, od początkujących po zaawansowane podnośniki.Zazwyczaj wykonuje się to dla umiarkowanych do wysokich powtórzeń, takich jak 8-12 powtórzeń lub więcej na zestaw, w ramach treningu skoncentrowanego na górnym ciele lub ramieniu. Push-dół linowania kablowego jest popularnym ćwiczeniem ukierunkowanym na mięśnie triceps.Łatwo się nauczyć i występować, co czyni go ulubionym dla wszystkich, od początkujących po zaawansowane podnośniki.Zazwyczaj wykonuje się to dla umiarkowanych do wysokich powtórzeń, takich jak 8-12 powtórzeń lub więcej na zestaw, w ramach treningu skoncentrowanego na górnej części lub ramieniu.",Strength Training,Triceps,Cable,Intermediate,,
2854,Single-arm incline triceps extension,Rozszerzenie tricepsów z pochyłościami jednoramiennymi jest ćwiczeniem hantli skierowanym do triceps.Kąt nachylenia pomaga w szczególności ukierunkować długą głowę triceps.Ćwiczenie to jest zwykle wykonywane dla umiarkowanych do wysokich powtórzeń w ramach treningu skoncentrowanego na górnym ciele lub ramieniem.,Strength Training,Triceps,Cable,Intermediate,,
2855,Triceps Overhead Extension with Rope - Gethin Variation,Przedłużenie Triceps to ćwiczenie izolacyjne wykonywane z kablem.Zazwyczaj wykonuje się to dla umiarkowanych do wysokich powtórzeń w ramach części treningu skoncentrowanego na ramieniu.,Strength Training,Triceps,Cable,Intermediate,,
2856,Cable rope push-down,"Push-dół linowania kablowego jest popularnym ćwiczeniem ukierunkowanym na mięśnie triceps.Łatwo się nauczyć i występować, co czyni go ulubionym dla wszystkich, od początkujących po zaawansowane podnośniki.Zazwyczaj wykonuje się to dla umiarkowanych do wysokich powtórzeń, takich jak 8-12 powtórzeń lub więcej na zestaw, w ramach treningu skoncentrowanego na górnej części lub ramieniu.",Strength Training,Triceps,Cable,Intermediate,,
2857,Cable straight-bar push-down,"Push-Down Cable proste pasek jest popularnym ćwiczeniem siłowni do celowania w triceps.Zazwyczaj wykonuje się to dla umiarkowanych do wysokich powtórzeń, takich jak 8-12 powtórzeń lub więcej na zestaw, w ramach treningu skoncentrowanego na górnej części lub ramieniu.",Strength Training,Triceps,Cable,Intermediate,,
2858,Straight-arm bar pull-down,"Wyprowadzony pręt z prostego ramienia to odmiana wyciągnięcia prostego ramienia, wykonanego za pomocą komputera z stosem kablowym.Można go wykonać w atletycznej pozycji pionowej, albo lekko zgięte.Zarówno rozciąga się, jak i kurczy mięśnie LATS (Latissimus dorsi), a także zapewnia dodatkową aktywację innych mięśni górnej części pleców i rdzenia.Ponieważ triceps są również izometrycznie zaangażowane w ruch, zwykle wykonuje się go dla wyższych powtórzeń, takich jak 8-15 powtórzeń lub więcej.",Strength Training,Triceps,Cable,Intermediate,,
2859,AM Rope Triceps Pushdown,"Push-dół linowania kablowego jest popularnym ćwiczeniem ukierunkowanym na mięśnie triceps.Łatwo się nauczyć i występować, co czyni go ulubionym dla wszystkich, od początkujących po zaawansowane podnośniki.Zazwyczaj wykonuje się to dla umiarkowanych do wysokich powtórzeń, takich jak 8-12 powtórzeń lub więcej na zestaw, w ramach treningu skoncentrowanego na górnej części lub ramieniu.",Strength Training,Triceps,Cable,Intermediate,,
2860,AM Bar Triceps Push-Down,"Push-Down Cable proste pasek jest popularnym ćwiczeniem siłowni do celowania w triceps.Zazwyczaj wykonuje się to dla umiarkowanych do wysokich powtórzeń, takich jak 8-12 powtórzeń lub więcej na zestaw, w ramach treningu skoncentrowanego na górnej części lub ramieniu.",Strength Training,Triceps,Cable,Intermediate,,
2861,Rope overhead triceps extension,"Przedłużenie linowania Triceps to ćwiczenie jednopunktowe skupione na tricepsach, które wykorzystują stos kablowy z uchwytem liny.Pozycja górna jest ukierunkowana w szczególności na długą głowę Triceps.Wielu podnośników oszczędza ten ruch na ostatnim treningu Triceps, wykonując go dla umiarkowanych do wysokich powtórzeń, takich jak 8-12 powtórzeń lub więcej na zestaw.",Strength Training,Triceps,Cable,Intermediate,,
2862,UP Rope Push-down,"Push-dół linowania kablowego jest popularnym ćwiczeniem ukierunkowanym na mięśnie triceps.Łatwo się nauczyć i występować, co czyni go ulubionym dla wszystkich, od początkujących po zaawansowane podnośniki.Zazwyczaj wykonuje się to dla umiarkowanych do wysokich powtórzeń, takich jak 8-12 powtórzeń lub więcej na zestaw, w ramach treningu skoncentrowanego na górnej części lub ramieniu.",Strength Training,Triceps,Cable,Intermediate,,
2863,UP Triceps Extension Straight-Bar Push-Down,"Push-Down Cable proste pasek jest popularnym ćwiczeniem siłowni do celowania w triceps.Zazwyczaj wykonuje się to dla umiarkowanych do wysokich powtórzeń, takich jak 8-12 powtórzeń lub więcej na zestaw, w ramach treningu skoncentrowanego na górnej części lub ramieniu.",Strength Training,Triceps,Cable,Intermediate,,
2864,LD Cable One-Arm Upright Row,,Strength Training,Triceps,Cable,Intermediate,,
2865,30 Arms Underhand Cable Straight-Bar Push-Down,,Strength Training,Triceps,Cable,Intermediate,,
2866,30 Arms Single-Arm Reverse-Grip Cable Push-Down,,Strength Training,Triceps,Cable,Intermediate,,
2867,30 Arms Cable V-Bar Push-Down,,Strength Training,Triceps,Cable,Intermediate,,
2868,30 Arms Cable Straight-Bar Push-Down,,Strength Training,Triceps,Cable,Intermediate,,
2869,30 Arms Cable Rope Push-Down,,Strength Training,Triceps,Cable,Intermediate,,
2870,30 Arms Cable Rope Overhead Triceps Extension,,Strength Training,Triceps,Cable,Intermediate,,
2871,BFR underhand straight-bar push-down,"Ograniczenie przepływu krwi (BFR) Podstępne wypychanie paska to ruch ramion, który buduje rozmiar i wytrzymałość tricepsów przy użyciu stosu kablowego, uchwytu prostego paska i pasm ograniczenia przepływu krwi.Jest popularny w treningach ramienia „pompy” o wysokim powrocie.Paski powinny być umieszczone jak najwyższe na ramionach, przy ucisku nie większym niż 8 w skali 10. Większość treningów BFR zaleca stosowanie znacznie lżejszej wagi niż zwykle, być może nawet 25-50 procent normalnegoWaga robocza.",Strength Training,Triceps,Cable,Intermediate,,
2872,BFR overhand straight-bar push-down,"Ograniczenie przepływu krwi (BFR) przepychanie prostego paska to ruch ramienia, który buduje rozmiar i wytrzymałość tricepsów za pomocą stosu kablowego, uchwytu baru prostego i pasm ograniczenia przepływu krwi.Jest popularny w treningach ramienia „pompy” o wysokim powrocie.Paski powinny być umieszczone jak najwyższe na ramionach, przy ucisku nie większym niż 8 w skali 10. Większość treningów BFR zaleca stosowanie znacznie lżejszej wagi niż zwykle, być może nawet 25-50 procent normalnegoWaga robocza.",Strength Training,Triceps,Cable,Intermediate,,
2873,BFR cable rope push-down,"Przepychanie linii kablowej ograniczenia przepływu krwi (BFR) to ruch ramienia, który buduje rozmiar i wytrzymałość tricepsów za pomocą stosu kablowego, uchwytu liny i pasm ograniczenia przepływu krwi.Jest popularny w treningach ramienia „pompy” o wysokim powrocie.Paski powinny być umieszczone jak najwyższe na ramionach, przy ucisku nie większym niż 8 w skali 10. Większość treningów BFR zaleca stosowanie znacznie lżejszej wagi niż zwykle, być może nawet 25-50 procent normalnegoWaga robocza.",Strength Training,Triceps,Cable,Intermediate,,
2874,Triceps Pressdown,,Strength Training,Triceps,Cable,Intermediate,,
2875,Machine Triceps Extension,Rozszerzenie maszyn Triceps jest ćwiczeniem izolacyjnym ukierunkowanym na mięśnie tricep.,Strength Training,Triceps,Machine,Intermediate,7.4,Average
2876,Smith machine end-grip shoulder press,"Smith Machine Rame Brip Rame Prasa to ćwiczenie maszynowe ukierunkowane na mięśnie barkowe.Jest wykonywany, trzymając koniec paska w maszynie Smith na zewnątrz stojaka.Zazwyczaj wykonuje się to dla umiarkowanych do wysokich powtórzeń, takich jak 8-12 powtórzeń na zestaw lub więcej, w ramach treningu skoncentrowanego na górnym ciele lub ramion.",Strength Training,Triceps,Machine,Intermediate,,
2877,Assist machine triceps push-down,"Push-Down Assist Machine Triceps to ćwiczenie skoncentrowane na tricepsach, które jest wykonywane na stacji podciągnięcia lub dipu.Jest wykonywany przez naciskanie w dół na podkładce kolan maszyny, w stosunku do odporności na wadze.Przybliża ruch linowania linowego kabla Triceps, ale z otwartymi rękami.Ta różnica jest często wykonywana dla umiarkowanych do wysokich powtórzeń, takich jak 8-12 powtórzeń na zestaw lub więcej, w ramach treningu skoncentrowanego na górnym ciele lub ramieniu.",Strength Training,Triceps,Machine,Intermediate,,
2878,Smith machine close-grip bench press-,"Smith Machine Close Bench Bench to ruch maszynowy ukierunkowany na klatkę piersiową i triceps.Smith Machine naśladuje sztangę, ale zapewnia większą stabilność.Ten ruch można zaprogramować w niskich powtórzeniach pod kątem wytrzymałości siły lub wyższej dla wytrzymałości mięśni i siły.Często wykonuje się to dla umiarkowanych do wysokich powtórzeń, takich jak 8-12 powtórzeń na zestaw lub więcej, w ramach treningu klatki piersiowej, ramion lub górnego ciała.",Strength Training,Triceps,Machine,Intermediate,,
2879,Machine Triceps Extension - Gethin Variation,Rozszerzenie maszyn Triceps jest ćwiczeniem izolacyjnym ukierunkowanym na mięśnie tricep.,Strength Training,Triceps,Machine,Intermediate,,
2880,Overhead Machine Triceps Extension - Gethin Variation,Rozszerzenie maszyn Triceps jest ćwiczeniem izolacyjnym ukierunkowanym na mięśnie tricep.,Strength Training,Triceps,Machine,Intermediate,,
2881,30 Arms Machine Triceps Dip,,Strength Training,Triceps,Machine,Intermediate,,
2882,Triceps dip,"Dip Triceps jest ćwiczeniem masy ciała wykonywanym na równoległych prętach lub na stacji podciągania i zanurzenia.Najpierw atakuje triceps, ale także rozciąga i wzmacnia klatkę piersiową i ramionami.Zanurzenie się z ostrością triceps są zwykle wykonywane z pionowym tułów, kolana wygięte i skrzyżowane oraz ramiona blisko ciała.Dipy można wykonać dla niskich powtórzeń dla siły lub wyższych powtórzeń dla wzrostu mięśni.",Strength Training,Triceps,Body Only,Intermediate,9.4,Average
2883,Weighted bench dip,Ważony zanurzenie to wysoce skuteczne ćwiczenie do budowania triceps.Odporność pochodzi z kombinacji masy ciała i dodatkowej masy - zwykle płyty wagowej.,Strength Training,Triceps,Body Only,Intermediate,9.1,Average
2884,Push-Ups - Close Triceps Position,"Bliski push-up to ćwiczenie górnego ciała, które są ukierunkowane na klatkę piersiową, triceps i ramiona.Pozycja bliskiej ręki kładzie większy nacisk na triceps.",Strength Training,Triceps,Body Only,Intermediate,9.0,Average
2885,Parallel Bar Dip,"Dip Triceps jest ćwiczeniem masy ciała wykonywanym na równoległych prętach lub na stacji podciągania i zanurzenia.Najpierw atakuje triceps, ale także rozciąga i wzmacnia klatkę piersiową i ramionami.Zanurzenie się z ostrością triceps są zwykle wykonywane z pionowym tułów, kolana wygięte i skrzyżowane oraz ramiona blisko ciała.Dipy można wykonać dla niskich powtórzeń dla siły lub wyższych powtórzeń dla wzrostu mięśni.",Strength Training,Triceps,Body Only,Intermediate,8.8,Average
2886,Ring dip,"Pierścieni to ćwiczenie siły górnej ciała wykonywane na pierścieniach gimnastycznych.Kieruje się na mięśnie klatki piersiowej, tricepsów i ramion, ale jest również dość opodatkowane do rdzenia.Jest to ogólnie uważane za trudniejsze niż dipy wykonywane na równoległych słupkach.Jest to powszechne w treningu gimnastycznym i treningach CrossFit, ale jest również prostym sposobem na zwiększenie trudności dla każdego sportowca.",Strength Training,Triceps,Body Only,Intermediate,8.8,Average
2887,Feet-elevated bench dip,"Ułożony stóp dip na ławce jest popularnym ćwiczeniem w masie ciała do budowy tricepsów, klatki piersiowej i ramion.Podniesienie stóp wprowadza do ruchu więcej klatki piersiowej i ramion, ale pozwala również na dodatkową wagę na biodrach.Jeśli niepokoją te ramiona, spróbuj wykonać je między dwiema ławkami lub krzesłami, a nie na jednej ławce.",Strength Training,Triceps,Body Only,Intermediate,8.7,Average
2888,Bodyweight triceps press,"Presja Triceps w wadze ciała to ruch ramion, który obejmuje wykonanie napowietrznych pras w pozycji skierowanej na maszynie Smitha lub innego podniesionego paska.Jest to zaskakująco trudny ruch, który wbija wszystkie trzy główki triceps, a trudność można łatwo skalować w górę lub w dół, przesuwając pręt.",Strength Training,Triceps,Body Only,Intermediate,8.2,Average
2889,Standing Towel Triceps Extension,,Strength Training,Triceps,Body Only,Beginner,6.5,Average
2890,Tricep Side Stretch,,Mobility and Stretching,Triceps,Body Only,Intermediate,5.5,Average
2891,Triceps Stretch,,Mobility and Stretching,Triceps,Body Only,Intermediate,4.8,Average
2892,Overhead Triceps,,Mobility and Stretching,Triceps,Body Only,Beginner,3.3,Average
2893,Russian Bar Dip,"Rosyjski dip to ćwiczenie budowlane klatki piersiowej, które przypomina zanurzenie klatki piersiowej, choć z akcentem, który sprawia, że ​​jest jeszcze trudniejszy i bardziej opodatkowany.",Strength Training,Triceps,Body Only,Intermediate,0.0,
2894,Straight-arm plank with kick-back,"Zaraz ramion z kopaczem jest ruch hybrydowy, który jednocześnie trenuje mięśnie brzuszne i triceps.Może zająć się wieloma grupami mięśni w efektywnym czasie budowaniu mięśni lub treningu w stylu obwodów, jednocześnie zapewniając dodatkowe wyzwanie sercowo-naczyniowe.",Strength Training,Triceps,Body Only,Intermediate,0.0,Average
2895,TBS Dip,"Dip Triceps jest maszynową wersją ćwiczenia, które wielu podnośników wykonuje przy użyciu równoległych prętów lub dwóch równoległych ławek.Maszyna znajduje się w wielu siłowniach.",Strength Training,Triceps,Body Only,Intermediate,,
2896,Bench Dips - Gethin Variation,"Dip na ławce jest wysoce skutecznym ćwiczeniem do budowania triceps.Opór pochodzi z samego ciała, a nie na wadze.",Strength Training,Triceps,Body Only,Intermediate,,
2897,Banded dip,"Pasowane zanurzenie to ćwiczenie masy ciała ukierunkowane na klatkę piersiową, triceps i ramiona.Ta odmiana wykorzystuje pasmo ćwiczeń, aby wspierać podnośnik w dolnej części ruchu.Ułatwia to wypychanie z dziury i może walczyć z bólem barku, który niektórzy podnośniki odczuwają, gdy wykonują dipy.Góra ruchu otrzymuje mniej pomocy od zespołu, powodując większy nacisk na triceps.",Strength Training,Triceps,Body Only,Intermediate,,
2898,Bench Dip - Gethin Variation,"Dip na ławce jest wysoce skutecznym ćwiczeniem do budowania triceps.Opór pochodzi z samego ciała, a nie na wadze.",Strength Training,Triceps,Body Only,Intermediate,,
2899,HM Chair Dip,,Strength Training,Triceps,Body Only,Intermediate,,
2900,Bench dip,"Dip na ławce jest wysoce skutecznym ćwiczeniem do budowania triceps.Opór pochodzi z samego ciała, a nie dodatkowej wagi.",Strength Training,Triceps,Body Only,Intermediate,,
2901,Holman Step Triceps Dip,,Strength Training,Triceps,Body Only,Intermediate,,
2902,Holman Chair Triceps Dip,,Strength Training,Triceps,Body Only,Intermediate,,
2903,Bodyweight Triceps Rope Press,,Strength Training,Triceps,Body Only,Intermediate,,
2904,Holman Heavy Triceps Overhead Press,,Strength Training,Triceps,Body Only,Intermediate,,
2905,Holman Couch Triceps Dip,,Strength Training,Triceps,Body Only,Intermediate,,
2906,FYR2 Triceps Push-Up,,Strength Training,Triceps,Body Only,Intermediate,,
2907,30 Arms Triceps Dip,,Strength Training,Triceps,Body Only,Intermediate,,
2908,30 Arms Close-Grip Push-Up,,Strength Training,Triceps,Body Only,Intermediate,,
2909,30 Arms BFR Close-Grip Push-Up,,Strength Training,Triceps,Body Only,Intermediate,,
2910,Supine Chest Throw,,HIIT,Triceps,Medicine Ball,Beginner,8.2,Average
2911,Decline EZ-bar skullcrusher,"Spadek Skullcrusher Ez-Bar to popularne ćwiczenie ukierunkowane na mięśnie triceps.Kąt ławki tworzy większy zakres ruchu niż płaska ławka, a także celowanie w boczną głowę mięśnia.Ćwiczenie to jest zwykle wykonywane dla umiarkowanych do wysokich powtórzeń w ramach treningu skoncentrowanego na górnym ciele lub ramieniem.",Strength Training,Triceps,E-Z Curl Bar,Intermediate,9.3,Average
2912,EZ-Bar Skullcrusher,"Skullcrusher EZ-Bar to popularne ćwiczenie skierowane do mięśni Triceps.EZ-bar jest używany częściej niż prosty pasek.Co do nazwy, jest to najgorszy scenariusz.Bar powinien faktycznie zejść za głowę.Zazwyczaj wykonuje się to dla umiarkowanych do wysokich powtórzeń w ramach treningu skoncentrowanego na górnej części ciała lub ramion.Nie musisz ścigać 1RM w tym ruchu!",Strength Training,Triceps,E-Z Curl Bar,Intermediate,9.0,Average
2913,EZ-bar skullcrusher-,"Skullcrusher EZ-Bar to popularne ćwiczenie skierowane do mięśni Triceps.W przeciwieństwie do tego, co sugeruje nazwa, pasek powinien faktycznie spaść za głowę.Zazwyczaj wykonuje się to dla umiarkowanych do wysokich powtórzeń w ramach treningu skoncentrowanego na górnym ciele lub ramion.",Strength Training,Triceps,E-Z Curl Bar,Intermediate,8.1,Average
2914,Lying Close-Grip Barbell Triceps Press To Chin,,Strength Training,Triceps,E-Z Curl Bar,Beginner,8.1,Average
2915,EZ-Bar Skullcrusher - Gethin Variation,"Skullcrusher EZ-Bar to popularne ćwiczenie skierowane do mięśni Triceps.EZ-bar jest używany częściej niż prosty pasek.Co do nazwy, jest to najgorszy scenariusz.Bar powinien faktycznie zejść za głowę.Zazwyczaj wykonuje się to dla umiarkowanych do wysokich powtórzeń w ramach treningu skoncentrowanego na górnej części ciała lub ramion.Nie musisz ścigać 1RM w tym ruchu!",Strength Training,Triceps,E-Z Curl Bar,Intermediate,,
2916,TBS Skullcrusher,"Skullcrusher EZ-Bar to popularne ćwiczenie skierowane do mięśni Triceps.EZ-bar jest używany częściej niż prosty pasek.Co do nazwy, jest to najgorszy scenariusz.Bar powinien faktycznie zejść za głowę.Zazwyczaj wykonuje się to dla umiarkowanych do wysokich powtórzeń w ramach treningu skoncentrowanego na górnej części ciała lub ramion.Nie musisz ścigać 1RM w tym ruchu!",Strength Training,Triceps,E-Z Curl Bar,Intermediate,,
2917,30 Arms EZ-Bar Skullcrusher,,Strength Training,Triceps,E-Z Curl Bar,Intermediate,,
